{
  "type": "FeatureCollection",
  "features": [
    {
      "type": "Feature",
      "geometry": {
        "type": "Point",
        "coordinates": [
          53.688,
          32.4279
        ]
      },
      "properties": {
        "id_hash": "4ec44e08dc2c6c50d719d60c12a30d3472533c6de5b686fab22a6f16f6a1cb57",
        "title": "Iran-backed Houthis join war with attack against Israel",
        "summary": "There are fears the Iranian proxy may attack shipping in the Red Sea, adding to global economic woes.",
        "link": "https://www.bbc.com/news/articles/cd6l5n8jv4yo?at_medium=RSS&at_campaign=rss",
        "severity": 4,
        "scraped_at": "2026-03-28T20:17:07.615157+00:00"
      }
    },
    {
      "type": "Feature",
      "geometry": {
        "type": "Point",
        "coordinates": [
          -98.5795,
          39.8283
        ]
      },
      "properties": {
        "id_hash": "17be66cb053253950791b6d07de103d733d3e40b32de64bf9e1ffd4f723d5f17",
        "title": "Iran war splits older and younger conservatives - as pressure builds for Trump to find exit ramp",
        "summary": "More than a thousand miles from Washington, the conflict was a dominant topic of conversation at CPAC.",
        "link": "https://www.bbc.com/news/articles/cjd8e4px12ro?at_medium=RSS&at_campaign=rss",
        "severity": 2,
        "scraped_at": "2026-03-28T20:17:07.615239+00:00"
      }
    },
    {
      "type": "Feature",
      "geometry": {
        "type": "Point",
        "coordinates": [
          53.688,
          32.4279
        ]
      },
      "properties": {
        "id_hash": "c8a8aae912c1bfa5505d02d6be82c26240c1b41be770a92d3e070d0133fe7ac1",
        "title": "Gaza peace doubts deepen as attention shifts to Iran",
        "summary": "With the world focused on the Iran war, there is increasing uncertainty about what happens next for Gaza.",
        "link": "https://www.bbc.com/news/articles/crr10v5p7lgo?at_medium=RSS&at_campaign=rss",
        "severity": 2,
        "scraped_at": "2026-03-28T20:17:07.615381+00:00"
      }
    },
    {
      "type": "Feature",
      "geometry": {
        "type": "Point",
        "coordinates": [
          34.8516,
          31.0461
        ]
      },
      "properties": {
        "id_hash": "c99318a1baa589073d8582daa49ebea78d0071477c48f9fb017ea2024058048c",
        "title": "Tears and defiance as Lebanese family bury child, 11, killed in Israeli strike",
        "summary": "Jawad Younes and his uncle Ragheb were laid to rest on Saturday after their family compound was hit a day earlier.",
        "link": "https://www.bbc.com/news/articles/c62lx8ek9x9o?at_medium=RSS&at_campaign=rss",
        "severity": 4,
        "scraped_at": "2026-03-28T20:17:07.615414+00:00"
      }
    },
    {
      "type": "Feature",
      "geometry": {
        "type": "Point",
        "coordinates": [
          34.8516,
          31.0461
        ]
      },
      "properties": {
        "id_hash": "3536308af78b627e00520fd134b6013f82d350559e78756ba9738dbf2035c250",
        "title": "Three Lebanese journalists killed in Israeli strike, say broadcasters",
        "summary": "The Israeli military confirms it killed Ali Shoeib from the Hezbollah-affiliated Al Manar TV.",
        "link": "https://www.bbc.com/news/articles/cgme1j70294o?at_medium=RSS&at_campaign=rss",
        "severity": 4,
        "scraped_at": "2026-03-28T20:17:07.615498+00:00"
      }
    },
    {
      "type": "Feature",
      "geometry": {
        "type": "Point",
        "coordinates": [
          53.688,
          32.4279
        ]
      },
      "properties": {
        "id_hash": "4378c26abf411ef7ddf9e3819899141b68096d7306ed62622d1252f292caa22f",
        "title": "Rubio says US expects to finish Iran war 'in next couple of weeks'",
        "summary": "Marco Rubio said US allies were open to helping escort ships through the Strait of Hormuz, which Iran has closed and threatened to charge fees for.",
        "link": "https://www.bbc.com/news/articles/c1l9vz064nqo?at_medium=RSS&at_campaign=rss",
        "severity": 2,
        "scraped_at": "2026-03-28T20:17:07.615546+00:00"
      }
    },
    {
      "type": "Feature",
      "geometry": {
        "type": "Point",
        "coordinates": [
          105.3188,
          61.524
        ]
      },
      "properties": {
        "id_hash": "fddb51315f124e35ad91e59fa9580d64a86782657e66d908081a3dd9969ff9eb",
        "title": "Belarus leader gifts rifle to North Korea's Kim as they sign friendship treaty",
        "summary": "Two key supporters of Russia's war in Ukraine close ranks as Alexander Lukashenko visits Pyongyang.",
        "link": "https://www.bbc.com/news/articles/c8957dxjvkxo?at_medium=RSS&at_campaign=rss",
        "severity": 2,
        "scraped_at": "2026-03-28T20:17:07.615655+00:00"
      }
    },
    {
      "type": "Feature",
      "geometry": {
        "type": "Point",
        "coordinates": [
          53.688,
          32.4279
        ]
      },
      "properties": {
        "id_hash": "ef49ef17d662b71fe00f02e704f5bf9548b81856b82b49355f6151b88fea3601",
        "title": "Palestinian man killed as death toll from West Bank settler violence climbs",
        "summary": "Mohammad al-Malhi is the seventh Palestinian killed by a settler in a surge of violence since the start of the war with Iran.",
        "link": "https://www.bbc.com/news/articles/c62l7l99z9do?at_medium=RSS&at_campaign=rss",
        "severity": 4,
        "scraped_at": "2026-03-28T20:17:07.615704+00:00"
      }
    },
    {
      "type": "Feature",
      "geometry": {
        "type": "Point",
        "coordinates": [
          53.688,
          32.4279
        ]
      },
      "properties": {
        "id_hash": "79439a5d209186de0ecd8ba3b8ed0fbc11d5e9497dd55ce3b435a93134a16ab9",
        "title": "UN human rights chief calls on US to conclude probe into Iran school strike",
        "summary": "The strike - which killed at least 168 people, mostly children - \"evoked a visceral horror\", Volker Türk said.",
        "link": "https://www.bbc.com/news/articles/c75kzk3lgl5o?at_medium=RSS&at_campaign=rss",
        "severity": 4,
        "scraped_at": "2026-03-28T20:17:07.615754+00:00"
      }
    },
    {
      "type": "Feature",
      "geometry": {
        "type": "Point",
        "coordinates": [
          -1.8692099,
          52.4577754
        ]
      },
      "properties": {
        "id_hash": "6fe574c7b9a33847a33c44236e7ac940d74985b1bee24141b3efeda794cc36dc",
        "title": "'The gravest crime against humanity': What does the UN vote on slavery mean?",
        "summary": "African and Caribbean nations want countries which benefited from slavery to pay compensation but it will not be straightforward.",
        "link": "https://www.bbc.com/news/articles/c0rxqng5pyno?at_medium=RSS&at_campaign=rss",
        "severity": 2,
        "scraped_at": "2026-03-28T20:17:08.695912+00:00"
      }
    },
    {
      "type": "Feature",
      "geometry": {
        "type": "Point",
        "coordinates": [
          105.3188,
          61.524
        ]
      },
      "properties": {
        "id_hash": "c298f7113831926764a7b1e78374163a0ae88af0a9bde2ef079e5c4e849fe6c6",
        "title": "From jammed broadcasts to a blocked website: BBC Russian's 80 years of defiance",
        "summary": "For half a century, BBC Russian had to fend off jammers. Now its website is blocked, but millions still read it.",
        "link": "https://www.bbc.com/news/articles/c05dlnd3635o?at_medium=RSS&at_campaign=rss",
        "severity": 0,
        "scraped_at": "2026-03-28T20:17:08.696058+00:00"
      }
    },
    {
      "type": "Feature",
      "geometry": {
        "type": "Point",
        "coordinates": [
          53.688,
          32.4279
        ]
      },
      "properties": {
        "id_hash": "402173746aeb0cafa491fb2ac3dd0b4435d4768c8bb59f1860d80bc87a7717e5",
        "title": "Is Trump's pause on attacking Iranian energy for diplomacy or an escalation?",
        "summary": "The US president's commitment to deadlines is fluid but he uses them for a purpose, writes the BBC's James Landale.",
        "link": "https://www.bbc.com/news/articles/c2evg2m3ye2o?at_medium=RSS&at_campaign=rss",
        "severity": 2,
        "scraped_at": "2026-03-28T20:17:08.696178+00:00"
      }
    },
    {
      "type": "Feature",
      "geometry": {
        "type": "Point",
        "coordinates": [
          53.688,
          32.4279
        ]
      },
      "properties": {
        "id_hash": "a622d8855606395280131790d3bdddaa13cd97687d578dd7e749868b1bf40eaf",
        "title": "'My daughter is under the rubble': Inside Tehran as civilian toll of strikes rises",
        "summary": "One month since the US and Israel launched strikes on Iran, Tehran residents tell the BBC their lives have been devastated.",
        "link": "https://www.bbc.com/news/articles/cn0w1qxzd4xo?at_medium=RSS&at_campaign=rss",
        "severity": 2,
        "scraped_at": "2026-03-28T20:17:08.696213+00:00"
      }
    },
    {
      "type": "Feature",
      "geometry": {
        "type": "Point",
        "coordinates": [
          53.688,
          32.4279
        ]
      },
      "properties": {
        "id_hash": "54e41b9abbb5b3e3a0cfef4998b739fcdf9e42f493dc89813e5ba2afeb0390de",
        "title": "Three charts that are warning signs flashing for Trump on Iran war",
        "summary": "As gas prices rise, Trump's approval rating is heading into politically dangerous territory.",
        "link": "https://www.bbc.com/news/articles/c3w384px52no?at_medium=RSS&at_campaign=rss",
        "severity": 2,
        "scraped_at": "2026-03-28T20:17:08.696243+00:00"
      }
    },
    {
      "type": "Feature",
      "geometry": {
        "type": "Point",
        "coordinates": [
          105.3188,
          61.524
        ]
      },
      "properties": {
        "id_hash": "4fc17ac0b41a66892a17ad9bb06c2fc47e0b4393d7579a4fc2f20ee3aa2514aa",
        "title": "How Russia's threat has seen Germany become Europe's most important army",
        "summary": "Germany once terrorised Europe, but now Europe is welcoming a resurgent German military.",
        "link": "https://www.bbc.com/news/articles/cvge7r31989o?at_medium=RSS&at_campaign=rss",
        "severity": 0,
        "scraped_at": "2026-03-28T20:17:08.696275+00:00"
      }
    },
    {
      "type": "Feature",
      "geometry": {
        "type": "Point",
        "coordinates": [
          105.3188,
          61.524
        ]
      },
      "properties": {
        "id_hash": "86ec9e4624ca45892b389a2d8fcc7303bf5aa7585303c7305ec9813e1407880b",
        "title": "Women secretly filmed, then ridiculed and abused online",
        "summary": "Women in Kenya and Ghana tell the BBC about being approached by a Russian man who later posts videos of them without their consent.",
        "link": "https://www.bbc.com/news/articles/cy5141zyllno?at_medium=RSS&at_campaign=rss",
        "severity": 0,
        "scraped_at": "2026-03-28T20:17:08.696309+00:00"
      }
    },
    {
      "type": "Feature",
      "geometry": {
        "type": "Point",
        "coordinates": [
          5.6499,
          47.1316
        ]
      },
      "properties": {
        "id_hash": "6c56a6d826ebbc5cd8bd3816d7c83bf1d17776429a055ecccc5921e63669b41f",
        "title": "'Our home is gone': BBC speaks to displaced families in Lebanon",
        "summary": "The BBC's Hugo Bachega speaks to families in Beirut as more than a million people have been displaced in Lebanon.",
        "link": "https://www.bbc.com/news/videos/clyr530yry5o?at_medium=RSS&at_campaign=rss",
        "severity": 0,
        "scraped_at": "2026-03-28T20:17:10.112867+00:00"
      }
    },
    {
      "type": "Feature",
      "geometry": {
        "type": "Point",
        "coordinates": [
          34.8516,
          31.0461
        ]
      },
      "properties": {
        "id_hash": "0b7984976890f2d86a9a665e1a4bfa867de2324da7d7cbd44d1eb6266f9c7cd8",
        "title": "Missiles hit southern Israeli city of Eilat",
        "summary": "Israeli social media posts show a strike in the Israeli city of Eilat.",
        "link": "https://www.aljazeera.com/video/newsfeed/2026/3/28/missiles-hit-southern-israeli-city-of-eilat?traffic_source=rss",
        "severity": 2,
        "scraped_at": "2026-03-28T20:17:14.010450+00:00"
      }
    },
    {
      "type": "Feature",
      "geometry": {
        "type": "Point",
        "coordinates": [
          -98.5795,
          39.8283
        ]
      },
      "properties": {
        "id_hash": "84be0f2f1cbffa73e99e2d90cd94d2459e1976146f58cca3df4fdc081967c300",
        "title": "Hundreds of thousands march through London in stand against the far right",
        "summary": "Crowds gather in London for what organisers say is the largest anti-far-right march in British history.",
        "link": "https://www.aljazeera.com/news/2026/3/28/hundreds-of-thousands-march-through-london-in-stand-against-the-far-right?traffic_source=rss",
        "severity": 0,
        "scraped_at": "2026-03-28T20:17:14.010509+00:00"
      }
    },
    {
      "type": "Feature",
      "geometry": {
        "type": "Point",
        "coordinates": [
          53.688,
          32.4279
        ]
      },
      "properties": {
        "id_hash": "4e6e40c1cb184c6cfbba06d4e02f4c4b3d7c9aef0b878f086851498d98c98f28",
        "title": "As war rages, Iranian politicians push for exit from nuclear weapons treaty",
        "summary": "While US-Israeli attacks hit key infrastructure, hardliners demand withdrawal from Nuclear Non-Proliferation Treaty.",
        "link": "https://www.aljazeera.com/news/2026/3/28/lawmakers-push-npt-exit-as-us-israel-hit-irans-nuclear-sites-steel-plants?traffic_source=rss",
        "severity": 4,
        "scraped_at": "2026-03-28T20:17:14.010570+00:00"
      }
    },
    {
      "type": "Feature",
      "geometry": {
        "type": "Point",
        "coordinates": [
          1.8883335,
          46.603354
        ]
      },
      "properties": {
        "id_hash": "70619b5bb5aae4194ded76e68f17f2df906854a2653c8a816b25a19c3e65a225",
        "title": "France opens probe into suspected attack on Bank of America in Paris",
        "summary": "Police arrest suspect before setting off explosive device outside US bank&#039;s headquarters.",
        "link": "https://www.aljazeera.com/news/2026/3/28/france-opens-probe-into-suspected-attack-on-bank-of-america-in-paris?traffic_source=rss",
        "severity": 2,
        "scraped_at": "2026-03-28T20:17:15.604546+00:00"
      }
    },
    {
      "type": "Feature",
      "geometry": {
        "type": "Point",
        "coordinates": [
          105.3188,
          61.524
        ]
      },
      "properties": {
        "id_hash": "e6c379376ece5abc3a80c2c7126a55cef287de067b70ad26820621476f8d9e91",
        "title": "Ukraine’s Zelenskyy signs air defence deals with UAE, Qatar on Gulf tour",
        "summary": "Kyiv has sought to leverage its expertise in downing Russian drones to help Gulf nations.",
        "link": "https://www.aljazeera.com/news/2026/3/28/zelenskyy-signs-air-defence-deals-with-uae-qatar-on-gulf-tour?traffic_source=rss",
        "severity": 0,
        "scraped_at": "2026-03-28T20:17:15.604739+00:00"
      }
    },
    {
      "type": "Feature",
      "geometry": {
        "type": "Point",
        "coordinates": [
          -75.0152,
          -9.19
        ]
      },
      "properties": {
        "id_hash": "21649ce85c5f5fd9b71f6e55f8c68ca43ef50335ff9a663b48c67c491f19176a",
        "title": "Senegal parade AFCON trophy, despite title being awarded to Morocco",
        "summary": "Senegal parade AFCON trophy at Stade de France ahead of friendly against Peru, despite being stripped of the title.",
        "link": "https://www.aljazeera.com/sports/2026/3/28/senegal-parade-afcon-trophy-despite-title-being-awarded-to-morocco?traffic_source=rss",
        "severity": 2,
        "scraped_at": "2026-03-28T20:17:15.604780+00:00"
      }
    },
    {
      "type": "Feature",
      "geometry": {
        "type": "Point",
        "coordinates": [
          34.8516,
          31.0461
        ]
      },
      "properties": {
        "id_hash": "2d96df1be9d30607fa4e2a17d76394bdf1370d98045dcaa6c3fd8aad022fcbe7",
        "title": "Israeli forces intensify attacks on Beirut",
        "summary": "Israeli forces launched renewed attacks in southern Beirut, as the UN warns of an imminent humanitarian catastrophe.",
        "link": "https://www.aljazeera.com/video/newsfeed/2026/3/28/israeli-forces-intensify-attacks-on-beirut?traffic_source=rss",
        "severity": 4,
        "scraped_at": "2026-03-28T20:17:15.604812+00:00"
      }
    },
    {
      "type": "Feature",
      "geometry": {
        "type": "Point",
        "coordinates": [
          34.8516,
          31.0461
        ]
      },
      "properties": {
        "id_hash": "d45c030699f2c4d20e5e30f397fdfb3f9a255de2849ef17c7bd0c1a5ca300a91",
        "title": "Three journalists killed in Israeli strike on marked press car in Lebanon",
        "summary": "Israeli attack on clearly marked press car kills reporters as WHO laments deadly day for paramedics.",
        "link": "https://www.aljazeera.com/news/2026/3/28/three-journalists-killed-in-israeli-strike-on-marked-press-car-in-lebanon?traffic_source=rss",
        "severity": 6,
        "scraped_at": "2026-03-28T20:17:15.604845+00:00"
      }
    },
    {
      "type": "Feature",
      "geometry": {
        "type": "Point",
        "coordinates": [
          53.688,
          32.4279
        ]
      },
      "properties": {
        "id_hash": "0c5ae32a10ebe5e607e242ebdeff1d79624c988233b261b79c507d254ae80b98",
        "title": "One month in, disapproval high but US lawmakers take no action on Iran war",
        "summary": "Republicans and Democrats remain entrenched despite public polling showing dismay over war, petrol prices.",
        "link": "https://www.aljazeera.com/news/2026/3/28/one-month-in-disapproval-high-but-us-lawmakers-take-no-action-on-iran-war?traffic_source=rss",
        "severity": 2,
        "scraped_at": "2026-03-28T20:17:15.604876+00:00"
      }
    },
    {
      "type": "Feature",
      "geometry": {
        "type": "Point",
        "coordinates": [
          53.688,
          32.4279
        ]
      },
      "properties": {
        "id_hash": "507c503e0ce687cb3913038127d4698057ce82f91a4692fbe0b553fa7d3afc47",
        "title": "Iran warns neighbours not to let ‘enemies run the war’ from their land",
        "summary": "President Pezeshkian&#039;s warning is the latest by Tehran to neighbours not to allow their territory to be used in the war.",
        "link": "https://www.aljazeera.com/news/2026/3/28/iran-warns-neighbours-not-to-let-enemies-run-the-war-from-their-land?traffic_source=rss",
        "severity": 2,
        "scraped_at": "2026-03-28T20:17:15.604979+00:00"
      }
    },
    {
      "type": "Feature",
      "geometry": {
        "type": "Point",
        "coordinates": [
          53.688,
          32.4279
        ]
      },
      "properties": {
        "id_hash": "b2590e7aeea2ffd5d83ded4e273adf27d71ec6f7a530ab18948d93db5f0c479e",
        "title": "At least 15 US troops wounded in Iran strike on Saudi airbase: Reports",
        "summary": "At least five soldiers are reported in serious condition following Iran attack that damaged refuelling aircraft.",
        "link": "https://www.aljazeera.com/news/2026/3/28/at-least-15-us-troops-wounded-in-iran-strike-on-saudi-airbase-reports?traffic_source=rss",
        "severity": 4,
        "scraped_at": "2026-03-28T20:17:15.605062+00:00"
      }
    },
    {
      "type": "Feature",
      "geometry": {
        "type": "Point",
        "coordinates": [
          53.688,
          32.4279
        ]
      },
      "properties": {
        "id_hash": "56c55224d800556e7c76d13dc5e751098945c17079e14b16a8b96ad0f0121c8d",
        "title": "Iran footballers pay tribute to victims of school strike at start of war",
        "summary": "The Iran national team played for the first time since the Middle East conflict began, losing 2-1 to Nigeria.",
        "link": "https://www.aljazeera.com/sports/2026/3/28/iran-footballers-pay-tribute-to-victims-of-school-strike-at-start-of-war?traffic_source=rss",
        "severity": 4,
        "scraped_at": "2026-03-28T20:17:15.605092+00:00"
      }
    },
    {
      "type": "Feature",
      "geometry": {
        "type": "Point",
        "coordinates": [
          53.688,
          32.4279
        ]
      },
      "properties": {
        "id_hash": "63440a02fc2a8141dceac3c6470d95cda15a68430a604ce57d67aab4c622e418",
        "title": "Former US defence chief says more war won’t bring peace to Middle East",
        "summary": "Leon Panetta, former US Secretary of Defence, says that there is no clear end to the war in Iran.",
        "link": "https://www.aljazeera.com/video/newsfeed/2026/3/28/former-us-defence-chief-says-more-war-wont-bring-peace-to-middle-east?traffic_source=rss",
        "severity": 2,
        "scraped_at": "2026-03-28T20:17:15.605135+00:00"
      }
    },
    {
      "type": "Feature",
      "geometry": {
        "type": "Point",
        "coordinates": [
          53.688,
          32.4279
        ]
      },
      "properties": {
        "id_hash": "f31a62e824a01a725f515ac78fdb67b3c656c5d99fd226e373bdb9b4521fcb8d",
        "title": "Protests in Yemen against US-Israeli attacks as Houthis warn of action",
        "summary": "Protesters in Yemen took to the streets to voice support for Iran, Palestine, and Lebanon amid US and Israeli attacks.",
        "link": "https://www.aljazeera.com/video/newsfeed/2026/3/28/protests-in-yemen-against-us-israeli-attacks-as-houthis-warn-of-action?traffic_source=rss",
        "severity": 4,
        "scraped_at": "2026-03-28T20:17:15.605182+00:00"
      }
    },
    {
      "type": "Feature",
      "geometry": {
        "type": "Point",
        "coordinates": [
          34.8516,
          31.0461
        ]
      },
      "properties": {
        "id_hash": "81c366548dc22ceab9aafdc0525374bce9e306c3b25ea06a4bdf1661d807f8df",
        "title": "How the US and Israel are making the Islamic republic stronger",
        "summary": "The war is feeding into a theological narrative of martyrdom and sacrifice that is helping maintain the Islamic Republic",
        "link": "https://www.aljazeera.com/opinions/2026/3/28/how-the-us-and-israel-are-making-the-islamic-republic?traffic_source=rss",
        "severity": 2,
        "scraped_at": "2026-03-28T20:17:15.605212+00:00"
      }
    },
    {
      "type": "Feature",
      "geometry": {
        "type": "Point",
        "coordinates": [
          105.3188,
          61.524
        ]
      },
      "properties": {
        "id_hash": "989209697b54f371f478e3bba2d1c4e9cb9072e8815fa87088876b16accafe7c",
        "title": "Russian strikes on Ukraine kill 4 as deal to end war dims",
        "summary": "US Secretary of State Marco Rubio voices openness to diverting weapons to Kyiv to support the US attack on Iran.",
        "link": "https://www.aljazeera.com/news/2026/3/28/russian-strikes-on-ukraine-cities-kill-4-as-deal-to-end-war-dims?traffic_source=rss",
        "severity": 6,
        "scraped_at": "2026-03-28T20:17:15.605240+00:00"
      }
    },
    {
      "type": "Feature",
      "geometry": {
        "type": "Point",
        "coordinates": [
          53.688,
          32.4279
        ]
      },
      "properties": {
        "id_hash": "69736804ffcf09e6af0fd2b8561ab0ced420d59d2939be3c1a1937d046bdc850",
        "title": "The war on Iran faces a MAGA backlash",
        "summary": "A deep split in the MAGA movement threatens Trump’s Iran war.",
        "link": "https://www.aljazeera.com/video/the-listening-post/2026/3/28/the-war-on-iran-faces-a-maga-backlash?traffic_source=rss",
        "severity": 2,
        "scraped_at": "2026-03-28T20:17:15.605276+00:00"
      }
    },
    {
      "type": "Feature",
      "geometry": {
        "type": "Point",
        "coordinates": [
          24.991639,
          -28.8166236
        ]
      },
      "properties": {
        "id_hash": "25a3f5b81ee9b78f2ae9de64915a49b1e2cc3dbc939f524360320670ac0fe55e",
        "title": "UN’s landmark slavery ruling energises African Union’s fight for reparations",
        "summary": "<p><a href=\"https://www.theguardian.com/news/2026/mar/25/un-votes-slave-trade-gravest-crime-against-humanity-reparatory-justice\">• UN votes to describe slave trade as ‘gravest crime against humanity’</a></p><p>Despite resistance from states who had role in chattel slavery, many feel this is an idea whose time has come</p><p>John Mahama knows a thing or two about beating the establishment. On Wednesday, less than two years after completing a <a href=\"https://www.theguardian.com/world/2024/dec/08/ghana-former-president-john-dramani-mahama-wins-election\">remarkable comeback</a> as Ghana’s president with a landslide defeat of the ruling party candidate, he rallied the world to ratify a landmark vote against transatlantic chattel slavery, despite major opposition from the same western entities that drove it for centuries.</p><p>The resolution to declare the practice as “the gravest crime against humanity” <a href=\"https://www.theguardian.com/news/2026/mar/25/un-votes-slave-trade-gravest-crime-against-humanity-reparatory-justice\">passed with a decisive majority at the UN general assembly</a> and has been largely welcomed across Africa. Yet the details of the tally reveal a world still deeply divided on the gravity of the sin of enslaving more than 15 million people as chattel over the course of 400 years.</p> <a href=\"https://www.theguardian.com/news/2026/mar/27/un-slavery-ruling-african-union-reparations-slavery-analysis\">Continue reading...</a>",
        "link": "https://www.theguardian.com/news/2026/mar/27/un-slavery-ruling-african-union-reparations-slavery-analysis",
        "severity": 0,
        "scraped_at": "2026-03-28T20:17:17.346230+00:00"
      }
    },
    {
      "type": "Feature",
      "geometry": {
        "type": "Point",
        "coordinates": [
          114.1611472,
          22.4510605
        ]
      },
      "properties": {
        "id_hash": "16138f0cd7f0ff8a09e61a9f9d911d3295778b3d4d82f0c543685a64bbf56245",
        "title": "Two drone strikes on civilian targets kill 28 people in Sudan",
        "summary": "<p>Market in North Darfur and truck carrying civilians in North Kordofan hit as civil war approaches fourth year</p><p>At least 28 civilians have been killed in two separate drone strikes in Sudan, according to health workers, as the country’s brutal civil war between the army and the paramilitary Rapid Support Forces (RSF) approaches <a href=\"https://www.theguardian.com/world/2025/apr/15/sudans-two-years-of-war-and-its-devastating-toll\">its fourth year</a>.</p><p>A strike hit a market in the town of Saraf Omra, in North Darfur state, on Wednesday, killing “22 people, including an infant, and injuring 17 more”, a health worker at the local clinic told Agence France-Presse (AFP).</p> <a href=\"https://www.theguardian.com/world/2026/mar/26/sudan-drone-strikes-civilian-targets-north-darfur-market-north-kordofan-truck\">Continue reading...</a>",
        "link": "https://www.theguardian.com/world/2026/mar/26/sudan-drone-strikes-civilian-targets-north-darfur-market-north-kordofan-truck",
        "severity": 6,
        "scraped_at": "2026-03-28T20:17:18.946741+00:00"
      }
    },
    {
      "type": "Feature",
      "geometry": {
        "type": "Point",
        "coordinates": [
          105.3188,
          61.524
        ]
      },
      "properties": {
        "id_hash": "3f6826b8b55076e29344670610bdeb68ebaead59848b223698eeed455e280883",
        "title": "Ukraine war briefing: Zelenskyy says US has linked security guarantees to ceding of Donbas",
        "summary": "<p>Ukrainian president says peace deal proposed by US includes handing over land to Russia. What we know on day 1,492</p> <a href=\"https://www.theguardian.com/world/2026/mar/26/ukraine-war-briefing-zelenskyy-says-us-has-linked-security-guarantees-to-ceding-of-donbas\">Continue reading...</a>",
        "link": "https://www.theguardian.com/world/2026/mar/26/ukraine-war-briefing-zelenskyy-says-us-has-linked-security-guarantees-to-ceding-of-donbas",
        "severity": 2,
        "scraped_at": "2026-03-28T20:17:18.946865+00:00"
      }
    },
    {
      "type": "Feature",
      "geometry": {
        "type": "Point",
        "coordinates": [
          -66.5897,
          6.4238
        ]
      },
      "properties": {
        "id_hash": "fd19efaa5534aafab4fd2116b27b6a196cc2c67a96dbc5adcb16da392af13ad8",
        "title": "Venezuelans deported by US detail fresh claims of torture and abuse at El Salvador mega-prison",
        "summary": "<p>Petition seeks accountability from Salvadorian authorities over human rights violations at notorious Cecot facility</p><p>A group of 18 Venezuelan men whom the US expelled a notorious Salvadorian mega-prison are demanding that Salvadorian authorities be held internationally accountable for violation of human rights – detailing new allegations of torture, sexual assault and medical neglect.</p><p>A new petition, <a href=\"https://www.global-council.org/blog-and-news/blog/one-year-on-venezuelans-file-new-case-seeking-justice-for-torture-in-el-salvador-s-cecot-prison\">filed on Thursday</a> before the Inter-American Commission on Human Rights, alleges that El Salvador violated the human rights of these men, who were expelled to El Salvador’s Terrorism Confinement Center (Cecot) last year without charge.</p> <a href=\"https://www.theguardian.com/world/2026/mar/26/cecot-human-rights-petition\">Continue reading...</a>",
        "link": "https://www.theguardian.com/world/2026/mar/26/cecot-human-rights-petition",
        "severity": 0,
        "scraped_at": "2026-03-28T20:17:18.947178+00:00"
      }
    },
    {
      "type": "Feature",
      "geometry": {
        "type": "Point",
        "coordinates": [
          53.688,
          32.4279
        ]
      },
      "properties": {
        "id_hash": "dabdaa19bdce1cd333b24183745756b8281a5e88e6c0898bd10ae78391d9824c",
        "title": "Australia will be left with no submarines if it abandons Aukus, senior defence official warns",
        "summary": "<p>Malcolm Turnbull asks defence department official what Australia would do if the promised Virginia-class and Aukus-class submarines don’t arrive </p><ul><li><p><a href=\"https://www.theguardian.com/australia-news/live/2026/mar/27/tropical-cyclone-narelle-fuel-crisis-petrol-cost-of-living-inflation-iran-war-storm-anthony-albanese-angus-taylor-ntwnfb\"><strong>Follow our Australia news live blog for latest updates</strong></a></p></li><li><p><strong>Get our </strong><a href=\"https://www.theguardian.com/email-newsletters?CMP=cvau_sfl\"><strong>breaking news email</strong></a><strong>, </strong><a href=\"https://app.adjust.com/w4u7jx3\"><strong>free app</strong></a><strong> or </strong><a href=\"https://www.theguardian.com/australia-news/series/full-story?CMP=cvau_sfl\"><strong>daily news podcast</strong></a></p></li></ul><p></p><p>Australia will be left with no submarines if it abandons the Aukus deal with the US and UK, a senior defence official has warned, declining to publicly countenance an alternative plan if Australia’s promised nuclear-powered fleet does not arrive under Australian command.</p><p>“Defence has been directed to pursue Aukus and we are pursuing Aukus and that’s our plan. I would not venture into the space about ‘Plan B’ or ‘Plan C’,” defence department deputy secretary, Hugh Jeffrey, told a Sovereignty and Security Forum in Canberra on Friday.</p> <a href=\"https://www.theguardian.com/world/2026/mar/27/australia-will-be-left-with-no-submarines-if-it-abandons-aukus-senior-defence-official-warns\">Continue reading...</a>",
        "link": "https://www.theguardian.com/world/2026/mar/27/australia-will-be-left-with-no-submarines-if-it-abandons-aukus-senior-defence-official-warns",
        "severity": 2,
        "scraped_at": "2026-03-28T20:17:18.947306+00:00"
      }
    },
    {
      "type": "Feature",
      "geometry": {
        "type": "Point",
        "coordinates": [
          104.1954,
          35.8617
        ]
      },
      "properties": {
        "id_hash": "2276cc4ddf69d7bd4d4ca3dc888634ceeaf41858541009b95d11658df82f8495",
        "title": "Trump’s trip to meet Xi Jinping in China rescheduled for May due to Iran war",
        "summary": "<p>US president says he will host Chinese leader in a reciprocal visit later this year</p><ul><li><p><a href=\"https://www.theguardian.com/world/live/2026/mar/26/iran-war-live-updates-trump-deal-us-military-strikes-israel-lebanon-hezbollah\">Middle East crisis – live updates</a></p></li></ul><p>Donald Trump will meet Xi Jinping in May during the US president’s first visit to China in eight years, a closely watched trip that had been <a href=\"https://www.theguardian.com/us-news/2026/mar/16/trump-china-summit-iran-war\">postponed</a> due to the Iran war.</p><p>Trump was initially slated to travel next week, but will now visit Beijing on 14 and 15 May, he wrote in a post on Truth Social on Wednesday. Trump said he would host the Chinese leader in a reciprocal visit in Washington later this year.</p> <a href=\"https://www.theguardian.com/us-news/2026/mar/26/trump-xi-jinping-china-trip-rescheduled-may\">Continue reading...</a>",
        "link": "https://www.theguardian.com/us-news/2026/mar/26/trump-xi-jinping-china-trip-rescheduled-may",
        "severity": 4,
        "scraped_at": "2026-03-28T20:17:18.947392+00:00"
      }
    },
    {
      "type": "Feature",
      "geometry": {
        "type": "Point",
        "coordinates": [
          -74.2973,
          4.5709
        ]
      },
      "properties": {
        "id_hash": "f95c3e728fa371490422d8f0aad5eae3af2526a8313f79bd3b20373e1da3ab76",
        "title": "Australia refuses to say how many Chinese nationals are arriving by boat, saying it may damage bilateral relations",
        "summary": "<p><strong>Exclusive:</strong> Indonesia reports growing number of attempts by Chinese nationals to organise boat journeys, as Australian authorities refuse to reveal details</p><ul><li><p><a href=\"https://www.theguardian.com/australia-news/live/2026/mar/26/australia-politics-live-penny-wong-iran-united-nations-war-fuel-crisis-cost-of-living-parliament-question-time-anthony-albanese-angus-taylor-ntwnfb\">Follow our Australia news live blog for latest updates</a></p></li><li><p>Get our <a href=\"https://www.theguardian.com/email-newsletters?CMP=cvau_sfl\">breaking news email</a>, <a href=\"https://app.adjust.com/w4u7jx3\">free app</a> or <a href=\"https://www.theguardian.com/australia-news/series/full-story?CMP=cvau_sfl\">daily news podcast</a></p></li></ul><p>The Australian government has refused to reveal how many Chinese nationals have arrived in Australia by boat since 2024, saying that disclosing the figure may harm relations with other countries.</p><p>However, reports by Indonesian police show that there has been a consistent trend of Chinese nationals attempting to reach Australia through Indonesia as an alternative to “zouxian”, or “walking the line” – the illegal migration route through Central America to the US via the Darién Gap between Colombia and Panama.</p> <a href=\"https://www.theguardian.com/australia-news/2026/mar/25/australia-chinese-nationals-arriving-by-boat-indonesia-reports-surge\">Continue reading...</a>",
        "link": "https://www.theguardian.com/australia-news/2026/mar/25/australia-chinese-nationals-arriving-by-boat-indonesia-reports-surge",
        "severity": 2,
        "scraped_at": "2026-03-28T20:17:18.947501+00:00"
      }
    },
    {
      "type": "Feature",
      "geometry": {
        "type": "Point",
        "coordinates": [
          53.688,
          32.4279
        ]
      },
      "properties": {
        "id_hash": "181ec61100f08b5f49560759f08427f149e850dbf91fbe9c6ccb216dc4e043a7",
        "title": "Philippines declares ‘national energy emergency’ and boosts coal power as Iran war grinds on",
        "summary": "<p>President’s declaration allows officials to tackle fuel hoarding or profiteering, while energy secretary says country will lean more heavily on coal</p><ul><li><p><a href=\"https://www.theguardian.com/world/live/2026/mar/25/middle-east-crisis-live-iran-war-oil-prices-more-us-troops-reportedly-deployed-donald-trump-attacks-on-lebanon\"><strong>Middle East crisis – live updates</strong></a></p></li></ul><p>The Philippines president, Ferdinand Marcos, has declared a state of “national energy emergency” as a result of the <a href=\"https://www.theguardian.com/world/us-israel-war-on-iran\">Middle East war</a>, which his administration said posed “an imminent danger of a critically low energy supply”.</p><p>The state of emergency, which will initially last for a year, was declared just hours after the country’s energy secretary said <a href=\"https://www.theguardian.com/world/philippines\">the Philippines</a> planned to boost the output of its coal-fired power plants to keep electricity costs down as the war wreaks havoc with gas shipments.</p> <a href=\"https://www.theguardian.com/world/2026/mar/25/philippines-declares-national-energy-emergency-iran-war\">Continue reading...</a>",
        "link": "https://www.theguardian.com/world/2026/mar/25/philippines-declares-national-energy-emergency-iran-war",
        "severity": 4,
        "scraped_at": "2026-03-28T20:17:18.947665+00:00"
      }
    },
    {
      "type": "Feature",
      "geometry": {
        "type": "Point",
        "coordinates": [
          73.1283984,
          31.4368432
        ]
      },
      "properties": {
        "id_hash": "eaaf12af15653480d2cd1f38bcba9da1ad9c03de976afa609f9ab3534921437f",
        "title": "Victorians get free public transport for a month in bid to ease surge in fuel demand",
        "summary": "<p>Allan government says measure is temporary as energy shock from Middle East conflict sees petrol prices soar</p><ul><li><p>Get our <a href=\"https://www.theguardian.com/email-newsletters?CMP=cvau_sfl\">breaking news email</a>, <a href=\"https://app.adjust.com/w4u7jx3\">free app</a> or <a href=\"https://www.theguardian.com/australia-news/series/full-story?CMP=cvau_sfl\">daily news podcast</a></p></li></ul><p>Public transport will be free in Victoria for a month, in an effort to encourage people to <a href=\"https://www.theguardian.com/australia-news/2026/mar/28/the-cost-of-fuel-for-australians-who-can-its-time-to-embrace-green-transport\">switch from driving</a> and alleviate the surge in demand for fuel.</p><p>The Allan government announced on Sunday that it would make all metro and regional V/Line trams, trains and buses free from 31 March until the end of April.</p> <a href=\"https://www.theguardian.com/australia-news/2026/mar/29/victoria-free-public-transport-april-petrol-prices\">Continue reading...</a>",
        "link": "https://www.theguardian.com/australia-news/2026/mar/29/victoria-free-public-transport-april-petrol-prices",
        "severity": 0,
        "scraped_at": "2026-03-28T20:17:20.320820+00:00"
      }
    },
    {
      "type": "Feature",
      "geometry": {
        "type": "Point",
        "coordinates": [
          8.7876653,
          61.1529386
        ]
      },
      "properties": {
        "id_hash": "321da2364e825f6a8fd7c0ff1958ef010755fd3df14cd2aee4d51d49ea5b5645",
        "title": "‘No one has had a dry run’: weather warnings for storm-ravaged WA after Cyclone Narelle downgraded to tropical low",
        "summary": "<p>Major gas infrastructure hit by outages as weather system continues south-east</p><ul><li><p>Get our <a href=\"https://www.theguardian.com/email-newsletters?CMP=cvau_sfl\">breaking news email</a>, <a href=\"https://app.adjust.com/w4u7jx3\">free app</a> or <a href=\"https://www.theguardian.com/australia-news/series/full-story?CMP=cvau_sfl\">daily news podcast</a></p></li></ul><p>Zac Saber did not sleep a wink as ex-Tropical Cyclone Narelle battered the Western Australian coast <a href=\"https://www.theguardian.com/australia-news/2026/mar/27/tropical-cyclone-narelle-perth-flooding-storm-wa\">on Friday night</a>.</p><p>As fellow Exmouth locals took shelter in evacuation centres and homes, Saber spent the night listening to the sound of “super intense” winds rattling his walls.</p> <a href=\"https://www.theguardian.com/australia-news/2026/mar/28/tropical-cyclone-narelle-wa-carnavon-exmouth-perth-bom-weather-warning-forecasts\">Continue reading...</a>",
        "link": "https://www.theguardian.com/australia-news/2026/mar/28/tropical-cyclone-narelle-wa-carnavon-exmouth-perth-bom-weather-warning-forecasts",
        "severity": 2,
        "scraped_at": "2026-03-28T20:17:21.723585+00:00"
      }
    },
    {
      "type": "Feature",
      "geometry": {
        "type": "Point",
        "coordinates": [
          13.7489699,
          45.4930144
        ]
      },
      "properties": {
        "id_hash": "67dc9f65ea3d018ef954519e02fdff756072ddb59d10f389c9f52c1001bb68df",
        "title": "Labor to use new fuel security powers to underwrite extra shipments to Australia",
        "summary": "<p>PM did not rule out later fuel rationing or work-from-home measures but said he strongly preferred ‘voluntary arrangements’</p><ul><li><p>Get our <a href=\"https://www.theguardian.com/email-newsletters?CMP=cvau_sfl\">breaking news email</a>, <a href=\"https://app.adjust.com/w4u7jx3\">free app</a> or <a href=\"https://www.theguardian.com/australia-news/series/full-story?CMP=cvau_sfl\">daily news podcast</a></p></li></ul><p>The Australian government will take on the financial risk of additional imports of essential products affected by the war in the Middle East, to get extra supplies of petrol, diesel and fertiliser into the country.</p><p>The prime minister, Anthony Albanese, announced the new fuel security powers on Saturday after a month of <a href=\"https://www.theguardian.com/australia-news/2026/mar/27/australia-fuel-supply-petrol-diesel-prices\">soaring diesel and petrol prices</a> and widespread shortages at service stations, particularly in regional Australia.</p> <a href=\"https://www.theguardian.com/australia-news/2026/mar/28/anthony-albanese-chris-bowen-fuel-security-powers-oil-crisis-petrol-diesel-prices\">Continue reading...</a>",
        "link": "https://www.theguardian.com/australia-news/2026/mar/28/anthony-albanese-chris-bowen-fuel-security-powers-oil-crisis-petrol-diesel-prices",
        "severity": 2,
        "scraped_at": "2026-03-28T20:17:22.905372+00:00"
      }
    },
    {
      "type": "Feature",
      "geometry": {
        "type": "Point",
        "coordinates": [
          13.7489699,
          45.4930144
        ]
      },
      "properties": {
        "id_hash": "b125e2e5bf5d97d1643d7cf46a301abe5757537d5d81e744749d5c3c4d543fd5",
        "title": "‘It’s fired people up’: support grows, including within Labor, for new gas tax to curb wartime profits",
        "summary": "<p>Government, industry and opposition see growing public support for a new gas tax but the industry is fighting back</p><ul><li><p>Get our <a href=\"https://www.theguardian.com/email-newsletters?CMP=cvau_sfl\">breaking news email</a>, <a href=\"https://app.adjust.com/w4u7jx3\">free app</a> or <a href=\"https://www.theguardian.com/australia-news/series/full-story?CMP=cvau_sfl\">daily news podcast</a></p></li></ul><p>The gas industry is mobilising in opposition to a <a href=\"https://www.theguardian.com/australia-news/2026/mar/26/andrew-hastie-open-to-25-tax-on-gas-profits-and-says-multinationals-have-had-a-really-good-run-on-australian-wealth\">potential new tax</a> on the sector as political momentum builds – including among Labor MPs – for the government to use the May budget to prevent producers profiting from the Middle East war.</p><p>The Australian Energy Producers (AEP) chief executive, Samantha McCulloch, claimed a new tax would punish the same Asian trading partners Australia was leaning on to supply more fuel amid the global energy crisis.</p> <a href=\"https://www.theguardian.com/business/2026/mar/28/its-fired-people-up-support-grows-including-within-labor-for-new-gas-tax-to-curb-wartime-profits\">Continue reading...</a>",
        "link": "https://www.theguardian.com/business/2026/mar/28/its-fired-people-up-support-grows-including-within-labor-for-new-gas-tax-to-curb-wartime-profits",
        "severity": 2,
        "scraped_at": "2026-03-28T20:17:23.705423+00:00"
      }
    },
    {
      "type": "Feature",
      "geometry": {
        "type": "Point",
        "coordinates": [
          -122.0614842,
          37.2892875
        ]
      },
      "properties": {
        "id_hash": "be96d6997bcdd02d17245ca1747dd4dccf2cf3ea5e57207e81099df9fed2a486",
        "title": "Older Australians in ‘immediate danger’ as fuel crisis affects travel for aged care workers",
        "summary": "<p>Unions and farmers call for government intervention as agriculture, construction and waste industries also at risk from higher prices</p><ul><li><p>Get our <a href=\"https://www.theguardian.com/email-newsletters?CMP=cvau_sfl\">breaking news email</a>, <a href=\"https://app.adjust.com/w4u7jx3\">free app</a> or <a href=\"https://www.theguardian.com/australia-news/series/full-story?CMP=cvau_sfl\">daily news podcast</a></p></li></ul><p>Care workers, tradespeople and transport drivers are being hit hard by ballooning fuel costs, with some industry groups urging the government to roll out assistance packages or even a jobkeeper-style wage assistance program to help businesses avoid laying off staff.</p><p>Reports of <a href=\"https://www.theguardian.com/business/2026/mar/25/albanese-government-could-increase-ethanol-level-in-fuel-as-farmers-warn-on-food-prices\">small mining businesses scaling back operations</a> and some construction companies deciding against hiring more apprentices have prompted suggestions the government should step in to help, with the Master Builders Association already forecasting a downturn in the number of homes that will be built this year.</p> <a href=\"https://www.theguardian.com/australia-news/2026/mar/28/fuel-crisis-australia-aged-home-care-workers-farmers-construction-waste\">Continue reading...</a>",
        "link": "https://www.theguardian.com/australia-news/2026/mar/28/fuel-crisis-australia-aged-home-care-workers-farmers-construction-waste",
        "severity": 2,
        "scraped_at": "2026-03-28T20:17:25.083133+00:00"
      }
    },
    {
      "type": "Feature",
      "geometry": {
        "type": "Point",
        "coordinates": [
          15.6303894,
          48.9656205
        ]
      },
      "properties": {
        "id_hash": "694b116b0b7219dc9306961593ea2370f0b058514be71eee3a2ec0af25b85aaf",
        "title": "Police in Paris foil attempted bomb attack outside Bank of America building",
        "summary": "<p>Incident in the city’s 8th arrondissement reportedly involved a homemade explosive device</p><p>French police prevented an apparent bomb attack outside a US bank in Paris on Saturday when they arrested a man about to set off a homemade explosive device, officials and sources close to the case said.</p><p>The incident occurred at about 3.30am (0230 GMT) in front of a Bank of America building in the city’s 8th arrondissement, a couple of streets away from the Champs-Élysées.</p> <a href=\"https://www.theguardian.com/world/2026/mar/28/paris-police-foil-attempted-bomb-attack-bank-of-america\">Continue reading...</a>",
        "link": "https://www.theguardian.com/world/2026/mar/28/paris-police-foil-attempted-bomb-attack-bank-of-america",
        "severity": 2,
        "scraped_at": "2026-03-28T20:17:26.119241+00:00"
      }
    },
    {
      "type": "Feature",
      "geometry": {
        "type": "Point",
        "coordinates": [
          -98.6962766,
          33.1508315
        ]
      },
      "properties": {
        "id_hash": "049bd2f4e154129f0ea771afca946d6fc219e4a8226919f189682ba92dd9e4b8",
        "title": "Young voters shake Italy’s political calm as referendum exposes tensions for Giorgia Meloni",
        "summary": "<p>Prime minister is scrambling to clean up her government after youth vote powered a damaging referendum defeat</p><p>Filippo Michelini was having a drink at San Calisto, a popular bar in Rome’s Trastevere neighbourhood on Wednesday night. As he chatted to his friends, Giorgia Meloni’s far-right government was <a href=\"https://www.theguardian.com/world/2026/mar/23/italy-voters-reject-overhaul-judiciary-giorgia-meloni\">reeling from a failed referendum</a>, and her beleaguered <a href=\"https://www.theguardian.com/world/2026/mar/25/italy-tourism-minister-daniela-santanche-resigns\">tourism minister, Daniela Santanchè, had just resigned</a>.</p><p>Michelini, a 29-year-old computer scientist who lives in Brussels, was spending a few days in the Italian capital after returning home last weekend to cast his ballot in the plebiscite on judicial changes.</p> <a href=\"https://www.theguardian.com/world/2026/mar/28/young-voters-italy-referendum-giorgia-meloni\">Continue reading...</a>",
        "link": "https://www.theguardian.com/world/2026/mar/28/young-voters-italy-referendum-giorgia-meloni",
        "severity": 0,
        "scraped_at": "2026-03-28T20:17:27.656329+00:00"
      }
    },
    {
      "type": "Feature",
      "geometry": {
        "type": "Point",
        "coordinates": [
          -74.9948403,
          -14.8161804
        ]
      },
      "properties": {
        "id_hash": "7ece9329ab72298aaefb128bac5dba2e1bd5ee419a7cde7948a09087431a1638",
        "title": "Whale stranded off Germany swims to freedom after days of efforts to save it",
        "summary": "<p>Rescuers used boats and excavators to try to guide 10-metre long sea mammal to deeper waters</p><p>A humpback <a href=\"https://www.theguardian.com/environment/whales\">whale</a> stranded on Germany’s Baltic Sea coast since early this week has freed itself and swum into deeper waters, rescuers said on Friday.</p><p>A flotilla of vessels were following the weakened animal at a distance, hoping to help guide it into the North Sea and toward the Atlantic Ocean, its natural habitat.</p> <a href=\"https://www.theguardian.com/world/2026/mar/27/whale-stranded-germany-free-rescue\">Continue reading...</a>",
        "link": "https://www.theguardian.com/world/2026/mar/27/whale-stranded-germany-free-rescue",
        "severity": 2,
        "scraped_at": "2026-03-28T20:17:28.750250+00:00"
      }
    },
    {
      "type": "Feature",
      "geometry": {
        "type": "Point",
        "coordinates": [
          53.688,
          32.4279
        ]
      },
      "properties": {
        "id_hash": "2f1a35d1692d7815350c99f89ce63a61daf17d377725a17b518f37e60b8f6c10",
        "title": "Media association condemns ‘violent assault’ on CNN crew by Israeli soldiers",
        "summary": "<p>CNN team detained while reporting on aftermath of attack by settlers in West Bank, Foreign Press Association says</p><ul><li><p><a href=\"https://www.theguardian.com/world/live/2026/mar/28/middle-east-crisis-live-iran-war-updates-trump-us-negotiations-israel-strikes-lebanon-tehran-syria-explosions\"><strong>Middle East crisis – live updates</strong></a></p></li></ul><p>An international media association has condemned what it described as a “violent assault” by Israeli soldiers who detained a CNN crew in the occupied West Bank this week.</p><p>A CNN team was reporting on the aftermath of an assault by Israeli settlers and the establishment of an illegal outpost near the Palestinian village of Tayasir on Thursday when it was detained by Israeli soldiers, the Foreign Press Association said on Saturday.</p> <a href=\"https://www.theguardian.com/world/2026/mar/28/israeli-soldiers-cnn-crew-west-bank-foreign-press-association\">Continue reading...</a>",
        "link": "https://www.theguardian.com/world/2026/mar/28/israeli-soldiers-cnn-crew-west-bank-foreign-press-association",
        "severity": 8,
        "scraped_at": "2026-03-28T20:17:28.750424+00:00"
      }
    },
    {
      "type": "Feature",
      "geometry": {
        "type": "Point",
        "coordinates": [
          34.8516,
          31.0461
        ]
      },
      "properties": {
        "id_hash": "b5320728f0cdddf84afdfab6d201113607f1f95a8e7bf2900323053e9df05dba",
        "title": "BBC Arabic defended as lone voice in region for giving ‘Israeli perspective’",
        "summary": "<p>Exclusive: World Service director Fiona Crack says platform pursues stories ignored by the Gulf’s state-owned media</p><p>A senior BBC executive has defended BBC Arabic as a lone voice in the region covering the “Israeli perspective”, as she warned its critics that it pursued stories ignored by the Gulf’s state-owned media.</p><p>The corporation’s Arabic service has come under sustained criticism in recent years, for its selection of coverage and for featuring some guests that had expressed antisemitic views on social media. There have even been calls for the <a href=\"https://www.jewishnews.co.uk/bbc-no-longer-needs-to-reform-its-arabic-channel-it-needs-shutting-down/\">service to be closed down</a>.</p> <a href=\"https://www.theguardian.com/media/2026/mar/28/bbc-arabic-defended-lone-voice-region-israeli-perspective\">Continue reading...</a>",
        "link": "https://www.theguardian.com/media/2026/mar/28/bbc-arabic-defended-lone-voice-region-israeli-perspective",
        "severity": 2,
        "scraped_at": "2026-03-28T20:17:28.750519+00:00"
      }
    },
    {
      "type": "Feature",
      "geometry": {
        "type": "Point",
        "coordinates": [
          53.688,
          32.4279
        ]
      },
      "properties": {
        "id_hash": "76e0dedbbb0afa6f0205a4262085d74ed23b7d96e0ecfb0ba7b1591532ba4e86",
        "title": "Lebanon condemns ‘blatant war crime’ after Israel kills three journalists",
        "summary": "<p>Israeli military says primary target, killed in a missile strike far from the frontlines, was a Hezbollah ‘terrorist’</p><ul><li><p><a href=\"https://www.theguardian.com/world/live/2026/mar/28/middle-east-crisis-live-iran-war-updates-trump-us-negotiations-israel-strikes-lebanon-tehran-syria-explosions\">Middle East crisis – live updates</a></p></li></ul><p>Israel killed three journalists in south Lebanon on Saturday, their TV channels and authorities said, prompting condemnation from the Lebanese government who called the killings a “blatant war crime”.</p><p>Ali Shoeib, from the Hezbollah-owned al-Manar television station, Fatima Ftouni and her brother and cameraman Mohammed Ftouni from the pro-Hezbollah outlet al-Mayadeen, were killed in the strike targeting their car.</p> <a href=\"https://www.theguardian.com/world/2026/mar/28/lebanon-condemns-blatant-war-crime-israel-kills-three-journalists\">Continue reading...</a>",
        "link": "https://www.theguardian.com/world/2026/mar/28/lebanon-condemns-blatant-war-crime-israel-kills-three-journalists",
        "severity": 10,
        "scraped_at": "2026-03-28T20:17:28.750606+00:00"
      }
    },
    {
      "type": "Feature",
      "geometry": {
        "type": "Point",
        "coordinates": [
          53.688,
          32.4279
        ]
      },
      "properties": {
        "id_hash": "3e0135a3b24ba269c6cdf6950ac36e58276b4682152a62a14515db7f7fdf8ada",
        "title": "Houthi forces enter Iran conflict with missile attacks on Israeli military sites",
        "summary": "<p>Escalation represents dangerous spread of war and brings threat of even more damage to the global economy</p><ul><li><p><a href=\"https://www.theguardian.com/world/live/2026/mar/28/middle-east-crisis-live-iran-war-updates-trump-us-negotiations-israel-strikes-lebanon-tehran-syria-explosions\">Middle East crisis – live updates</a></p></li><li><p><a href=\"https://www.theguardian.com/global-development/2026/mar/28/parents-victims-iran-minab-shajareh-tayyebeh-school-bombing-describe-day\">Parents of Iran school bombing victims describe their worst day</a></p></li></ul><p>The US-Israeli war with Iran has expanded with the entry of Houthi forces in Yemen, representing a dangerous spread of the conflict and bringing with it the threat of more damage to the global economy.</p><p>Pakistan has said it would host a meeting of Middle Eastern powers on Monday in an effort to find a regional approach to ending the conflict. But the talks, which bring together the foreign ministers of Saudi Arabia, Turkey and Egypt, did not appear to include any of the warring parties, casting further doubt on persistent US claims of diplomatic progress.</p> <a href=\"https://www.theguardian.com/world/2026/mar/28/houthi-forces-enter-iran-conflict-with-missile-attacks-on-israeli-military-sites\">Continue reading...</a>",
        "link": "https://www.theguardian.com/world/2026/mar/28/houthi-forces-enter-iran-conflict-with-missile-attacks-on-israeli-military-sites",
        "severity": 8,
        "scraped_at": "2026-03-28T20:17:28.750727+00:00"
      }
    },
    {
      "type": "Feature",
      "geometry": {
        "type": "Point",
        "coordinates": [
          -98.5795,
          39.8283
        ]
      },
      "properties": {
        "id_hash": "3512e40b9cddc27907f25e899ba579f3a9cea78e24ba4e4d1a496750301c9dce",
        "title": "As US troops sail to Middle East, how likely is Trump to order boots on the ground?",
        "summary": "<p>Secretary of state Marco Rubio repeats administration’s belief that US can achieve its aims without a ground war</p><p>Amid tentative White House efforts at diplomacy to end the war in Iran, US troops have also been arriving in the region to deliver what Donald Trump has hoped could be a knockout blow if he can’t negotiate a ceasefire with Tehran.</p><p>Thousands of US marines aboard navy amphibious ships from the 31st and 11th expeditionary units have been deployed to the Middle East from Asia. Another 2,000-odd <a href=\"https://www.theguardian.com/world/2026/mar/24/middle-east-violence-trump-claims-very-good-talks-iran\">paratroopers from the 82nd Airborne</a> are also being sent to the theatre – they are tasked with deploying worldwide within 18 hours of notification and execute parachute assaults, including against a “defended airfield” to prepare for further ground operations.</p> <a href=\"https://www.theguardian.com/us-news/2026/mar/28/as-us-troops-sail-to-middle-east-how-likely-is-trump-to-order-boots-on-the-ground\">Continue reading...</a>",
        "link": "https://www.theguardian.com/us-news/2026/mar/28/as-us-troops-sail-to-middle-east-how-likely-is-trump-to-order-boots-on-the-ground",
        "severity": 2,
        "scraped_at": "2026-03-28T20:17:28.750820+00:00"
      }
    },
    {
      "type": "Feature",
      "geometry": {
        "type": "Point",
        "coordinates": [
          -98.5795,
          39.8283
        ]
      },
      "properties": {
        "id_hash": "a4afa44edcf440dede1692a34f8da56677b8df2d6d413b9bfa89de27eced38c8",
        "title": "‘We consider every mile we drive’: how fuel shortages are affecting readers worldwide",
        "summary": "<p>From a shop owner in India to a community worker in New South Wales, rising fuel prices are forcing people to ration oil usage</p><ul><li><p><a href=\"https://www.theguardian.com/world/live/2026/mar/24/iran-war-live-updates-trump-ursula-von-der-leyen-oil-prices-energy-crisis-israel-strikes\">Middle East crisis – live updates</a></p></li></ul><p>Alagesan, 35, needs liquefied petroleum gas (LPG) to run his roadside drink and snack shop in Coimbatore, India, but with the fuel shortage since the US-Israel attacks on Iran, he worries his business could fold.</p><p>“I am far away from the Middle East, but my life is affected,” he said. “The gas cylinder is not available because of the war. I don’t know what to do.”</p> <a href=\"https://www.theguardian.com/world/2026/mar/24/iran-war-fuel-shortages-affecting-readers-worldwide\">Continue reading...</a>",
        "link": "https://www.theguardian.com/world/2026/mar/24/iran-war-fuel-shortages-affecting-readers-worldwide",
        "severity": 6,
        "scraped_at": "2026-03-28T20:17:28.751053+00:00"
      }
    },
    {
      "type": "Feature",
      "geometry": {
        "type": "Point",
        "coordinates": [
          9.9194353,
          50.7138568
        ]
      },
      "properties": {
        "id_hash": "d06517a8768a3c1e2cbfe599c6b1fbd78056d6e0860b56d8e29ecfdaedb481dc",
        "title": "Murder inquiry launched after death of young woman in Leeds",
        "summary": "<p>Four people arrested as police appeal for help in identifying woman found unconscious on street</p><p>Police in Leeds have launched a murder investigation after a young woman died after being found unconscious on the street.</p><p>Officers were called at 5.55am on Saturday to Kennerleigh Avenue in Austhorpe where they found the woman with serious injuries. She was taken to hospital but was pronounced dead shortly afterwards.</p> <a href=\"https://www.theguardian.com/uk-news/2026/mar/28/young-woman-leeds-west-yorkshire-police-investigation\">Continue reading...</a>",
        "link": "https://www.theguardian.com/uk-news/2026/mar/28/young-woman-leeds-west-yorkshire-police-investigation",
        "severity": 2,
        "scraped_at": "2026-03-28T20:17:29.873733+00:00"
      }
    },
    {
      "type": "Feature",
      "geometry": {
        "type": "Point",
        "coordinates": [
          -98.5795,
          39.8283
        ]
      },
      "properties": {
        "id_hash": "baacac0e9e55f5c22fad6dc2cb7ca00d98fd2a6b29ce960622158ab6430290a3",
        "title": "Thousands march against far right in London in biggest ever multicultural protest",
        "summary": "<p>More than 100 charities, campaign groups and trade unions marched in a show of unity against far right politics</p><ul><li><p><a href=\"https://www.theguardian.com/uk-news/live/2026/mar/28/london-protest-march-together-alliance-against-the-far-right-latest-news-updates\">Together Alliance march – live updates</a></p></li></ul><p>Tens of thousands of people have gathered in London to march against the far right in the biggest multicultural demonstration in UK history.</p><p>Organisers claimed half a million people had travelled to the capital for the Together Alliance march. Police estimated the turnout closer to 50,000, although they admitted it was difficult to judge due to how spread out the crowd was.</p> <a href=\"https://www.theguardian.com/uk-news/2026/mar/28/london-far-right-march-biggest-ever-multicultural-protest\">Continue reading...</a>",
        "link": "https://www.theguardian.com/uk-news/2026/mar/28/london-far-right-march-biggest-ever-multicultural-protest",
        "severity": 0,
        "scraped_at": "2026-03-28T20:17:29.873921+00:00"
      }
    },
    {
      "type": "Feature",
      "geometry": {
        "type": "Point",
        "coordinates": [
          -98.5795,
          39.8283
        ]
      },
      "properties": {
        "id_hash": "abb637001b02c48088b46524c4bcdc237c727a860ce08871bd33543e542d851d",
        "title": "No Kings protests live updates: hundreds of thousands rally in cities around the world against Trump and his administration",
        "summary": "<p>More than 3,000 No Kings events scheduled across the US in third set of protests since Trump re-election</p><ul><li><p><a href=\"https://www.theguardian.com/us-news/2026/jan/28/third-no-kings-protest-march-minnesota-ice\">What to know about the third No Kings protests happening in March</a></p></li></ul><p>In the year since <a href=\"https://www.theguardian.com/us-news/donaldtrump\">Donald Trump</a> retook office, the number of <a href=\"https://www.theguardian.com/us-news/protests--us-\">protests</a> in the US outpaced those at the same point in his first administration, according to data from the <a href=\"https://ash.harvard.edu/programs/crowd-counting-consortium/\">Crowd Counting Consortium</a>, an open-source project collaboration between Harvard University’s Kennedy School and the University of Connecticut, reported Lex McMenamin<em> </em>and<em> </em>Andrew Witherspoon.</p><p>There were more than 10,700 protests in 2025, a 133% increase from the 4,588 recorded in 2017, the first year of Trump’s first term. According to the data, an overwhelming majority of US counties – including 42% that voted for Trump – have had at least one protest since he was re-inaugurated last year.</p> <a href=\"https://www.theguardian.com/us-news/live/2026/mar/28/no-kings-protests-us-trump-administration-latest-updates\">Continue reading...</a>",
        "link": "https://www.theguardian.com/us-news/live/2026/mar/28/no-kings-protests-us-trump-administration-latest-updates",
        "severity": 0,
        "scraped_at": "2026-03-28T20:17:29.874196+00:00"
      }
    },
    {
      "type": "Feature",
      "geometry": {
        "type": "Point",
        "coordinates": [
          -98.5795,
          39.8283
        ]
      },
      "properties": {
        "id_hash": "69835e70539e9ab18b8e137d52d01b81d463dba437b51176b4a5640889feabad",
        "title": "‘No kings, just vaccines!’: demonstrators gather at NIH headquarters to protest against cuts to medical research",
        "summary": "<p>Protesters decried Trump administration healthcare policies and direction of HHS under leadership of RFK Jr</p><p>As tens of thousands of people assembled across the US and around the world for No Kings protests, about a thousand people gathered outside the National Institutes of Health (NIH) in Bethesda, Maryland, on Saturday morning to protest cuts to medical research and the Trump’s administration’s policies on health.</p><p>The rally follows a tumultuous year for the research agency, with devastating cuts to multi-year funding and outright terminations of grants, especially to research related to gender and race. The White House is now poised to cut the NIH’s budget by 20%, according to <a href=\"https://rollcall.com/2026/03/27/sources-white-house-to-propose-20-percent-cut-to-nih-funding/\">reporting</a> by Roll Call on Friday, nearly one year after mass layoffs at health agencies.</p> <a href=\"https://www.theguardian.com/us-news/2026/mar/28/national-institutes-health-no-kings-protest\">Continue reading...</a>",
        "link": "https://www.theguardian.com/us-news/2026/mar/28/national-institutes-health-no-kings-protest",
        "severity": 0,
        "scraped_at": "2026-03-28T20:17:29.874311+00:00"
      }
    },
    {
      "type": "Feature",
      "geometry": {
        "type": "Point",
        "coordinates": [
          -103.9005022,
          34.6564005
        ]
      },
      "properties": {
        "id_hash": "28bdb2e03981936173731184f0510ed8399bce680cb28e4634817d30c48fc9cf",
        "title": "US House passes stopgap DHS funding bill after Republicans reject Senate deal",
        "summary": "<p>Bill passes by 213 to 203 votes in move prolonging weeks-long budget standoff that has disrupted travel</p><p>US House Republicans rejected a bipartisan Senate deal to temporarily fund the Department of Homeland Security (DHS) and instead passed their own funding measure late on Friday, extending a weeks-long budget standoff that has disrupted air travel.</p><p>The stopgap bill, which proposes funding the DHS in full for eight weeks, passed by 213 to 203 votes after Republicans in the lower chamber refused to take up a Senate-passed deal that excluded money for Immigration and Customs Enforcement (ICE) and the border patrol.</p> <a href=\"https://www.theguardian.com/us-news/2026/mar/28/us-house-stopgap-dhs-funding-bill-republicans-senate\">Continue reading...</a>",
        "link": "https://www.theguardian.com/us-news/2026/mar/28/us-house-stopgap-dhs-funding-bill-republicans-senate",
        "severity": 0,
        "scraped_at": "2026-03-28T20:17:31.594365+00:00"
      }
    },
    {
      "type": "Feature",
      "geometry": {
        "type": "Point",
        "coordinates": [
          34.3088,
          31.3547
        ]
      },
      "properties": {
        "id_hash": "fafd5154645ef39723557cc5b6b5ec3afa2418a2d3058b58b77ee882a4522615",
        "title": "Michigan student disciplined for protesting against war on Gaza reaches settlement with school",
        "summary": "<p>Teenager alleged she faced racism from teacher who told her to ‘go back to her country’ for refusing to stand for pledge of allegiance</p><p>A Palestinian and Arab middle school student in Michigan who was publicly admonished for refusing to stand for the pledge of allegiance as part of a personal protest against the war on Gaza has settled with her school district following a lawsuit around her first amendment free speech rights.</p><p>The teenager, identified as DK in court documents, said she faced racism from a teacher at the West Middle school in Canton, Michigan, after she did not participate in the pledge. The teacher reportedly told DK to “go back to her country”, Fox 2 Detroit <a href=\"https://www.fox2detroit.com/news/arab-american-teen-who-sat-pledge-allegiance-reaches-settlement-plymouth-canton-schools\">reported</a>.</p> <a href=\"https://www.theguardian.com/us-news/2026/mar/28/michigan-student-protesting-gaza-war-school-settlement\">Continue reading...</a>",
        "link": "https://www.theguardian.com/us-news/2026/mar/28/michigan-student-protesting-gaza-war-school-settlement",
        "severity": 2,
        "scraped_at": "2026-03-28T20:17:31.594591+00:00"
      }
    },
    {
      "type": "Feature",
      "geometry": {
        "type": "Point",
        "coordinates": [
          -75.0152,
          -9.19
        ]
      },
      "properties": {
        "id_hash": "97c6475a798f5f478e926dbebddcb7d784d7cdb1c8eb55a8b585b38b33a92473",
        "title": "Senegal celebrate AFCON win at Stade de France after being stripped of title",
        "summary": "Senegal on Saturday paraded the Africa Cup of Nations trophy they have been ordered to return ahead of a friendly against Peru at the Stade de France in Paris. The Confederation of African Football (CAF) on March 17 reversed Senegal's 1-0 final victory over Morocco in Rabat on January 18 and awarded a 3-0 victory to the hosts.",
        "link": "https://www.france24.com/en/senegal-celebrate-afcon-win-at-stade-de-france-after-being-stripped-of-title",
        "severity": 2,
        "scraped_at": "2026-03-28T20:17:32.149408+00:00"
      }
    },
    {
      "type": "Feature",
      "geometry": {
        "type": "Point",
        "coordinates": [
          53.688,
          32.4279
        ]
      },
      "properties": {
        "id_hash": "df54742e99ba7857ebfd806ef088fceaef0b6ea09eb36b0ab53c65def2f79747",
        "title": "Iranian strike on Saudi base wounds several US troops, damages aircraft",
        "summary": "A dozen US troops were wounded in an Iranian attack on Prince Sultan Air Base in Saudi Arabia, with two suffering serious injuries and 10 concussions, according to US media reports. The personnel were inside a building hit during the strike, which involved at least one missile and several drones. The attack also caused damage to multiple US refuelling aircraft, according to US and Arab officials.",
        "link": "https://www.france24.com/en/iranian-strike-on-saudi-base-wounds-several-us-troops-damages-aircraft",
        "severity": 4,
        "scraped_at": "2026-03-28T20:17:32.149472+00:00"
      }
    },
    {
      "type": "Feature",
      "geometry": {
        "type": "Point",
        "coordinates": [
          105.3188,
          61.524
        ]
      },
      "properties": {
        "id_hash": "79a509f7027f3aa1b8cd277d6c4067d9f696ceb882b34cdf9b9394e84867ea0f",
        "title": "Russian strikes on Ukraine kill at least 5",
        "summary": "Russia launched over 270 drones at Ukraine overnight, killing at least five people, Ukrainian authorities reported on Saturday. Two people were killed and at least 11 more were injured in a nighttime Russian drone strike on Odesa, according to the head of the region, Serhii Lysak. According to Lysak's Telegram posts, the attack damaged a maternity hospital and private houses in the major Black Sea port city.",
        "link": "https://www.france24.com/en/russian-strikes-on-ukraine-kill-at-least-5",
        "severity": 6,
        "scraped_at": "2026-03-28T20:17:32.149511+00:00"
      }
    },
    {
      "type": "Feature",
      "geometry": {
        "type": "Point",
        "coordinates": [
          53.688,
          32.4279
        ]
      },
      "properties": {
        "id_hash": "2a130a55220a6318b6ba68694889f6880755b420c7f5b7970837b796b3ae4a6d",
        "title": "What could Houthi involvement in the Iran war mean?",
        "summary": "Iranian-backed Houthi rebels entered the month-old war in the Middle East on Saturday by claiming a missile launch that Israel said it intercepted. The Houthis’ entry could further hurt global shipping if they again target vessels in the Bab el-Mandeb Strait off the Red Sea. FRANCE 24's Kethevane Gorjestani brings you this analysis.",
        "link": "https://www.france24.com/en/what-could-houthi-involvement-in-the-iran-war-mean",
        "severity": 2,
        "scraped_at": "2026-03-28T20:17:32.149574+00:00"
      }
    },
    {
      "type": "Feature",
      "geometry": {
        "type": "Point",
        "coordinates": [
          1.8883335,
          46.603354
        ]
      },
      "properties": {
        "id_hash": "95eaa07cebbe800230756a61a532b080ec442a62f5da0fe03743603a63d5882f",
        "title": "France unveils aid to shield key sectors from soaring fuel prices",
        "summary": "Facing soaring fuel prices from the Middle East conflict, the French government has announced €70 million in targeted aid for April, helping transport, fishing, and agriculture. Measures include a 20-cent-per-litre fuel subsidy for small transport businesses and fishing boats, plus zero excise on agricultural diesel. The support is limited, sector-focused, and adaptable, while broader tax cuts are ruled out to protect public finances.",
        "link": "https://www.france24.com/en/france-unveils-aid-to-shield-key-sectors-from-soaring-fuel-prices",
        "severity": 0,
        "scraped_at": "2026-03-28T20:17:33.047799+00:00"
      }
    },
    {
      "type": "Feature",
      "geometry": {
        "type": "Point",
        "coordinates": [
          105.3188,
          61.524
        ]
      },
      "properties": {
        "id_hash": "46a4b6dcda9e9ed300c00795bf5c0bb3b3a2f0101ce97d27423a83372a0f42d9",
        "title": "Deadly Russian strikes damage port, maternity hospital",
        "summary": "Russian air attacks across Ukraine early Saturday killed at least four people and damaged critical infrastructure, including a port and a maternity hospital, authorities said, as Russia pressed on with its war against Ukraine. FRANCE 24's Gulliver Cragg reports from Kyiv.",
        "link": "https://www.france24.com/en/deadly-russian-strikes-damage-port-maternity-hospital",
        "severity": 8,
        "scraped_at": "2026-03-28T20:17:33.047938+00:00"
      }
    },
    {
      "type": "Feature",
      "geometry": {
        "type": "Point",
        "coordinates": [
          34.8516,
          31.0461
        ]
      },
      "properties": {
        "id_hash": "6c211a73ca6299a3ca2eb1db8c928f24f7027184f8d5eee907b1f52d19a69d39",
        "title": "'History is repeating itself': Fears of Israeli occupation grow in Lebanon",
        "summary": "Fears of an Israeli occupation of southern Lebanon are growing among residents as more and more people become displaced due to ongoing air strikes, FRANCE 24's Olivia Bizot said, reporting from Beirut. \"The people who are now being displaced are often often being displaced for the second or third time since 2024\", Bizot said, citing locals who say they have the impression that \"history is repeating itself\".",
        "link": "https://www.france24.com/en/history-is-repeating-itself-fears-of-israeli-occupation-grow-in-lebanon",
        "severity": 2,
        "scraped_at": "2026-03-28T20:17:33.047984+00:00"
      }
    },
    {
      "type": "Feature",
      "geometry": {
        "type": "Point",
        "coordinates": [
          1.8883335,
          46.603354
        ]
      },
      "properties": {
        "id_hash": "36e91c7b95c4afd071b92085a2beeb14a72808f5d7db4e051f97cb63e70e26c9",
        "title": "France foils Paris bomb plot outside US bank, opens anti-terror probe",
        "summary": "French police on Saturday stopped an apparent bomb attack outside a Bank of America branch in Paris. The French counter-terrorism prosecutor's office said it was investigating a \"terrorist criminal conspiracy\".",
        "link": "https://www.france24.com/en/france/20260328-%F0%9F%94%B4-france-foils-paris-bomb-plot-outside-us-bank-opens-anti-terror-probe",
        "severity": 4,
        "scraped_at": "2026-03-28T20:17:33.976786+00:00"
      }
    },
    {
      "type": "Feature",
      "geometry": {
        "type": "Point",
        "coordinates": [
          125.7247076,
          38.9920349
        ]
      },
      "properties": {
        "id_hash": "3a1509b4535d92d77ac4bf5e89970cc3bdf3b2cd2f0df8d130ff60406806baa7",
        "title": "Scientists dive beneath Arctic ice to study threatened ecosystems",
        "summary": "Scientists trained in Finland to dive beneath Arctic ice, studying fragile polar ecosystems threatened by climate change. The course gives rare, hands-on skills to explore underwater habitats robots cannot safely survey, as instructors warn of the urgent need for more research to protect these vanishing environment",
        "link": "https://www.france24.com/en/scientists-dive-beneath-arctic-ice-to-study-threatened-ecosystems",
        "severity": 2,
        "scraped_at": "2026-03-28T20:17:35.301554+00:00"
      }
    },
    {
      "type": "Feature",
      "geometry": {
        "type": "Point",
        "coordinates": [
          53.688,
          32.4279
        ]
      },
      "properties": {
        "id_hash": "eabdf12d7584fbc325354a4b85b93b224cd0f4a78b6fac912a7cad85a5d2214b",
        "title": "'Divide among men above and under 35': CPAC highlights generational GOP split",
        "summary": "For the first time in nearly a decade, President Donald Trump did not attend one of the biggest annual meetings of conservatives. But even in his absence, the Conservative Political Action Conference revolved around him as well as the Iran war which has divided Trump supporters. \"The real divide is among men above and under 35 years oid\", said Todd Belt, professor and director of Political Management Program at George Washington University, citing a recent poll. Belt said men above 35 remain firm supporters of Trump while those younger no longer are. \"It's breaking up the Republican Party,\" he added.",
        "link": "https://www.france24.com/en/divide-among-men-above-and-under-35-cpac-highlights-generational-gop-split",
        "severity": 2,
        "scraped_at": "2026-03-28T20:17:35.301698+00:00"
      }
    },
    {
      "type": "Feature",
      "geometry": {
        "type": "Point",
        "coordinates": [
          117.8902853,
          -2.4833826
        ]
      },
      "properties": {
        "id_hash": "38277fcd373f0a341a5037bcd03638b59a7c182b25a70bb40dbc25ebd9aaa3a5",
        "title": "Indonesia begins enforcing social media ban for children under-16s",
        "summary": "Indonesia began enforcing a social media ban for children under the age of 16 on Saturday, after a minister warned digital platforms there was \"no room for compromise.\" he Southeast Asian nation announced the ban this month citing threats from online pornography, cyberbullying and internet addiction, as concerns grow globally over the impact of social media on children's wellbeing.",
        "link": "https://www.france24.com/en/indonesia-begins-enforcing-social-media-ban-for-children-under-16s",
        "severity": 2,
        "scraped_at": "2026-03-28T20:17:36.772241+00:00"
      }
    },
    {
      "type": "Feature",
      "geometry": {
        "type": "Point",
        "coordinates": [
          -80.8328748,
          23.0131338
        ]
      },
      "properties": {
        "id_hash": "c0e56d9623f84e098efb8c1b682177c364e09e160c1a21643875f08a1a94f99f",
        "title": "Cuba holds civilian military drills amid deepening fuel crisis",
        "summary": "Cuba held a nationwide civilian military exercise Friday involving weapons training and combat drills, part of a broader push to expand militarisation to youth under its “war of the entire people” doctrine, which authorities describe as a collective patriotic duty. The drills came amid a deepening humanitarian crisis for the island as it faces chronic fuel shortages due to a US oil blockade.",
        "link": "https://www.france24.com/en/cuba-holds-civilian-military-drills-amid-deepening-fuel-crisis",
        "severity": 2,
        "scraped_at": "2026-03-28T20:17:38.284330+00:00"
      }
    },
    {
      "type": "Feature",
      "geometry": {
        "type": "Point",
        "coordinates": [
          31.1656,
          48.3794
        ]
      },
      "properties": {
        "id_hash": "0579d22dd697bd85c443e594cc1a0a13788a4ab9da9066d7c9478f208fbae7af",
        "title": "Ukraine, UAE seal defence deal: Kyiv’s 'know-how and equipment” gain recognition",
        "summary": "Ukraine and the United Arab Emirates have agreed to cooperate on defence amid Iran’s drone strikes across the region, according to Ukrainian President Volodymyr Zelensky. The news comes as the war in the Middle East escalates, prompting countries in the region – particularly those facing Iranian attacks – to recognise \"what Ukraine has to offer in terms of defence technology\", FRANCE 24’s Gulliver Cragg said, noting that the newly signed agreement focuses on exporting Kyiv’s “know-how and equipment”. Cragg added that Ukrainian teams would also pilote from a distance interceptor drones flying over the Middle East.",
        "link": "https://www.france24.com/en/ukraine-uae-seal-defence-deal-kyiv-s-know-how-and-equipment-gain-recognition",
        "severity": 6,
        "scraped_at": "2026-03-28T20:17:38.284491+00:00"
      }
    },
    {
      "type": "Feature",
      "geometry": {
        "type": "Point",
        "coordinates": [
          53.688,
          32.4279
        ]
      },
      "properties": {
        "id_hash": "cb2ce83cff5af268b88bb04f94b5eefd221741c25da44fd5770ff7ee6f268b19",
        "title": "Israeli strike hits Tehran home, killing several children",
        "summary": "Israeli authorities said an Iranian missile attack killed a man in Tel Aviv on Friday, as Tehran pressed its retaliatory strikes across the region a month into the war. Meanwhile in southern Tehran, a pre-dawn Israeli strike hit a residential building, killing at least five children.",
        "link": "https://www.france24.com/en/israeli-strike-hits-tehran-home-killing-several-children",
        "severity": 8,
        "scraped_at": "2026-03-28T20:17:38.284607+00:00"
      }
    },
    {
      "type": "Feature",
      "geometry": {
        "type": "Point",
        "coordinates": [
          34.8516,
          31.0461
        ]
      },
      "properties": {
        "id_hash": "5b151924be6556642653b290f248a7c66c040ad3e3485aaa9d4df8029829c524",
        "title": "Beirut 'holding its breath' as Israel launches strikes across Lebanon",
        "summary": "Beirut is a city \"holding its breath\" as Israel continues its assault on Lebanon, FRANCE 24's Oliva Bizot said, adding that the capital has now become a giant \"car park\" with displaced people living out of their vehicles, not knowing where to go.",
        "link": "https://www.france24.com/en/video/20260328-beirut-holding-its-breath-as-israel-launches-strikes-across-lebanon",
        "severity": 2,
        "scraped_at": "2026-03-28T20:17:38.284663+00:00"
      }
    },
    {
      "type": "Feature",
      "geometry": {
        "type": "Point",
        "coordinates": [
          53.688,
          32.4279
        ]
      },
      "properties": {
        "id_hash": "4d21ee8bf178f61685e31e8f7063985462b4847e7c1c57b2051d9ce3913ee32c",
        "title": "Iranian-backed Houthi rebels say launched missile attack on Israel",
        "summary": "Iranian-backed Houthi rebels have claimed responsibility for a missile attack on Israel. Brig. Gen. Yahya Saree, a military spokesman for the Houthis, issued a statement on Saturday on the rebel group’s Al-Masirah satellite television network. Israel’s military had earlier said it had intercepted a missile.",
        "link": "https://www.france24.com/en/iranian-backed-houthi-rebels-say-launched-missile-attack-on-israel",
        "severity": 2,
        "scraped_at": "2026-03-28T20:17:38.284720+00:00"
      }
    },
    {
      "type": "Feature",
      "geometry": {
        "type": "Point",
        "coordinates": [
          53.688,
          32.4279
        ]
      },
      "properties": {
        "id_hash": "d941333f7876c2740004935002fe4ac7168a2f875d44c01f68196fa2b14767f0",
        "title": "Yemen's Houthis claim missile attack on Israel in expanding conflict",
        "summary": "Iranian-backed Houthi rebels claimed a missile launch toward Israel early Saturday, their first since the war in the Middle East started. The Israeli military said it intercepted the projectile. The attack came as a surprise for Israel as authorities estimated that Houthis would only join in the war if a ceasefire agreement was on the table, FRANCE 24's Noga Tarnopolsky said, adding that \"for now it's certainly an expanding conflict\".",
        "link": "https://www.france24.com/en/yemen-s-houthis-claim-missile-attack-on-israel-in-expanding-conflict",
        "severity": 4,
        "scraped_at": "2026-03-28T20:17:38.284759+00:00"
      }
    },
    {
      "type": "Feature",
      "geometry": {
        "type": "Point",
        "coordinates": [
          -75.0152,
          -9.19
        ]
      },
      "properties": {
        "id_hash": "22d85c99c79b39a75a7fa273bf1aece64e7b0d3c65f6a0c68fbffeefd901e778",
        "title": "Senegal to stage AFCON victory celebrations in Paris despite losing title",
        "summary": "Despite being stripped of their title, the Senegal national team are expected to present their AFCON 2025 trophy to fans in the build-up to their friendly match against Peru at the Stade de France on Saturday.  The country's football federation has also lodged an appeal to the Court of Arbitration for Sport over CAF's decision to award the title to Morocco.",
        "link": "https://www.france24.com/en/sport/20260328-senegal-stage-afcon-victory-celebrations-paris-despite-losing-title",
        "severity": 2,
        "scraped_at": "2026-03-28T20:17:38.284816+00:00"
      }
    },
    {
      "type": "Feature",
      "geometry": {
        "type": "Point",
        "coordinates": [
          -1.8692099,
          52.4577754
        ]
      },
      "properties": {
        "id_hash": "b72289950bab77531571f8331e6a78319ba408f591f436a342a03c1d5d7d3fe2",
        "title": "The Loss of a Journalist in Burundi",
        "summary": "<p>Human Rights Watch mourns the&nbsp;passing of Burundian journalist Jackson Bahati, who died suddenly at age 55 on March 16, 2026.</p>  \n\n\n\n      \n\n\n  \n  \n\n\n\n\n  \n          \n                    \n\n\n\n                  \n          Click to expand Image\n          \n\n\n\n  \n        \n  \n\n        \n                      \n      \n        \n              Jackson Bahati.\n                    © Private\n          \n    \n\n\n  \n<p>Bahati was a pillar among journalists in Burundi. A skilled writer and presenter, he was led by an innate curiosity and love for his country. Throughout his career spanning decades, Bahati interviewed many victims and witnesses of human rights abuses with care and compassion, empowering them while giving voice to their experiences.</p><p>Bahati worked for a variety of outlets across Burundi over the course of his career and was regarded as a mentor for younger journalists, ready to support the next generation. He was deeply committed to those who looked to him as a teacher and wanted, above all else, a strong media in Burundi to be part of his legacy.</p><p>When Burundi experienced&nbsp;tumultuous political and security upheaval in 2015, Bahati remained in the country, committed to continuing his work. He was attuned to the challenging and at times dangerous security situation for&nbsp;journalists working in that environment but never allowed these to discourage him or those around him.&nbsp;</p><p>In 2015, during violence around his home in Cibitoke, Bahati was&nbsp;out in front of the reporting, leading with his eloquence and a deep personal commitment to both journalism and the human rights cause.</p><p>Bahati’s death is a shock to the Great Lakes media community and his colleagues and partners around the world, including Human Rights Watch. We express our deepest condolences to his family and all those close to him. Burundi has lost a committed journalist, fierce advocate, friend, and a kind, generous soul. He will be dearly missed and always remembered.</p>",
        "link": "https://www.hrw.org/news/2026/03/27/the-loss-of-a-journalist-in-burundi",
        "severity": 2,
        "scraped_at": "2026-03-28T20:17:41.007024+00:00"
      }
    },
    {
      "type": "Feature",
      "geometry": {
        "type": "Point",
        "coordinates": [
          -98.5795,
          39.8283
        ]
      },
      "properties": {
        "id_hash": "b15cc51d1455f37a8d3c2fd751b40c28c94a460fae0468c82664832ccada6bf1",
        "title": "A Year on from Myanmar’s Earthquake",
        "summary": "Click to expand Image\n          \n\n\n\n  \n        \n  \n\n        \n                      \n      \n        \n              Following the March 28, 2025 earthquake in Myanmar, people clear debris from damaged buildings in Naypyidaw, April 7, 2025.\n                    © 2025 AP Photo\n          \n    \n\n\n  \n<p>On March 28, 2025, a 7.7-magnitude earthquake struck central Myanmar, killing thousands and devastating communities already affected by armed conflict, displacement, and economic collapse.</p><p>The quake and its aftershock toppled buildings and collapsed roads and bridges across several of the country’s states and regions. Essential services were brought to the “verge of collapse,” according to the United Nations Office for the Coordination of Humanitarian Affairs, impacting millions of people. But rather than receiving support, most were left to contend with the junta’s misuse of aid for military purposes.</p><p>Junta officials&nbsp;denied and delayed visas for international emergency response teams, confiscated medicine, extorted and harassed aid workers, and blocked internet access. Areas under the opposition’s control—large swathes of the affected regions—were left “largely devoid of external assistance,” according to an internal UN report. Hundreds of thousands were displaced and exposed to extreme heat without access to clean water or medical care.</p><p>The junta took advantage of this catastrophe to ruthlessly attack civilians in affected areas, despite its announcement of a ceasefire to allow for relief. In the two months after the earthquake, the military&nbsp;carried out more than 550 aerial and artillery attacks, killing hundreds of civilians. More airstrikes were launched in April 2025 than in any prior month since the 2021&nbsp;military coup.</p><p>Over the past year, the military has benefitted from increased support from China and Russia. Military operations to retake territory from opposition forces ahead of the junta’s recent&nbsp;sham national elections involved numerous airstrikes killing and wounding civilians that&nbsp;amounted to war crimes.</p><p>Earlier this month, the junta convened its new proxy parliament, a military body in all but name. Army chief Sr. Gen. Min Aung Hlaing, who has overseen the military’s war crimes, crimes against humanity, and genocidal acts for 15 years, is seeking the role of president.</p><p>After the earthquake, the UN Security Council&nbsp;released a statement calling for timely and effective assistance, echoing its&nbsp;December 2022 resolution. But the council has&nbsp;remained largely deadlocked and ineffectual on Myanmar and the junta’s frequent violations of the resolution.</p><p>Waves of overlapping crises—humanitarian, man-made, and natural—continue to threaten the lives and well-being of people across Myanmar. The junta has driven these conditions. Governments should increase pressure on the military to protect the rights of everyone in Myanmar, now and in future disasters.</p>",
        "link": "https://www.hrw.org/news/2026/03/27/a-year-on-from-myanmars-earthquake",
        "severity": 6,
        "scraped_at": "2026-03-28T20:17:41.007274+00:00"
      }
    },
    {
      "type": "Feature",
      "geometry": {
        "type": "Point",
        "coordinates": [
          -98.5795,
          39.8283
        ]
      },
      "properties": {
        "id_hash": "4474bae56e34fd52e053f2a1027823ddbf53a8740ca55e5b955d03fa2a716e04",
        "title": "Hungary Orders Investigation of Journalist on Espionage Accusation",
        "summary": "Click to expand Image\n          \n\n\n\n  \n        \n  \n\n        \n                      \n      \n        \n              A man holds a banner showing the eyes of Hungarian Prime Minister Viktor Orban during a protest against the government's alleged use of powerful spyware to spy on critical journalists, politicians, and business leaders, Budapest, Hungary, July 26, 2021.&nbsp;\n                    © 2021 AP Photo/Anna Szilagyi\n          \n    \n\n\n  \n<p>The decision by Hungary’s minister of justice to order an investigation into Szabolcs Panyi, a prominent Hungarian journalist, on dubious accusations of espionage, marks a dangerous escalation in the state’s crackdown on independent media.&nbsp;</p><p>The government accuses Panyi, who writes for Direkt36&nbsp;and VSquare, of spying&nbsp;“in cooperation with a foreign state,”suggesting his journalism serves as a&nbsp;“cover activity.”&nbsp;He has not yet been charged with any offence. Conviction for espionage&nbsp;carries a sentence of up to 15 years. Panyi has&nbsp;denied the accusations, calling them an attack on journalism.&nbsp;</p><p>The allegations stem from his reporting on ties between the Hungarian and Russian governments, including communications between officials that could be politically embarrassing to the Hungarian government.&nbsp;</p><p>The investigation started after&nbsp;a Hungarian pro-government newspaper published a covertly recorded conversation between Panyi and a source. The recording raises fresh concerns about surveillance of journalists in Hungary, especially as Panyi was&nbsp;previously targeted by Pegasus spyware, which allows users unfettered access to a targets device and is only supplied to governments. A 2023 European Parliament investigation found that Hungary’s government uses Pegasus.&nbsp;</p><p>Hungary’s media environment has been systematically eroded over the past decade with an estimated 80 percent of the media now&nbsp;directly or indirectly controlled by the government. Some independent outlets have been taken over by government-linked actors and&nbsp;turned into pro-government mouthpieces, while others have been&nbsp;shut down completely.</p><p>Hundreds of pro-government outlets have been&nbsp;consolidated under the umbrella of a single private foundation, the Central European Press and Media Foundation, or KESMA, while independent media face sustained economic pressure through the selective allocation of state advertising. Journalists face smear campaigns, obstruction, and surveillance, while&nbsp;regulators lack independence, creating an increasingly hostile environment for independent reporting.</p><p>Investigating a journalist for espionage in retaliation for reporting on issues of public interest risks criminalizing journalism itself. It sends the chilling message that reporters who look too closely may face criminal proceedings.</p><p>Hungarian authorities should immediately drop their investigation into Panyi and end their intimidation of independent journalists.</p><p>The European Commission should closely monitor Panyi’s case and ensure it is reflected in its ongoing assessment of Hungary’s compliance with the rule of law and funding conditionality, while EU member states should use the article 7 process, designed to address serious rule of law breaches including by suspending a member state’s voting rights, to pressure Hungary to end its crackdown on independent media.</p>",
        "link": "https://www.hrw.org/news/2026/03/27/hungary-orders-investigation-of-journalist-on-espionage-accusation",
        "severity": 4,
        "scraped_at": "2026-03-28T20:17:41.007520+00:00"
      }
    },
    {
      "type": "Feature",
      "geometry": {
        "type": "Point",
        "coordinates": [
          71.247499,
          30.3308401
        ]
      },
      "properties": {
        "id_hash": "0d89b38179890cabafe301dbff7038f08dc6887c52c8218e07f6c21e622bdb1e",
        "title": "Pakistan: Airstrike on Afghan Medical Facility Unlawful",
        "summary": "Click to expand Image\n          \n\n\n\n  \n        \n  \n\n        \n                      \n      \n        \n              A man places stones on graves during a mass funeral for victims of the Pakistani airstrike on the Omid Drug Rehabilitation Center in Kabul, Afghanistan, March 26, 2026.\n                    © 2026 AP Photo/Siddiqullah Alizai\n          \n    \n\n\n  \n<p>(New York) – A&nbsp;Pakistani airstrike on a drug treatment center in&nbsp;Afghanistan on March 16, 2026, was an unlawful attack and a possible war crime, Human Rights Watch said today. International agencies reported that at least 143 people were killed and more than 250 injured, most of them patients. Pakistani authorities should promptly and impartially investigate the incident and hold all those responsible for wrongdoing to account.</p><p>The Pakistan air force attack struck the Omid Drug Rehabilitation Center, a 2,000-bed treatment complex in eastern Kabul that has operated since 2016 on the premises of a former NATO base known as Camp Phoenix. A center employee told Human Rights Watch that three buildings were hit: a large building used as a dining area, a building that accommodates 450 patients, and a guard room where eight men were working. On March 17, Pakistan’s federal minister of information and broadcasting, Attaullah Tarar, posted on&nbsp;X that Pakistan had carried out “precision airstrikes” on “technical support infrastructure and ammunition storage facilities,” but did not mention the Omid facility.</p><p>“The available evidence indicates that the Pakistani airstrike against a well-known Kabul medical facility killing dozens of patients was unlawful,” said&nbsp;Patricia Gossman, senior associate Asia director at Human Rights Watch. “Pakistani authorities need to carry out an impartial investigation to determine why it hit a drug treatment center filled with civilians and who should be held to account.”</p><p>The center employee said that over 1,000 patients were at the facility at the time of the attack, but the actual number is uncertain. An official with an international agency said that many patients were in the dining area to break the Ramadan fast. The United Nations&nbsp;describedthe “complete destruction of one block that housed adolescents receiving drug treatment.”</p><p>Afghanistan’s poor health infrastructure and lack of DNA testing capacity have hampered identification of the dead. An Afghan forensic doctor at the Public Health Ministry said that medical personnel could not identify some bodies. The father of one victim said: “We searched all hospitals in Kabul…[but] we couldn’t find him. Then we went to forensic medicine, and his body was there. … They showed us many bodies before we could identify him.”</p><p>Afghan officials have&nbsp;read out their names to families searching for their relatives. Omid center patients also included detainees and prisoners from Pul-e Charkhi prison, 16 kilometers east, and people picked up during anti-drug sweeps in Kabul. Former employees and aid officials said that the missing may include prisoners and other patients who escaped in the chaos.</p><p>Satellite imagery from March 23, analyzed by Human Rights Watch, shows widespread destruction across the Omid center. The largest building in the compound and two smaller buildings are destroyed. Other buildings around the main building sustained heavy damage, as well as a group of buildings in a corner of the compound that appear completely burned.</p><p>Human Rights Watch verified a video that the Pakistan information minister posted on social media on March 17 showing a missile hitting the largest building in the compound, closely followed by explosions at two other buildings. Humanitarian agency officials told researchers that the large building was used as a dining area and for accommodation, which Human Rights Watch corroborated by matching earlier photographs and video of the building’s interior. A 2023 Al Jazeera&nbsp;documentary about the Omid center shows dozens of patients gathering in the courtyard outside the building. Humanitarian agency officials said the other two buildings were living facilities and a guard room that a center employee said was used to store food and cooking oil.</p><p>Human Rights Watch verified three videos posted on social media showing the immediate aftermath of the attack and photographs from search-and-rescue operations showing destruction across the camp. Videos show the group of buildings in the center’s corner engulfed in flames. In a verified video, a sign on a burning building reads “Directorate of 2000-bed Support and Treatment Center (2000), Omid.” A photograph of the same building’s destroyed interior posted online on March 17 shows charred remains of a bunk bed.</p><p>The former NATO complex also houses the 1,000-bed Ibn Sina Addiction Treatment Hospital, run by the Public Health Ministry. The two medical facilities occupied only part of the former military base, and the purpose of other structures in the complex is unclear. However, in the videos reviewed, Human Rights Watch saw no indication of secondary detonations caused by bulk explosives, propellants, or ammunition with tracer elements typically associated with ammunition depots. In addition, the facility had insufficient space to safely segregate and store bulk ammunition or propellants given the quantity and distance needed.</p><p>International humanitarian law applicable to the armed conflict between Pakistan and Afghanistan obligates all warring parties to take “constant care” to protect civilians during military operations. This includes taking all feasible precautions to avoid locating military objectives near densely populated areas and doing everything feasible to ensure that targets of attack are lawful military objectives.</p><p>Hospitals and clinics have special protections under the laws of war. While other presumptively civilian structures become military objectives when being used for a military purpose, medical facilities lose their protection from attack only if being used to commit “acts harmful to the enemy.” Even then, a warning with a reasonable time limit is required. The laws of war also prohibit attacks on military objectives if the anticipated harm to civilians is disproportionate compared to the expected military gain.</p><p>On the basis of available information, Human Rights Watch found no evidence that the Omid center was being used for military purposes, making the attack unlawfully indiscriminate. In any case, the attack would appear to violate the prohibition against disproportionate attacks. Serious violations of the laws of war committed with criminal intent—that is, deliberately or recklessly—are war crimes. Pakistan has an obligation under international law to investigate alleged war crimes by its forces and bring those responsible for serious abuses to account.</p><p>The Pakistani government in recent years has accused Taliban authorities in Afghanistan of harboring and providing material support to the Tehrik-i-Taliban Pakistan. The Islamist armed group’s attacks in Pakistan killed over 600 Pakistani security force personnel and over 500 civilians in 2024 and prompted a surge in cross-border attacks between Afghan and Pakistani forces. In February, the UN&nbsp;documented at least 76 civilian deaths and 213 injuries from Pakistani airstrikes across Afghanistan. On March 13, Pakistan’s president said that Afghanistan “had crossed a red line” after a&nbsp;spate of drone attacks on Pakistani cities injured civilians.</p><p>“Concerned countries should press Pakistan to provide genuine accountability and ensure that failures in intelligence, target verification, and decision-making are identified and fixed so such strikes never happen again,” Gossman said.</p>",
        "link": "https://www.hrw.org/news/2026/03/27/pakistan-airstrike-on-afghan-medical-facility-unlawful",
        "severity": 10,
        "scraped_at": "2026-03-28T20:17:42.072799+00:00"
      }
    },
    {
      "type": "Feature",
      "geometry": {
        "type": "Point",
        "coordinates": [
          11.6703543,
          48.0791597
        ]
      },
      "properties": {
        "id_hash": "1dab7c8777c4d975edee0c8e26b4f216fa37fc2120bcd684babd2f5867f29e95",
        "title": "India’s Transgender Rights Bill a Huge Setback",
        "summary": "Click to expand Image\n          \n\n\n\n  \n        \n  \n\n        \n                      \n      \n        \n              A protest against the transgender rights bill passed in Parliament, in Mumbai, India, March 25, 2026.\n                    © 2026 AP Photo/Rafiq Maqbool\n          \n    \n\n\n  \n<p>India’s parliament&nbsp;passed a bill this week that changes how transgender people are legally recognized and removes their right to self-identification. If the bill becomes law, it will be a major reversal of the hard-won rights of transgender people in India.</p><p>“These politicians are making laws for us when they don’t even have basic concepts of gender, sex, and sexuality,” said Akkai Padmashali, a trans rights activist. “This new bill criminalizes us and disrespects our right to exist.”</p><p>The&nbsp;2026 Transgender Persons (Protection of Rights) Amendment Bill&nbsp;amends the 2019 law that laid out an&nbsp;inclusive definition of transgender persons. Instead, it limits legal recognition to historically accepted socio-cultural groups such as&nbsp;hijra and kinner,&nbsp;as well as intersex individuals. This removes legal recognition for those who self-identify as trans men, trans women, or gender non-binary people.</p><p>The bill also mandates medical certification for identity recognition, effectively removing the gains of the landmark 2014 Supreme Court judgment in&nbsp;NALSA v. India. International human rights standards provide for self-declared identity to form the basis for access to all social security measures, benefits, and entitlements.</p><p>India’s last census recorded&nbsp;487,803 transgender persons, but so far only about&nbsp;32,500 have identity cards, essential for accessing various social security measures.</p><p>The Bharatiya Janata Party (BJP)-led government hastily pushed the bill through both houses of parliament in the face of protests from&nbsp;transgender communities. Opposition members of parliament&nbsp;criticized the bill and sought a parliamentary committee to review the proposed law.</p><p>The social justice and empowerment minister told parliament that the&nbsp;bill aims to protect only those who face severe discrimination due to biological reasons. However, the bill puts transgender persons at further risk by introducing additional offenses and up to life in prison for “coercing or alluring” people to be transgender. These are reminiscent of the colonial-era laws that criminalized transgender persons for appearing dressed as women and could be used to criminalize support systems of transgender persons, said the People’s Union for Civil Liberties.</p><p>India’s president should not sign the adopted bill into law. Instead of adopting a regressive law, the government should have broad consultations with transgender communities and work toward expanding and enforcing their rights.</p>",
        "link": "https://www.hrw.org/news/2026/03/26/indias-transgender-rights-bill-a-huge-setback",
        "severity": 2,
        "scraped_at": "2026-03-28T20:17:43.795050+00:00"
      }
    },
    {
      "type": "Feature",
      "geometry": {
        "type": "Point",
        "coordinates": [
          114.1578922,
          22.2811091
        ]
      },
      "properties": {
        "id_hash": "e748d3f75a70e7d36c70c9eb646e02178b548e914a79183339f6728a371f7054",
        "title": "Landmark Ruling for Victims of Thailand Gold Mine Contamination",
        "summary": "Click to expand Image\n          \n\n\n\n  \n        \n  \n\n        \n                      \n      \n        \n              Villagers gather outside the civil court in Bangkok after the verdict in an environmental class-action lawsuit brought against the operators of Chatree Gold Mine, March 24, 2026.\n                    © 2026 Lillian Suwanrumpha/AFP via Getty Images\n          \n    \n\n\n  \n<p>In a landmark class action lawsuit in Thailand, a court held a multinational corporation accountable for contamination from a gold mine and recognized the right of villagers in affected areas to effective remedies.&nbsp;</p><p>On March 24, the Bangkok Civil Court&nbsp;ordered Akara Resources, a subsidiary of Australia-based Kingsgate Consolidated Ltd., to pay up to THB200,000 (US$6,250) per person to 382 villagers affected by land and water contamination from the Chatree Gold Mine. The mine operator was also ordered to clean up the affected areas and take other measures.</p><p>The Chatree mine, about 280 kilometers north of Bangkok, is Thailand’s&nbsp;largest gold mine.</p><p>Blood tests conducted on hundreds of villagers living near the mine in 2014 and 2015 found that the majority of children and adults tested had unsafe levels of arsenic, manganese, and cyanide. These common byproducts of gold-mining operations can profoundly affect the health of those exposed. Akara Resources did not endorse the test results.</p><p>In 2017, Thailand’s then-military junta&nbsp;ordered gold-mining operations temporarily&nbsp;suspended across the country. Kingsgate subsequently began legal proceedings,&nbsp;alleging that the mine’s closure violated the Thailand-Australia Free Trade Agreement. In March 2023, Thai authorities allowed the Chatree mine to&nbsp;resume operations, and in November 2025, the Thai government and Kingsgate&nbsp;agreed to end the legal dispute.</p><p>Akara Resources had initially&nbsp;contested the class action and lost. Following the court’s decision this week, the company reportedly said it would consult its team “before taking any further action.” Promptly taking the steps ordered in the judgment and paying compensation without delay would best serve the harmed villagers.</p><p>Consistent with its human rights responsibilities, Kingsgate should disclose detailed summaries of the outcome of the case that led to the reopening of Chatree mine. Kingsgate should ensure that its resumed operations respect the rights of affected communities, including their right to a healthy environment. Villagers continue to&nbsp;express concerns about water quality and potential contamination of their crops.</p><p>Australia should heed the&nbsp;recommendations of the 2024 inquiry by the Joint Standing Committee on Trade and Investment Growth that called on the “Australian Government [to] seek to include human rights, labour and environmental chapters in its trade agreements.”</p><p>The ruling is a strong signal to other companies operating in Thailand that local communities can seek legal remedies through Thai courts for harms related to their business operations.</p>",
        "link": "https://www.hrw.org/news/2026/03/26/landmark-ruling-for-victims-of-thailand-gold-mine-contamination",
        "severity": 0,
        "scraped_at": "2026-03-28T20:17:45.243918+00:00"
      }
    },
    {
      "type": "Feature",
      "geometry": {
        "type": "Point",
        "coordinates": [
          7.9999721,
          9.6000359
        ]
      },
      "properties": {
        "id_hash": "59472a2eac9ca4517a2a406344db86359c54e4865cf7420b57ec861431f0369f",
        "title": "Nigeria: Maiduguri Bombings Show New Threat to Civilians",
        "summary": "Click to expand Image\n          \n\n\n\n  \n        \n  \n\n        \n                      \n      \n        \n              An armored police vehicle at a market in Maiduguri, Nigeria, on March 17, 2026, a day after blasts in the city killed at least 23 people and wounded more than 100 others.\n                    © 2026 AFP via Getty Images\n          \n    \n\n\n  \n<p>(Abuja) – Deadly bombings in Maiduguri, the capital of Borno State in northeastern Nigeria, have heightened concerns about the resurgence of violent attacks by Boko Haram and a growing risk to civilians in the region, Human Rights Watch said today. In the aftermath of this apparent war crime, Nigerian authorities should urgently strengthen protection for civilians in the region.</p><p>The attacks, on the evening of March 16, 2026, struck crowded public locations, including a market, the area near a post office, and the University of Maiduguri Teaching Hospital gate, killing 23 people and injuring 108, according to police authorities. These attacks appear to have been indiscriminate and therefore, a war crime under international law. The Nigerian government has been engaged in an armed conflict in northeastern Nigeria with the Boko Haram insurgent group, and with factions splintered from that group, for well over a decade.</p><p>“These latest attacks show that civilians in northeastern Nigeria remain dangerously exposed to deadly violence, despite years of government security efforts,” said Anietie Ewang, Nigeria researcher at Human Rights Watch. “The resurgence of such attacks in Maiduguri is deeply alarming and underscores the persistent threat armed groups pose to everyday life.”</p><p>Human Rights Watch spoke with five witnesses to the bombings at the post office, hospital, and market. No armed group has claimed responsibility, but the&nbsp;Nigerian military described the attacks as coordinated attempts by suspected Boko Haram fighters to cause mass casualties and spread panic. Jama’atu Ahlis Sunna Lidda’awati wal-Jihad (JAS) popularly known as Boko Haram, has previously carried out suicide bombings targeting civilians.</p><p>JAS was significantly weakened after its longtime leader, Abubakar Shekau,&nbsp;died in 2021 during clashes with the Islamic State West Africa Province, a rival break out faction. However, analysts say JAS appears to be making a comeback, as reflected in several recent attacks in the region.</p><p>In December 2025, a mosque in Maiduguri was bombed, killing five people, ending years of relative calm. Although violence linked to Boko Haram has declined from its peak, continued attacks across the region suggest the insurgency remains a persistent threat, and the Maiduguri bombings raise renewed concerns about security.</p><p>Borno State is widely regarded as the epicenter of the insurgency, while Maiduguri is the main operational hub for security responses. It is also a key humanitarian hub, hosting agencies that support populations affected by the crisis.</p><p>In 2020, Fatou Bensouda, then the International Criminal Court prosecutor, asserted that her office had found a reasonable basis to believe that Boko Haram and its splinter groups, as well as Nigerian security forces, had committed war crimes and crimes against humanity during the conflict. She noted that “the vast majority of criminality within the situation [was] attributable to nonstate actors.” Prosecutor Bensouda decided not to proceed with a request to open a formal investigation at the time due in part to limited resources and the situation remains in the preliminary examination stage.</p><p>Ibrahim Talba, a 35-year-old tailor, told Human Rights Watch that he had gone to a local restaurant opposite the University of Maiduguri Teaching Hospital gate to eat after breaking his fast during Ramadan. There he witnessed an argument between two young men in a commercial tricycle and a security guard, who denied them entry for not using an authorized tricycle. He said that after a brief, heated exchange, one of the men threw a food flask at the security guard, which exploded after the guard threw it back toward them. As he and others rushed toward the scene, a second explosion occurred, injuring him. He has shrapnel wounds to his back, legs, and stomach.</p><p>Fatima Sheriff, a 25-year-old food vendor, said that after delivering food to a hospital staff member, she was heading toward the gate when she paused to answer a call from her sister. She briefly noticed the argument, but the call distracted her. Moments later, a loud explosion erupted, flames engulfed the area, and she lost consciousness. She later regained it in the hospital, without any physical injuries. While there, she saw seven people brought in unconscious from the blast, including a young girl whom a doctor later pronounced dead.</p><p>Mustafa Muhammed, a 45-year-old cap seller, said he had shrapnel injuries to his back and the side of his ribs from a blast in front of the hospital. He said: “I was in the Costain area near Gwange graveyard when I heard a loud explosion from the Monday Market area. I just ran, I got on my bicycle to get home, using the road leading toward the University of Maiduguri Teaching Hospital. While crossing the road toward the hospital, there was another explosion. I don’t even know what happened. I just saw a reddish-black cloud of smoke, and then I found myself covered in blood. The next thing I knew, I opened my eyes and I was in a hospital bed.”</p><p>Babagana Abubakar, a 39-year-old fruit seller near the post office, said he was selling watermelon to a customer when a loud explosion “scattered everything.” “We all began running for safety without knowing where to hide. I knew it was a bomb blast because I’ve heard that sound before in Maiduguri,” he said.</p><p>Abubakar returned to help victims and saw people lying on the ground but was unable to tell who was alive or dead. “I tried to help one of the injured but stepped back when I saw blood coming from his chest,” he said. “I couldn’t continue. It was too much. I was shaking and felt cold all over. I didn’t know the victims, as I mostly sell to passersby, but I later recognized a young man who had bought bananas from me minutes before the blast among the dead by his white Real Madrid jersey.”</p><p>He said he still hears the echo of the explosion. “Whenever I close my eyes, I see the scene again, the bodies lying there. It keeps replaying in my mind. I have also lost my source of livelihood since all the fruits I sell were scattered everywhere from the explosion and I couldn’t pick or salvage anything.”</p><p>A 53-year-old civil servant said that he was driving toward the Monday Market to buy groceries from street vendors outside when he heard a loud explosion, accompanied by a bright red light in the sky. He said: “After the explosion, people started running in all directions. I left my car and ran on foot, as other motorists did. After running for about 400 meters without hearing any follow-up gunshots, we stopped, realizing it likely meant there were no armed operatives at the scene. The incident has really scared me. I have never experienced anything like this since I moved here.”</p><p>Nigerian authorities should urgently strengthen protection for civilians in high-risk areas, improve early warning and response measures, and provide support to victims and those who have lost their livelihoods, Human Rights Watch said.</p><p>“The bombings in Maiduguri lay bare the extreme and ongoing danger civilians in northeastern Nigeria face from armed groups,” Ewang said. “Nigerian authorities need to urgently step up efforts to protect civilians, ensure swift and transparent investigations, and hold those responsible to account.”</p>",
        "link": "https://www.hrw.org/news/2026/03/26/nigeria-maiduguri-bombings-show-new-threat-to-civilians",
        "severity": 8,
        "scraped_at": "2026-03-28T20:17:46.573312+00:00"
      }
    },
    {
      "type": "Feature",
      "geometry": {
        "type": "Point",
        "coordinates": [
          -98.5795,
          39.8283
        ]
      },
      "properties": {
        "id_hash": "03ec6096fbb9aa3a6b70c509c66b66897ee0d3e1324cf861883af9e90d50397e",
        "title": "Middle East Conflict: Rhetoric, Actions Flout Laws of War",
        "summary": "Click to expand Image\n          \n\n\n\n  \n        \n  \n\n        \n                      \n      \n        \n              Contrails from Israeli fighter jets in the sky over Tyre, Lebanon, March 24, 2026.\n                    © 2026 Fabio Bucciarelli/Middle East Images/AFP via Getty Images\n          \n    \n\n\n  \n<p>(New York, March 26, 2026) – The geographic spread, speed of escalation, and open disregard for international norms by all parties one month into the Middle East conflict are a critical stress test for the international legal order created to protect civilians during armed conflict, Human Rights Watch said today.&nbsp;</p><p>Statements by top officials from the&nbsp;United States,&nbsp;Israel, and&nbsp;Iran demonstrate a willingness to violate fundamental protections of international humanitarian law, reveal callous disregard for civilian life and property, and signal that those in power do not consider themselves bound by the law. All world leaders should urgently speak out in defense of the rules that protect civilians everywhere, strongly condemn violations, and demand accountability.&nbsp;</p><p>“As the Middle East conflict has spread and intensified, so too has the dangerous rhetoric by leaders on all sides, including open threats to commit war crimes,” said&nbsp;Philippe Bolopion, executive director of Human Rights Watch. “This explosive combination, building on world leaders’ longstanding failure to hold those responsible for serious violations of international law to account, is threatening the rules-based order that has long sought to protect civilians.”</p>  \n\n\n\n      \n\n  \n    \n  \n\n\n            \n        \n                                    \n      \n                    \n              \n        \n      \n        \n                                     \n            Nahostkrise: Vier Wochen Eskalation\n      \n                                 \n              \n              \n                  <p class=\"promo__subtitle text-white text-xs py-4 font-serif \">Nach mehr als einem Monat eskalierender Gewalt im Nahen Osten und zunehmend gefährlicher Rhetorik aller Konfliktparteien hat Human Rights Watch angesichts anhaltender schwerwiegender Menschenrechtsverletzungen erhebliche Risiken für die Zivilbevölkerung in der gesamten Region dokumentiert.</p>\n                                        \n\n\n\n\n\n\n\n\n      \n      Read Our Latest\n    \n      \n\n\n\n  \n        \n  \n\n\n                \n    \n\n\n  \n<p>Since the United States and Israel began their assault on Iran on February 28, 2026, and as Iran responded and Israel escalated attacks in&nbsp;Lebanon, all parties to the conflict have been responsible for serious violations of the laws of war, including possible war crimes. Officials’ inflammatory public statements have included open threats to kill civilians and destroy critical civilian infrastructure, suggestions that abuses by one side justify abuses by the other, and dismissal of international law and rules of engagement.&nbsp;</p><p>US President Donald Trump and Defense Secretary Pete Hegseth have in the past month alone made numerous public statements showing disregard for international humanitarian law, also called the laws of war.</p><p>Hegseth&nbsp;stated on March 13 that “no quarter” would be given to “our enemies” in Iran. Declaring no quarter––the refusal to spare enemy combatants’ lives by accepting their surrender––is a war crime.&nbsp;</p><p>On March 21, President Trump warned in a&nbsp;social media post that, if Iran didn’t “FULLY OPEN, WITHOUT THREAT, the Strait of Hormuz, within 48 HOURS,” the United States “will hit and obliterate their various POWER PLANTS, STARTING WITH THE BIGGEST ONE FIRST!” Trump later&nbsp;postponed but did not revoke his threat.&nbsp;</p><p>The laws of war protect from attack&nbsp;civilian infrastructure and objects&nbsp;indispensable to the survival of the civilian population––which could include power plants, oil and gas facilities, and water desalination plants––and attacks on these facilities could amount to war crimes. Even if such infrastructure is used in part for military purposes, an attack would likely be disproportionate and thus unlawful.</p><p>Iran’s reply to Trump’s statement indicated a willingness to commit a similar violation. Iran’s Khatam al-Anbiya military command headquarters spokesman, Ebrahim Zolfaqari,&nbsp;responded to Trump’s post by stating that if Iran’s fuel and energy infrastructure were attacked, “then all electricity power plants, energy infrastructure, and information technology systems of the Zionist regime in the region will be struck on a wide scale… all similar infrastructure which have American shareholders will be fully destroyed... [and] all electricity power plants in countries in the region that host American bases will be legitimate targets.”</p><p>Iranian officials have also claimed that all of a country’s companies, banks, and commercial ships are military objectives, which violates the presumption under the laws of war that they are protected civilian objects.&nbsp;</p><p>Iranian authorities have also threatened to commit further human rights violations against their own population, as they have done repeatedly, including in January, when security forces carried out&nbsp;countrywide massacres of protesters and bystanders.&nbsp;</p><p>Ahmad-Reza Radan, the commander of the Iranian police force, told state television in a program&nbsp;aired on March 10 that if people take to the streets “at the will of the enemy,” then “we will not see them as a protester or something else; we will see them as the enemy and do with them what we do with the enemy. … All of our guys are ready with their fingers on the triggers to safeguard their revolution, to back their people and country.” The next day, the Islamic Revolutionary Guard Corps’ Intelligence Organization issued a&nbsp;statement warning that any protests would be faced “with [even] a harsher blow than that of January 8.”</p><p>Senior Israeli officials and military leaders have also made numerous problematic statements, including threats to carry out unlawful attacks in Iran and Lebanon. The Israeli military’s Arabic spokesperson issued a&nbsp;statement on X on March 3 calling for representatives of the Iranian government to leave Lebanon before they would be targeted.&nbsp;</p><p>Attacks targeting political leaders or government officials are prohibited unless the leader is a&nbsp;member of the armed forces or a civilian&nbsp;directly participating in hostilities. Deliberately attacking a civilian violates the laws of war, and constitutes a&nbsp;war crime.</p><p>Statements about Lebanon by Israeli officials also indicate an&nbsp;intent to forcibly displace residents, destroy civilian homes, and conduct strikes that could target civilians, all violations of the laws of war.&nbsp;</p><p>During armed conflict, such warnings, threats to commit serious crimes, and other dangerous rhetoric have been followed by military action that violates the laws of war and has had grave consequences for civilians across the region.&nbsp;</p>Serious violations of the laws of war during the first month of conflict include:A US attack on a primary school in Minab in southern Iran that killed scores of civilians, including many children;&nbsp;Israel’s use of white phosphorus over homes and targeting of&nbsp;financial institutions in Lebanon;&nbsp;Iranian attacks on hotels, residential buildings, financial centers, and airports in the Gulf;Iranian attacks on commercial ships in the Strait of Hormuz;&nbsp;Israeli and Iranian&nbsp;attacks on oil and gas infrastructure; andIran’s use of internationally banned&nbsp;cluster munitions in attacks on Israel.&nbsp;<p>The attacks, as well as the threat of attacks, on&nbsp;commercial ships in the Strait of Hormuz and on&nbsp;oil and natural gas facilities in Iran and the Gulf states also appear to have contributed to significant global cost increases in energy and may also result in cost increases in food, fertilizer essential for agriculture, and transportation worldwide, as well as significant environmental damage.</p><p>This could cause economic catastrophe and food insecurity to civilians in Iran and across the Gulf and economically marginalized people across the globe. The World Food Programme&nbsp;estimates that almost 45 million more people could fall into acute food insecurity or worse should the conflict continue through the middle of the year and if oil prices remain above US$100 per barrel.&nbsp;</p><p>The toll of the conflict on civilians so far, and the extent of violations and potential war crimes, remains unknown, in part due to censorship by involved governments. In Iran, the government has imposed an unlawful blanket&nbsp;internet shutdown and arrested&nbsp;hundreds of people for alleged contact with media outlets outside Iran, taking footage of strike sites, and sending such footage to the media.&nbsp;</p><p>In the United States, Trump and Hegseth have&nbsp;attacked the media for its Iran coverage, and Federal Communications Commission Chair Brendan Carr accused media outlets of publishing “fake news” and&nbsp;threatened their broadcasting licenses.</p><p>Israeli officials have banned&nbsp;live broadcasts of city skylines,&nbsp;prohibited the reporting of precise locations of missile or rocket impacts, and&nbsp;detained journalists deemed to have violated these restrictions.</p><p>Countries in the Gulf Cooperation Council, including in&nbsp;Bahrain, Kuwait, Qatar, and the United Arab Emirates, have&nbsp;also&nbsp;detained people for allegedly posting images and footage of attacks on social media.</p><p>In Lebanon, the Iranian-backed armed group Hezbollah has banned all filming “under any circumstances” in the southern suburbs of Beirut.</p><p>In the face of this disregard for international humanitarian law and the potential far-reaching consequences of this conflict for civilians across the globe, world leaders––including allies of the United States, Israel, and Iran––should speak out for the need to respect international human rights and humanitarian law, strongly condemn violations, insist on accountability, and ensure that they are not complicit in serious violations by the warring parties.&nbsp;</p><p>Common Article 1 of the 1949 Geneva Conventions provides that states “undertake to respect and to ensure respect” for the conventions “in all circumstances.” This obligation binds the parties to the conflict in the Middle East to respect the conventions and ensure their respect by their armed forces at all times, regardless of the conduct of other parties.&nbsp;</p><p>The International Committee of the Red Cross’ authoritative&nbsp;commentary on the Geneva Conventions states that to “ensure respect” requires all states parties to the conventions “take proactive steps” to stop violations of the conventions and to “bring an erring Party to a conflict back to an attitude of respect for the Conventions, in particular by using their influence on that Party.” It&nbsp;includes the obligation “to prevent violations when there is a foreseeable risk that they will be committed.” Customary international humanitarian law also&nbsp;provides that states must exert their influence, to the degree possible, to stop violations of international humanitarian law. &nbsp;</p><p>The current Middle East conflict is occurring in the context of ongoing war crimes, crimes against humanity and&nbsp;acts of genocide in Gaza––committed by Israel with significant&nbsp;support from the United States since October 7, 2023––and Iran’s crimes against humanity against its own population. Impunity for these crimes and states failing to consistently apply international humanitarian law elsewhere, including in Sudan and Ukraine, have contributed to the dangerous disregard of the rules designed to protect civilians in war occurring today. &nbsp;</p><p>“The words of leaders are especially consequential during wartime,” Bolopion said. “Rhetoric that mocks or dismisses the laws of war is dangerously corrosive and can be seen to encourage grave violations that inevitably prove harmful to civilians. It’s increasingly clear that other governments urgently need to weigh in and press for greater protection of civilians.”</p>Additional concerning statements by US officials, some of which threaten to violate international humanitarian law, include:On March 2, Hegseth&nbsp;said that the United States was fighting the war in Iran with “No stupid rules of engagement,” reflecting comments he made throughout 2025 about “overbearing” and “burdensome” rules of engagement and “tepid legality,” and in&nbsp;2024 that the United States “should fight by its own rules” and not “by rules written by dignified men... eighty years ago.”&nbsp;On March 9, Trump said the US Navy sank Iran’s warship off the coast of Sri Lanka because “it’s more fun” to sink ships than capture them.Also on March 9, Trump&nbsp;said that the United States could strike to “make it virtually impossible for Iran to ever be built back, as a Nation, again — Death, Fire, and Fury will reign [sic] upon them.”&nbsp;On March 13, Trump&nbsp;stated that the United States had “demolished” Kharg Island, a small island critical for Iran’s oil export infrastructure, but may strike “a few more times just for fun.”&nbsp;Also on March 13, Trump&nbsp;said that while the United States had “so far... chosen not to,” it could strike “power plants that create the electricity, that create[KA1]  the water. … We could do things that would be so bad they could literally never rebuild as a nation again.”&nbsp;Additional concerning statements by Iranian officials, some of which threaten to violate international humanitarian law, include:A spokesman from Iran’s Khatam al-Anbiya Central Headquarters&nbsp;said on March 8 that “every point that serves as the origin of aggression against Iran is a legitimate target.”&nbsp;On March 14, a media outlet affiliated with Iran’s Islamic Revolutionary Guard Corps (IRGC)&nbsp;stated that American “companies will be the legitimate targets for Iran’s Armed Forces,” listing a number of US management consulting and investment firms.&nbsp;Also on March 14, an IRGC spokesperson&nbsp;posted: “The attack on American bank branches was in response to the enemy’s attack on 2 Iranian banks. If the enemy repeats this action, all branches of American banks in the region will be our legitimate target.”On March 16, Brig. Gen. Ali Mohammad Naini, an IRGC spokesman who was&nbsp;reportedly killed in an Israeli attack on March 20,&nbsp;stated that Iranian forces had targeted all vessels owned by a US or Israeli entity, regardless of their flag country.&nbsp;Additional concerning statements by Israeli officials, some of which threaten to violate international humanitarian law, include:Israeli Defense Minister Israel Katz&nbsp;said on March 16 that “hundreds of thousands of Shiite residents of southern Lebanon … will not return to their homes south of the Litani [River] area until the safety of Israel’s northern residents is guaranteed.”In a video clip&nbsp;posted on Israeli Prime Minister Benjamin Netanyahu’s X account on March 17, Netanyahu and US Ambassador to Israel Mike Huckabee joke about a “punch card” listing individuals the Israelis are targeting in Iran. Netanyahu says: “We’re wiping them out,” and Huckabee says: “I love it.”&nbsp;On March 22, Katz threatened to “hit Iran so hard it will be sent back decades” and to&nbsp;implement house demolition policies across Lebanon’s southern border villages like those seen in Gaza.&nbsp;The Israeli military’s Arabic spokesperson&nbsp;repeatedly&nbsp;posted orders on X to people in Lebanon, saying that they “will not hesitate to target anyone who is near Hezbollah members, facilities or means of combat” in the southern suburbs of Beirut.&nbsp;<p></p><p></p>",
        "link": "https://www.hrw.org/news/2026/03/26/middle-east-conflict-rhetoric-actions-flout-laws-of-war",
        "severity": 10,
        "scraped_at": "2026-03-28T20:17:46.574191+00:00"
      }
    },
    {
      "type": "Feature",
      "geometry": {
        "type": "Point",
        "coordinates": [
          -98.5795,
          39.8283
        ]
      },
      "properties": {
        "id_hash": "fd3f052e3ad8f594445189a26ae820e3b47ce5889ff1df523d15d687bb9b0da2",
        "title": "Council of Europe Adopts New Social Rights Declaration",
        "summary": "Click to expand Image\n          \n\n\n\n  \n        \n  \n\n        \n                      \n      \n        \n              People moving through the Kurfurstendamm and Tauentzienstrasse shopping districts in Berlin, Germany, August 22, 2025.\n                    © 2025 Michael Kuenne/PRESSCOV/Sipa USA via AP Photo \n          \n    \n\n\n  \n<p>Amid a bleak political landscape of&nbsp;rising authoritarianism and anti-rights political agendas, the Council of Europe and its member states adopted a&nbsp;new declaration last week in Chișinău, Moldova, reinforcing their commitment to social rights.</p><p>The&nbsp;Chișinău Declaration recognizes that “democratic stability and security are directly impacted by rising socio-economic inequalities and the cost-of-living crisis” and that “ensuring social rights as enshrined notably in the European Social Charter is essential to countering growing threats to democracy.” This high-level statement has the potential to encourage a necessary change in direction across the region—and it comes at a pivotal moment.</p><p>Political actors openly hostile to human rights and social justice are&nbsp;gaining influence. European governments are increasingly implementing policies that either seek to roll back rights protections or do away with them altogether.</p><p>First signed in&nbsp;1961 and then revised in&nbsp;1996, the Charter is sometimes described as “the social constitution of Europe.” It sets out rights—“social rights” in European legal shorthand—relating to employment, housing, health, education, social security, and the right to be free from poverty and social exclusion, among others.</p><p>Aoife Nolan, President of&nbsp;European Committee of Social Rights, the body that monitors the Charter’s implementation, has argued forcefully, citing&nbsp;evidence, that “the delivery of social rights […] is fundamental to sustaining confidence and trust in democracy.”</p><p>Michael O’Flaherty, the Council of Europe’s&nbsp;human rights commissioner and Olivier de Schutter, the&nbsp;UN special rapporteur on poverty, also published a&nbsp;joint statement ahead of the conference, saying, “The current threats to democratic life are largely the result of the sentiment, within certain groups of the population, that they are being left behind and are not benefiting from general progress.”</p><p>The Chișinău Declaration recognizes the challenge presented by the gap in democratic trust caused by unfulfilled rights promises, and responds by committing to greater investment in social rights as “both a moral imperative and a strategic choice” to bolster democratic resilience.</p><p>Governments and regional institutions across Europe should now use the Chișinău declaration’s momentum to take concrete action, translating rhetorical commitment into practice. They should act with purpose to take seriously the rights concerns of people who feel left behind. The task of rebuilding fractured trust is urgent; improving people’s lives and rights is an essential place from which to start.</p>",
        "link": "https://www.hrw.org/news/2026/03/25/council-of-europe-adopts-new-social-rights-declaration",
        "severity": 0,
        "scraped_at": "2026-03-28T20:17:46.574612+00:00"
      }
    },
    {
      "type": "Feature",
      "geometry": {
        "type": "Point",
        "coordinates": [
          79.931296,
          6.8275297
        ]
      },
      "properties": {
        "id_hash": "294ea2a5bdf86bb0cc147e61d57cb3b5b754037cb395b5befc8d39f4ff01491c",
        "title": "UN: Western Sahara Peoples’ Self-Determination at Risk",
        "summary": "Click to expand Image\n          \n\n\n\n  \n        \n  \n\n        \n                      \n      \n        \n              Displaced Sahrawis gather at the refugee camp of Dakhla, which lies some 170km to the southeast of the Algerian city of Tindouf, on January 14, 2023.\n                    © 2023 Ryad Kramdi/AFP via Getty Images \n          \n    \n\n\n  \nUN Security Council resolution on the decades-long dispute of the Western Sahara territory does not ensure that a new framework to end the long-standing issue upholds the right to self-determination for the Sahrawi people and is consistent with international law.The resolution endorses only Morocco’s autonomy proposal, which does not include independence as an option, provide for reparations, or define the people of Western Sahara who possess the right to self-determination.The UN Security Council should uphold the right to self-determination and ensure that any outcome reflects the genuine will of the Sahrawi people.<p>(Beirut) – A&nbsp;United Nations Security Council resolution on the dispute around&nbsp;Morocco’s claims to Western Sahara does not ensure that a new framework to end the long-standing impasse on the issue upholds the right to self-determination for the territory’s peoples and is consistent with international law, Human Rights Watch said today.&nbsp;</p><p>A settlement should also ensure the Sahrawis’ right to reparations for harm against them since Morocco took control of most of the territory, including compensation and the right to return for those displaced outside the territory and their descendants who have maintained appropriate links to the territory.&nbsp;</p><p>“Thirty-five years after the United Nations Security Council agreed on a referendum to resolve the situation in the Western Sahara, political expediency risks trumping the Sahrawi people’s right to self-determination,” said&nbsp;Hanan Salah, associate Middle East and North Africa director at Human Rights Watch. “To fulfill those rights, the Security Council and all countries should ensure the Sahrawi people’s right to freely determine their political status.”&nbsp;</p><p>On October 31, 2025, the Security Council adopted a United States-sponsored resolution, UNSCR 2797, on the Western Sahara and Morocco’s claims to the territory. Its stated purpose is to achieve “a just, lasting, and mutually acceptable resolution to the dispute, consistent with the UN Charter,” while affirming the “people of Western Sahara’s right to self-determination and recognizing “that genuine autonomy could represent a most feasible outcome.”&nbsp;</p><p>The resolution endorses only Morocco’s 2007&nbsp;autonomy proposal, which does not include independence as an option, provide for the right to reparations, or define the people of Western Sahara who possess the right to self-determination. Human Rights Watch takes no position on the issue of independence for Western Sahara.</p><p>Morocco has&nbsp;occupied most of Western Sahara since 1975 when Spain ended its colonial administration in the vast desert territory. There has been an armed conflict ever since between Morocco and the Popular Front for the Liberation of Saguia el-Hamra and Rio de Oro, known as the Polisario Front, an independence movement representing Sahrawis.&nbsp;</p><p>In 1991, the UN brokered a ceasefire between Morocco and the Polisario Front and&nbsp;established the UN Mission for the Referendum in Western Sahara to monitor the ceasefire and organize a referendum that would allow eligible Sahrawis to choose between&nbsp;independence and integration with Morocco. The referendum never materialized. Morocco claimed that establishing a voter list was impracticable and rejected independence as a referendum option, while the Polisario Front&nbsp;insisted on an option for independence. The armed conflict between Polisario and Morocco&nbsp;resumed in 2020.&nbsp;</p><p>International humanitarian law applies in the territory due to the armed conflict and Morocco’s occupation. Morocco also maintains a responsibility to uphold its obligations to the population under international human rights law.</p><p>At least&nbsp;173,000 Sahrawi refugees currently reside in&nbsp;remote refugee camps near the town of Tindouf, in Algeria, administered by the Polisario Front. According to&nbsp;World Population Review, a majority of the population of the Western Sahara now consists of Moroccans who started to settle in the region when the territory came under Moroccan occupation and their descendants.&nbsp;</p><p>International humanitarian law&nbsp;forbids an occupying power from transferring its civilian population into an occupied territory, and such transfer constitutes a war crime under the Rome Statute of the International Criminal Court.&nbsp;</p><p>The people of Western Sahara have the right to self-determination under international law, Human Rights Watch said. A&nbsp;1975 Advisory Opinion of the International Court of Justice (ICJ) reaffirmed the right of Western Sahara peoples to self-determination in accordance with the 1960 General Assembly&nbsp;resolution 1514 (XV) on Granting of Independence to Colonial Countries and Peoples.&nbsp;</p><p>The ICJ has&nbsp;found that in non-self-governing territories, the right to self-determination may be fulfilled through one of the options of “independence, free association with an independent state, or integration with an independent state,” and “must be the expression of the free and genuine will of the people concerned.” A key aspect of the exercise of the right to self-determination is the “freely expressed wishes of the people concerned.”&nbsp;</p><p>Human Rights Watch&nbsp;research has found that Moroccan authorities&nbsp;systematically obstruct the work of groups that advocate self-determination in Western Sahara and have&nbsp;repressed any manifestations of opposition to Moroccan rule. They have enforced laws penalizing affronts to Morocco’s “territorial integrity;” prevented gatherings and associations supporting Sahrawi self-determination; beat activists in their custody and on the streets, subjected them to torture, imprisoned and sentenced them in trials marred with due process violations and coerced statements; and impeded their freedom of movement.</p><p>In December 2025, Human Rights Watch wrote to the United States, United Kingdom, France, Morocco, Algeria, and to the secretary general’s special envoy on the Western Sahara, Staffan de Mistura, requesting information on the negotiations framework on the future of Western Sahara, but has not received a response.</p><p>The Security Council should uphold the right to self-determination and ensure that any outcome reflects the genuine will of the Sahrawi people. Any updated proposal by Morocco should also fulfill the Sahrawis’ right to reparations for harm against them since Morocco took control of most of the territory by&nbsp;1976, including compensation and the right to return for those displaced outside the territory and their descendants who have maintained appropriate links to the territory, Human Rights Watch said.&nbsp;</p><p>“The Security Council made a promise decades ago to fulfill the Sahrawi People’s right to self-determination, but has little to show for it,” Salah said. “After 50 years of occupation, it should articulate how it plans to fulfil the full range of human rights for the Sahrawi people, including self-determination.”<br /><br />The United Nations has listed Western Sahara as a&nbsp;non-self-governing territory since 1963 and its&nbsp;status hasn’t changed despite several countries’ recognition of Moroccan sovereignty. It is one of the&nbsp;last remaining such territories recognized by the UN and the only one&nbsp;listed in Africa for an incomplete&nbsp;decolonization process.&nbsp;</p><p>Non-self-governing territories are&nbsp;defined under the UN Charter as those “whose people have not yet attained a full measure of self-government.” The African Union recognizes the&nbsp;Sahrawi Arab Democratic Republic as a member state and has treated the territory as a decolonization question requiring the free and genuine expression of the will of the Sahrawi people.&nbsp;</p>Background on the Moroccan Initiative and UNSCR 2797<p>A 2007&nbsp;Moroccan Initiative for Negotiating an Autonomy Statute for the Sahara Region proposed devolving a measure of autonomy for the people of the Western Sahara under Moroccan sovereignty, excluding any option for independence, while retaining jurisdiction over national security, defense, external relations, and the judiciary.</p><p>Several states have recognized Morocco’s sovereignty claim to the Western Sahara, most notably the&nbsp;United States in December 2020. Although the African Union has not recognized it, several of its members have backed the Moroccan autnomy  proposal, including&nbsp;Senegal and&nbsp;Kenya.&nbsp;</p><p>In 2007, the Polisario Front&nbsp;issued its own proposal for a political solution, which included a referendum on self-determination. It issued an updated proposal in 2025.&nbsp;</p><p>UN Security Council resolution 2797 (UNSCR 2797) endorsed the 2007 Moroccan autonomy proposal as a basis for negotiation and called on parties to “engage in these discussions without preconditions, taking as a basis Morocco’s Autonomy Proposal, with a view to achieving a final and mutually acceptable political solution that provides for the self-determination of the people of Western Sahara,” stating that “genuine autonomy could represent a most feasible outcome.” UNSCR 2797 does not reference the 1975 World Court advisory opinion or provide guarantees that it will be respected.</p><p>The resolution does not specify who the peoples of the Western Sahara are nor whether they include all the Sahrawi people displaced since the 1975 conflict and their descendants. The&nbsp;1988 settlement plan as agreed upon by the parties mandated that “All Saharans counted in the 1974 census undertaken by the Spanish authorities and aged 18 years or over will have the right to vote in the referendum,” including “Saharan refugees counted in the census.”&nbsp;</p><p>The Polisario&nbsp;rejected the premise of the resolution.&nbsp;</p><p>In a departure from previous positions held by many member states, the&nbsp;European Union in January 2026, said it unanimously “updated its position regarding Western Sahara […] aligning it with UNSCR 2797,” and saying that negotiations should take “as a basis Morocco’s Autonomy Proposal.”</p><p>De Mistura, the secretary general’s special envoy on the Western Sahara,&nbsp;requested that Morocco provide an “expanded and updated autonomy plan” and said that UNSCR 2797 “provides a framework for negotiations. It does not prescribe an outcome.”&nbsp;</p><p>In an&nbsp;explanatory statement published on October 31, Algeria said that the resolution “fails to reflect the legitimate expectations and aspirations of the people of Western Sahara, represented by the Polisario Front.”</p>International Law on the Right to Self Determination<p>The right to self-determination is enshrined in the UN Charter and under international human rights law. Articles 1 of the International Covenant on Civil and Political Rights and the&nbsp;International Covenant on Economic, Social, and Cultural Rights both&nbsp;state “All peoples have the right of self-determination. By virtue of that right they freely determine their political status and freely pursue their economic, social and cultural development.”&nbsp;</p><p>The UN Human Rights Committee, which authoritatively interprets the covenant,&nbsp;stated in its General Comment 12 that all states are obligated to respect and promote the realization of a population’s self-determination.&nbsp;</p><p>UN General Assembly Resolution 2625 (1970), on the Declaration on Principles of International Law concerning Friendly Relations and Cooperation among States in accordance with the Charter of the United Nations, and UN General Assembly Resolution 1514 (1960) on the Declaration of Granting Independence to Colonial Countries and People, affirm the right to self-determination.&nbsp;</p><p>The African Charter on Human and Peoples’ Rights&nbsp;holds that all peoples “shall have the unquestionable and inalienable right to self-determination. They shall freely determine their political status and shall pursue their economic and social development according to the policy they have freely chosen.” In a&nbsp;landmark 2022 case brought before the African Court on Human and Peoples’ Rights on the readmission of Morocco to the African Union in 2017, the court noted:</p><p>[I]n view of the fact that part of the SADR’s [Sahrawi Arab Democratic Republic) territory is still under occupation by Morocco, there is no question that State Parties to the Charter have an obligation, individually and collectively, towards the people of SADR to protect their right to self-determination, particularly, by providing assistance in their struggle for freedom […].</p>",
        "link": "https://www.hrw.org/news/2026/03/25/un-western-sahara-peoples-self-determination-at-risk",
        "severity": 2,
        "scraped_at": "2026-03-28T20:17:47.584121+00:00"
      }
    },
    {
      "type": "Feature",
      "geometry": {
        "type": "Point",
        "coordinates": [
          117.8902853,
          -2.4833826
        ]
      },
      "properties": {
        "id_hash": "101b5965b809063fd91ae9e0dd7e929f2d4f568859671551c9bff447f6bd6af1",
        "title": "Indonesia: Acid Attack Against Rights Activist",
        "summary": "Click to expand Image\n          \n\n\n\n  \n        \n  \n\n        \n                      \n      \n        \n              Andrie Yunus, deputy coordinator at KontraS, attending a protest in Bandar Lampung, Sumatra on February 5, 2026.\n                    © 2026 Project Multatuli/Adrian Mulya\n          \n    \n\n\n  \n<p>(Sydney) – Indonesian President Prabowo Subianto should immediately issue a presidential decree setting up a fact-finding team independent of the military to fully investigate the acid attack against a prominent human rights activist who has criticized the military, Human Rights Watch said today. While the military police have arrested four soldiers in connection with the attack, the Indonesian armed forces’ long history of impunity for serious rights violations raises accountability concerns.</p><p>At about 11 p.m. on March 12, 2026, at an intersection in the Menteng area of Jakarta, two men on a motorcycle threw acid at Andrie Yunus, a 27-year-old deputy coordinator at KontraS, the nongovernmental Commission for the Disappeared and Victims of Violence. Yunus had just finished recording a podcast interview at the Indonesian Legal Aid Foundation and was traveling home by motorcycle. He has 24 percent burns to his face, chest, and hands, and has possibly lost his right eye.</p><p>“The brutal acid attack in downtown Jakarta against a prominent rights activist by alleged military intelligence members raises grave concerns for Indonesia’s entire human rights community,” said Elaine Pearson, Asia director at Human Rights Watch. “President Prabowo should set up an independent fact-finding team to investigate the attack against Andrie Yunus to ensure that all those responsible are brought to justice.”</p><p>On March 18, Indonesian military police arrested a military captain, two lieutenants, and a sergeant, all of whom work for the Indonesian Strategic Intelligence Agency (Badan Intelijen Strategis, BAIS). The agency handles military intelligence under the command of the National Armed Forces.</p><p>The National Police earlier released CCTV videos of the acid attack, showing two men following Yunus on his motorcycle, making a U-turn, and throwing the acid. They also released more than 2,000 images from 86 CCTV cameras around Jakarta that captured Yunus up to a week before the attack. The images ranged from Jakarta’s National Monument Park, where Yunus attended a protest to Bogor, to where he was visiting his parents.</p><p>The National Police released the initials of two suspects apparently derived from the CCTV images. The military police provided the initials of the four military personnel arrested, but these differed from the police list, raising concerns that all involved in the attack were not accounted for.</p><p>Yunus has been an outspoken critic of the Indonesian military, particularly since Indonesia’s parliament passed an amendment to the Armed Forces Law that expands the military’s role in civilian sectors. He also participated in a report about possible involvement of BAIS officers in arson attacks during nationwide protests over the economy in August and September 2025. He had told close friends and his parents that unidentified people were threatening him and putting him under surveillance.</p><p>More than 420 organizations have issued statements condemning “invisible hands” for planning the attack on Yunus and calling for a full and independent investigation. KontraS denounced the attack as “brutal and evil.”</p><p>On March 19, President Prabowo told journalists and commentators: “This is a barbaric act, we must pursue it. We must investigate. Who ordered them, who paid.”</p><p>Under Indonesian law, civilian police cannot investigate military personnel, with only a few rarely invoked exceptions. The 1997 Law on Military Courts provides that the military will investigate crimes by soldiers and military tribunals have jurisdiction to prosecute all alleged crimes by soldiers. The military justice system in Indonesia lacks transparency, independence, and impartiality, and has failed to properly investigate and prosecute alleged serious human rights abuses by military personnel.</p><p>In one example, Papua police investigated an October 2024 attack in Jayapura in which two men on a motorcycle threw a gasoline bomb at the newsroom of Jubi news. The January 2025 police report, based on interviews with nine witnesses and CCTV recordings, implicated two Indonesian soldiers. But the military returned the report to the police, saying that there was insufficient evidence to proceed.</p><p>KontraS has long been the target of attacks. In 2001, a bomb was sent to the home of the organization’s founding coordinator, Munir Thalib, when KontraS was investigating the role of a Special Forces team in abducting activists. On September 7, 2004, Munir was poisoned during a Garuda Indonesia flight from Singapore to Amsterdam, resulting in his death. Two civilians were convicted in the case, but a Jakarta court in 2008 acquitted a former deputy at the State Intelligence Agency who was initially charged with premeditated murder.</p><p>Since taking office in October 2024, the Prabowo administration has adopted laws and policies that undercut human rights, creating an atmosphere hostile to civil society, Human Rights Watch said. Amendments to the Armed Forces Law enacted in March 2025 permit military officers to hold more positions in government. Activists have expressed concern that a bill on&nbsp;Combatting Disinformation and Foreign Propaganda could be used to target government critics. Prabowo has repeatedly&nbsp;raised concerns over “foreign puppets,” raising fears of a crackdown on civil society groups that receive international assistance.</p><p>“It’s crucial for the Indonesian government to uncover and prosecute everyone responsible for the horrific acid attack on Andries Yunus,” Pearson said. “President Prabowo needs to demonstrate to the Indonesian people that such violence won’t be tolerated, no matter who commits it, and regardless of their rank and title.”</p>",
        "link": "https://www.hrw.org/news/2026/03/24/indonesia-acid-attack-against-rights-activist",
        "severity": 2,
        "scraped_at": "2026-03-28T20:17:49.044619+00:00"
      }
    },
    {
      "type": "Feature",
      "geometry": {
        "type": "Point",
        "coordinates": [
          105.3188,
          61.524
        ]
      },
      "properties": {
        "id_hash": "47a68c946c63bd32baad55ee2d92b8fa896e13b5cf4f919be52b28a1c5c03715",
        "title": "Iran: Deliberate Attacks on Civilian Ships Apparent War Crimes",
        "summary": "Click to expand Image\n          \n\n\n\n  \n        \n  \n\n        \n                      \n      \n        \n              The Thai cargo ship, Mayuree Naree, was struck and set ablaze in the Strait of Hormuz, March 11, 2026.\n                    © 2026 Royal Thai Navy via AP Photo \n          \n    \n\n\n  \nIranian forces appear to have deliberately targeted at least two civilian commercial ships in and around the Strait of Hormuz on March 11, 2026, which would amount to war crimes. Between March 1 and 17, the UN confirmed 17 incidents of damage to commercial vessels in the region.&nbsp;The attacks, as well as the threat of attacks, also appear to have contributed to significant global cost increases in energy, which may also result in cost increases in food and other critical sectors, to the detriment of people’s rights.Iran, the United States, and Israel should all immediately end unlawful attacks on civilians and civilian objects.<p>(Beirut, March 24, 2026) –&nbsp;Iranian forces appear to have deliberately targeted at least two civilian commercial ships in and around the Strait of Hormuz on March 11, 2026, which would amount to war crimes, Human Rights Watch said today. The attacks, and threat of attack, may also contribute to significant global cost increases in energy, food, and other critical sectors, to the detriment of people’s&nbsp;rights.</p><p>“Deliberately targeting civilian ships and their crew members is a war crime,” said&nbsp;Niku Jafarnia, Middle East and North Africa researcher at Human Rights Watch. “War crimes do not justify further war crimes, and Iran, the United States, and Israel should all immediately end unlawful attacks on civilians and civilian objects and should stop attempting to frame these objects as legitimate targets.”</p><p>Starting on March 1, Iranian forces reportedly began attacking commercial ships in and around the Strait of Hormuz in response to&nbsp;US and&nbsp;Israeli attacks on Iran, according to the International Maritime Organization (IMO), a United Nations agency. On March 11, Ebrahim Zofaghari, a spokesperson for Iran’s armed forces,&nbsp;said in a speech that if the United States and Israel continued to carry out attacks on Iran, Iranian forces would not allow “one liter of oil” through the strait.&nbsp;</p><p>Arsenio Dominquez, the IMO secretary-general,&nbsp;stated on March 6: “Around 20,000 seafarers remain stranded in the Persian Gulf, on board ships under heightened risk and considerable mental strain.”&nbsp;</p><p>Human Rights Watch documented the apparent deliberate targeting of two commercial ships, the Safesea Vishnu and the Mayuree Naree, on March 11 through statements made by Iranian authorities claiming these attacks; photographs and videos posted online of the direct aftermath of the attacks and, in the case of the Safesea Vishnu, the apparent moment of attack; and data gathered by the IMO.</p><p>Between March 1 and 17, the IMO&nbsp;confirmed 17 incidents of damage to commercial vessels from 16 apparent attacks in the Strait of Hormuz, the Persian Gulf, and the Gulf of Oman. It also reported that seven seafarers and one shipyard worker had been killed, four seafarers were missing, and ten people were injured, five severely.&nbsp;</p><p>An IMO representative told Human Rights Watch that the organization receives data from authorities such as the&nbsp;United Kingdom Maritime Trade Operations (UKMTO), the&nbsp;Joint Maritime Information Centre (JMIC), and the&nbsp;Maritime Security Centre Indian Ocean (MSCIO). It said that the organization directly verifies information it receives with the vessels’ flag states to document attacks. It said the organization was unable to confirm who was responsible for the 16 attacks. However, the IMO Council&nbsp;adopted a decision on March 19 in which they “strongly condemned the threats and attacks against vessels and purported closure of the Strait of Hormuz by the Islamic Republic of Iran.”&nbsp;</p><p>Human Rights Watch identified all the vessels included by the IMO in vessel tracking websites and was able to corroborate that they were civilian commercial vessels with civilian crews. In some cases, Human Rights Watch identified their location at the time of the attack. In addition to corroborating attacks on the Safesea Vishnu and Mayuree Naree, researchers corroborated attacks on two other vessels—Skylight and Safeen Prestige—through photographs and videos posted online as well as online statements made by government and military entities, along with a third vessel—the MKD Vyom—by statements alone. In these three cases, Human Rights Watch could not confirm who was responsible for the attacks.</p><p>One-quarter of the world’s “seaborne oil trade” travels through the Strait of Hormuz. Since the conflict began, the price of crude oil has risen by 40 percent,&nbsp;according to the New York Times. The International Energy Agency has&nbsp;stated: “The war in the Middle East is creating the largest supply disruption in the history of the global oil market.”&nbsp;</p><p>On March 16, Brigadier General Ali Mohammad Naini, a spokesman for Iran’s Islamic Revolutionary Guard Corps (IRGC) who was reportedly&nbsp;killed in an Israeli strike on March 20,&nbsp;stated that Iranian forces had targeted all vessels owned by a US or Israeli entity, regardless of their flag country. He did not indicate whether he was referring to military or civilian vessels, or both. The Joint Maritime Information Center&nbsp;stated on March 11 that while some of the vessels that had been struck since March 1 had “potential Western commercial associations…multiple attacks have involved vessels with no confirmed affiliation to US or Israeli ownership.”&nbsp;</p><p>Lloyd’s List Intelligence, a maritime data and intelligence company,&nbsp;reported that some vessels have continued to pass through the strait between March 1 and 18 and noted: “Shadow fleet vessels [ships engaging in illegal operations for the purposes of circumventing sanctions] carrying Iranian oil and gas account for most transits through the Strait of Hormuz.”</p><p>Human Rights Watch wrote to Iranian authorities on March 18 seeking clarification about the attacks but did not receive a response.</p><p>Iranian authorities, in statements they made pertaining to the two ships they claimed to have targeted—the Safesea Vishnu and Mayuree Naree—did not state that the vessels were military objects, nor did they present any evidence to demonstrate that anything on board the ships could have constituted military objects.&nbsp;</p><p>Under international humanitarian law, it is forbidden in any circumstance to carry out direct attacks against civilians and civilian objects, and warring parties are obligated to take all feasible precautions to avoid harm to civilians and civilian objects. Civilian vessels with commercial ties to the United States or Israel remain civilian objects. Warring parties must take all necessary action to verify that targets are military objectives. A person who commits serious violations of the laws of war with criminal intent—that is, intentionally or recklessly—may be prosecuted for war crimes. Individuals may also be held criminally liable for assisting in, facilitating, aiding, or abetting a war crime.</p><p>The effects of global&nbsp;fossil fuel dependence, and its connections to concentrated corporate power and authoritarian governments, are increasingly evident, Human Rights watch said. A just transition to renewable energy is an environmental and geopolitical urgency now more than ever. This requires concomitant efforts to provide universal access to public services such as social security, education, and health care to guarantee everyone’s rights and accelerate the transition.</p><p>“Iranian forces’ attacks on civilian ships in the Strait of Hormuz will result in harm to some of the most socioeconomically disadvantaged people across the globe,” Jafarnia said. “Iranian forces should immediately end these attacks, rescue the remaining three crew members aboard the Mayuree Naree, and release any seafarers they have detained.”&nbsp;</p><p>For details of the documented attacks on two vessels, further details about the others, and IRGC statements, please see below.</p>  \n\n\n\n      \n\n\n  \n  \n\n\n\n\n  \n          \n                  \n\n\n                  \n          Click to expand Image\n          \n\n\n\n  \n        \n  \n\n        \n                      \n      \n        \n               Locations of reported and confirmed attacks against commercial ships as of March 18, 2026. Approximate locations based on International Maritime Organization reporting and vessel tracking data.&nbsp;\n                    Data © 2026 IMO, VesselFinder, MarineTraffic. Graphic © 2026 Human Rights Watch.\n          \n    \n\n\n  \nMarch 11 Iranian Attacks on Ships<p>On March 11, the Safesea Vishnu, an oil tanker, was “struck by an unknown projectile,”&nbsp;according to the UKMTO. The last signal sent from the ship was received by the vessel-tracking website Marine Traffic at 10:01 p.m. local time. On March 12, the Islamic Republic News Agency (IRNA), Iran’s official state news agency,&nbsp;published a statement from the IRGC that confirmed that the Safesea Vishnu “had been hit in the northern Persian Gulf after failing to comply with and ignoring the warnings of the IRGC Navy.”</p><p>One of the crew members was killed in the attack, the IMO said. It also reported that another oil tanker, the Zefyros, caught fire in the same incident. The two vessels were next to each other within Iraqi territorial waters approximately 50 nautical miles southeast of Basra, according to measurements taken from vessel-tracking websites.&nbsp;</p><p>Human Rights Watch analyzed three videos posted to X by different accounts on March 12, with the earliest posted at 12:32 a.m. One of the videos, filmed from a nearby vessel, shows two large explosions on the Safesea Vishnu, seconds apart. Those filming from the nearby vessel claim to be the IRGC Navy and say that they have destroyed a US ship in the Persian Gulf. The Safesea Vishnu is engulfed in flames. This video supports accounts by&nbsp;Reuters from the US owner and operator of the vessel that two explosive-laden, unmanned boats rammed the vessel.&nbsp;</p><p>Another&nbsp;video shows firefighters spraying the Safesea Vishnu with water from a nearby boat. The&nbsp;BBC published a video filmed in daylight that shows the vessel tilting to one side considerably damaged. &nbsp;</p><p>The New York Times&nbsp;reported that, according to Iraq’s oil export authority, “[t]he two vessels were used by Iraq for its own oil transport.” The news outlet added that “[s]enior Iraqi officials said that one of the vessels, flying the flag of the Marshall Islands, was owned by an American company.”&nbsp;</p><p>On the same day, three other vessels—One Majesty, a Japanese-flagged container vessel, and two bulk carriers, the Marshall Islands-flagged Star Gwyneth and the Thai-flagged Mayuree Naree—were attacked in the strait, the&nbsp;IMO said.&nbsp;</p><p>The Royal Thai Navy spokesperson said in a statement that the navy had received an initial report that “two projectiles of unknown origin” had struck the Mayuree Naree as it sailed into the Strait of Hormuz after departing from the UAE. The statement said that the Omani navy had rescued 20 of the vessel’s 23 crew members, which the Omani Maritime Security Center&nbsp;confirmed. On March 18, the Royal Thai Navy&nbsp;reported that the ship had moved from Omani to Iranian territorial waters. Three crew members reportedly&nbsp;remain on board the seriously damaged vessel.</p><p>Photographs taken by rescued crew members circulating online show the superstructure emitting large columns of black smoke. One photograph shows damage to the hull of the boat near the propeller that is consistent with an explosion.&nbsp;</p><p>The day the three ships were reportedly attacked, Tasnim News, affiliated with the IRGC, posted a statement on its Telegram channel at 3:36 p.m. stating that the Mayuree Naree was “shelled by Iranian fighters hours ago after ignoring the warnings of the IRGC Navy and illegally insisting on passing through the Strait of Hormuz.”</p><p>Alireza Tangsiri, commander of the IRGC naval forces,&nbsp;posted on X&nbsp;the same day at 3:50 p.m. local time that the crew of the Mayuree Naree had “ignored [Iranian authorities’] warnings and intended to pass through the strait but was caught.” He added that “[a]ny vessel intending to pass [the Strait of Hormuz] must obtain permission from #Iran.”&nbsp;</p><p>Both statements included claims that Iranian forces had also attacked another ship, the Express Rome, a ship not listed by the IMO as having been attacked. On March 19, Human Rights Watch received confirmation from Danaos Shipping, the owners of Express Rome, that the ship had not been hit or compromised in any way and that its crew is safe.&nbsp;</p><p>According to&nbsp;media reports from March 20, a Nepali Ministry of Foreign Affairs official stated that Iranian authorities had “taken one Nepali into custody from the Strait of Hormuz.”</p>Islamic Revolutionary Guard Corps Statements<p>Human Rights Watch was unable to confirm who was responsible for the other 14 attacks the IMO documented. However, Iranian authorities have made several statements in which they have demonstrated a clear intention to attack ships, including civilian ships, that attempt to pass through the strait.</p><p>On March 4, Mohammad Akbarzadeh, an IRGC navy official, announced that the Strait of Hormuz was “under the complete control of the Islamic Republic of Iran.” On March 16, Naini&nbsp;repeated the statement.&nbsp;</p><p>“If the US claims that the Iranian Navy has been destroyed, then why is the Strait of Hormuz still closed and not even a tanker is allowed to pass,” Akbarzadeh said. “If the Iranian Aerospace Force [the IRGC’s missile, air, and space force, separate from the Air Force] has been destroyed, why do our missiles and drones hit the intended targets at specific intervals?”</p><p>On March 12, what appears to be the new X account of the newly appointed supreme leader of Iran, Mojtaba Khamenei,&nbsp;posted: “the lever of blocking the Strait of Hormuz must definitely continue to be used.” Tangsiri reposted the statement, adding: “By maintaining the strategy of keeping the #Strait_of_Hormuz closed, we will deal the most severe blows to the aggressor enemy.”</p><p>Also on March 12, the IRGC Public Relations office said in the&nbsp;statement posted by IRNA on Telegram that ships “must act in accordance with the laws and regulations of passage in the Persian Gulf and the Strait of Hormuz…in order to remain safe from being hit by stray projectiles.”</p><p>The United States has also targeted and destroyed Iranian military vessels. US Central Command&nbsp;reported that they had damaged or destroyed 43 Iranian ships within the first seven days of the war. While military vessels constitute legitimate military targets, the attacks may pose long-term environmental threats to the region. The US navy’s attack on an Iranian military vessel near Sri Lanka on March 4 caused an&nbsp;oil spill stretching 20 kilometers, according to the Conflict and Environment Observatory.</p><p>Wim Zwijnenberg, an analyst at PAX, a Dutch nongovernmental organization, told Human Rights Watch that, as of March 13, the attacks by all parties to the conflict had caused “a lot of [environmental] impacts on many different locations, [including] oil spills near Basra, Bandar Abbas and Sri Lanka, but often short-term and limited impact” as a result of authorities’ quick cleanups. However, on March 18, Zwijnenberg&nbsp;said that a separate US strike on an Iranian drone carrier near Bandar Abbas in southern Iran had “resulted in a large 25km long oil slick that is posing a threat [to] the coastal and marine environment of the Hara Biosphere and Khuran Strait Wetlands.”&nbsp;</p><p>The continuation of attacks on vessels carrying large quantities of oil and gas has the potential to cause long-term and significant environmental harm. Despite cleanup efforts, offshore oil spills have long-lasting detrimental impacts on marine life and ecosystems. Customary international humanitarian law provides that warring parties need to respect the protection and preservation of the natural environment. All feasible steps should be taken to minimize environmental harm. Using methods or means of warfare that are intended or can be expected to cause widespread, long-term, and severe damage to the natural environment is prohibited. &nbsp;</p><p>The attacks on civilian ships in the Strait of Hormuz, as well as the threat of attack, and the targeting of energy infrastructure within the context of conflicts also appear to be contributing to significant global cost increases in energy, which may lead to increases in the costs of food and other critical sectors, to the detriment of the rights of populations.</p><p>In the same speech on March 11, Zofaghari&nbsp;said: “Get ready for the oil barrel to be at [US]$200, because the oil price depends on the regional stability which you have destabilized.”</p><p>Increases in oil and gas prices will have ripple effects on sectors such as&nbsp;food, transportation, and&nbsp;energyprices around the globe, which are critical to the enjoyment of human rights. Moreover,&nbsp;news outlets and think tanks have described the potential impact on the global food supply as a result of the collapse in fertilizer exports through the strait. The&nbsp;Financial Times has reported that, according to several experts, the “Middle East war is close to triggering a global food shock worse than that unleashed by Russia’s 2022 full-scale invasion of Ukraine” given that significant percentages of the raw materials for widely used fertilizers are transported through the strait.&nbsp;</p><p>World Food Programme Deputy Executive Director Carl Skau told&nbsp;reporters on March 17 that if the ongoing regional conflict continues, “an additional 45 million people could be pushed into acute hunger by price rises.”</p>",
        "link": "https://www.hrw.org/news/2026/03/23/iran-deliberate-attacks-on-civilian-ships-apparent-war-crimes",
        "severity": 10,
        "scraped_at": "2026-03-28T20:17:49.045751+00:00"
      }
    },
    {
      "type": "Feature",
      "geometry": {
        "type": "Point",
        "coordinates": [
          104.1954,
          35.8617
        ]
      },
      "properties": {
        "id_hash": "3127ec384102dd3d9eeb5d41256dfa256f2ac025b1cfc517d16ac90542cfbadd",
        "title": "China: Prominent Rights Lawyer Sentenced to 5 Years",
        "summary": "Click to expand Image\n          \n\n\n\n  \n        \n  \n\n        \n                      \n      \n        \n              The 2017 trial of human rights lawyer Xie Yang seen on the social media account of the Changshai Intermediate People's Court in Beijing, China, May 8, 2017.\n                    © 2017 Ng Han Guan/AP Photo \n          \n    \n\n\n  \n<p>(New York) – A court in&nbsp;China sentenced the prominent human rights lawyer Xie Yang to five years in prison on March 23, 2026, on politically motivated charges of “inciting subversion of state power,” Human Rights Watch said today. The Chinese government should immediately quash the conviction, which followed serious procedural violations and years of persecution, and free Xie unconditionally.</p><p>The Changsha Intermediate People’s Court cited several of Xie’s WeChat posts as the basis for the verdict, Xie’s former wife, Chen Guiqiu,&nbsp;posted on social media. The court also ordered the confiscation of 100,000 yuan (US$14,500).</p><p>“The Chinese authorities’ prosecution of Xie Yang and the court’s harsh sentence reflects Beijing’s utter contempt for the rule of law,” said&nbsp;Maya Wang,&nbsp;deputy Asia director at Human Rights Watch. “This case not only aimed to persecute a brave human rights lawyer like Xie, but to intimidate all lawyers seeking to protect Chinese people’s rights.”</p><p>The legal proceedings against Xie were marred by serious violations of due process protections, Chen said. The authorities extended his pretrial detention 13 times for a total of over four years and barred his lawyers from participating in his hearings. Xie’s October 2025 trial was held in secret, police only told his family afterward.&nbsp;</p><p>Xie’s trial violated the right to a fair trial by an independent and impartial court as provided under international human rights law, Human Rights Watch said. In addition, the proceedings violated China’s Criminal Procedural Law, which guarantees a right to a defense (articles 33-35), public trial hearings (article 188), and time limits for a criminal investigation. With time served, Xie’s sentence is expected to go to January 2027.</p><p>The United Nations Working Group on Arbitrary Detention has&nbsp;recognized Xie’s detention as arbitrary and called for his immediate release.&nbsp;</p><p>Xie, 54, from Changsha, Hunan province, began practicing law in 2011. He has defended activists and victims of rights abuses in politically sensitive cases, including cases of religious persecution and land rights disputes.&nbsp;</p><p>Xie has faced repeated retaliation for his work. In July 2015, during the nationwide arrests of human rights lawyers known as the “709 crackdown,” Xie was tortured and subjected to enforced disappearance, convicted of “inciting subversion,” and imprisoned until 2017.&nbsp;</p><p>The authorities detained him again in January 2022 after he pressed for the release of a young teacher who had been forcibly committed to a psychiatric facility for criticizing censorship in education. Police raided Xie’s home, tortured him in custody, and held him on charges of “inciting subversion” and “picking quarrels and provoking trouble,”&nbsp;said the US-based Chinese Human Rights Defenders.&nbsp;</p><p>“Foreign governments should continue to speak out for human rights lawyers like Xie Yang because this kind of support is most important when the circumstances are so dire,” Wang said. “Vocal international support could improve Xie’s treatment, and crucially, help give him and others in China the strength to persevere.”</p>",
        "link": "https://www.hrw.org/news/2026/03/23/china-prominent-rights-lawyer-sentenced-to-5-years",
        "severity": 2,
        "scraped_at": "2026-03-28T20:17:49.045977+00:00"
      }
    },
    {
      "type": "Feature",
      "geometry": {
        "type": "Point",
        "coordinates": [
          -98.5795,
          39.8283
        ]
      },
      "properties": {
        "id_hash": "e1ac6a1e106a7784da14e94df1eb137fe263c950a53cfa550d9bdd0d7e5ef03d",
        "title": "Türkiye: European Court Hears New Case on Jailed Rights Defender",
        "summary": "Click to expand Image\n          \n\n\n\n  \n        \n  \n\n        \n                      \n      \n        \n              Osman Kavala\n                    © 2017 Private \n          \n    \n\n\n  \n<p>(London, March 24, 2026) – The Grand Chamber of the European Court of Human Rights will hear pleadings on March 25, 2026, in a case brought by the human rights defender Osman Kavala, the Turkey Human Rights Litigation Support Project (TLSP), Human Rights Watch, and the International Commission of Jurists said today.</p>  \n\n\n\n      \n\n  \n  \n    \n\n\n\n  \n        \n  \n\n          \n        Joint Third Party Intervention in Kavala v Türkiye\n      \n      \n\n\n  \n<p>&nbsp;</p><p>&nbsp;</p><p>&nbsp;</p><p>Kavala has been continuously detained since 2017, despite binding judgments from the court that his detention should end. The three organizations have submitted a&nbsp;third-party intervention to the court, arguing, among other points, that the government’s undermining of judicial independence in Türkiye has contributed to the violations against Kavala.</p><p>&nbsp;“Osman Kavala’s unlawful and politically motivated detention has been allowed to persist for the best part of a decade in part because Türkiye’s judicial system lacks independence,” said Ayşe Bingöl Demir, director of TLSP. “We hope the court will scrutinize how Türkiye’s ruling political parties have systematically taken steps to capture judicial authority and what that means for human rights.”</p><p>Kavala was arrested in October 2017, and on April 25, 2022, was convicted of “attempting to overthrow the government” and sentenced to aggravated life imprisonment for his alleged role in the 2013 mass protests triggered by an urban transformation plan around Istanbul’s Gezi Park. In 2019 and 2022, the European Court of Human Rights ruled that his detention was arbitrary and motivated by ulterior political purposes. The second judgment was the result of highly exceptional infringement proceedings, initiated by the Committee of Ministers of the Council of Europe when Türkiye failed to implement the earlier judgement.</p><p>In early 2024, Kavala submitted a new application to the court, alleging that there had been multiple additional violations of his rights since its 2019 ruling. As of November 2025, the case has been before the court’s Grand Chamber, which is now due to examine the case.&nbsp;</p><p>The organizations’ intervention describes the degradation of the independence and impartiality of the judiciary in Türkiye, leading to the capture of judicial authority by the ruling coalition political parties—Justice and Development Party (AKP) and the Nationalist Movement Party (MHP)—as part of a broader assumption of effective political control over state institutions.</p><p>Attacks on judicial independence have included the removal of many legal safeguards designed to protect the independence of the Council of Judges and Prosecutors, the main self-governing body of the judiciary. Positions on the council were then able to be filled by judges and prosecutors close to the government. Some of those appointed have a track record of misusing anti-terrorism and national security laws as well as failing to implement Constitutional Court and European Court judgments.&nbsp;</p><p>“The council appears to have become an instrument to unduly influence the judiciary and its decision making, rather than serving as a safeguard for its independence,” said Temur Shakirov, director of the Europe and Central Asia program at the International Commission of Jurists. “Its powers are used to create a climate of fear and submission among judges and prosecutors, including through arbitrary measures affecting their careers and rights.”</p><p>Influence and control over the judiciary have also been secured in the aftermath of the 2016 coup attempt in Türkiye by arbitrarily dismissing thousands of judges and prosecutors and replacing them with individuals seemingly approved by or aligned with the ruling political parties. Their recruitment has been neither independent from the executive nor based on objective and transparent criteria.</p><p>Continued political pressure and interference with the judiciary in cases concerning perceived dissidents or others viewed as obstructing the interests of the ruling coalition have further contributed to the capture and instrumentalization of judicial authority in Türkiye.</p><p>Article 13 of the European Convention on Human Rights guarantees the right to an effective remedy for violations of human rights protected by the convention. The third-party intervention argues that individual applications to Türkiye’s Constitutional Court can no longer be considered an effective remedy due to the lack of independence of its members from the executive and the resulting ineffectiveness in upholding the human rights of perceived dissidents. The Constitutional Court also lacks a transparent case prioritization policy, contributing to selectivity and facilitating interference with its independence.</p><p>The groups’ intervention notes that Türkiye consistently avoids discharging its convention obligations, particularly in politically sensitive cases, and that judicial and government authorities frequently circumvent national or European Court judgments and actively undermine their proper implementation.&nbsp;</p><p>“Turkish judicial authorities have subverted criminal proceedings, including by unreasonable interpretations of provisions of criminal law and disregard for core procedural rights,” said&nbsp;Aisling Reidy, senior legal adviser at Human Rights Watch. “This is also reflected in the persistent defiance of European Court of Human Rights judgments and the standards established in its case law.”</p>",
        "link": "https://www.hrw.org/news/2026/03/23/turkiye-european-court-hears-new-case-on-jailed-rights-defender",
        "severity": 2,
        "scraped_at": "2026-03-28T20:17:49.046306+00:00"
      }
    },
    {
      "type": "Feature",
      "geometry": {
        "type": "Point",
        "coordinates": [
          35.2316631,
          39.294076
        ]
      },
      "properties": {
        "id_hash": "8c918cb08825fdaaa6bfddcf89d7b8eef664a7b1d41f3e9c31d6e1e0d77de06b",
        "title": "Türkiye: Impeded Access to Mayor’s Trial",
        "summary": "Click to expand Image\n          \n\n\n\n  \n        \n  \n\n        \n                      \n      \n        \n              Gendarmes lined up at the entrance to the Marmara courthouse and prison complex on the first/opening day of the trial of Istanbul mayor Ekrem Imamoglu and 406 co-accused, Silivri, Istanbul, Türkiye, March 9, 2026.\n                    © 2026 Ümit Bektaş/Reuters\n          \n    \n\n\n  \n<p>(Istanbul, March 23, 2026) – An Istanbul court has imposed arbitrary restrictions on lawyers, journalists, and members of the public seeking to follow the&nbsp;trial of the jailed Istanbul Mayor, Ekrem İmamoğlu, Human Rights Watch said today. Imamoğlu and 406 municipal officials and others have been on trial since March 9, 2026, facing politically motivated corruption charges.&nbsp;</p><p>The court should ensure that hearings are open to the public and that reporters are not relegated to the far back corner of the courtroom, where it can be difficult to follow interactions between the defendants and judges.</p><p>“The fundamental principle that justice must be seen to be done requires access for journalists, lawyers, and the public, especially when elected officials are on trial and the proceedings are of such public interest,” said&nbsp;Benjamin Ward, deputy Europe and Central Asia director at Human Rights Watch. “There is a lot of empty space in the huge courtroom that could and should be used to ensure that journalists observing the case are able to effectively follow the proceedings.”</p><p>The decisions by the Istanbul 40th Assize Court to increase restrictions followed several tense hearings, which Human Rights Watch representatives observed, marked by disputes about seating arrangements between the court, lawyers, journalists, and politicians from the main opposition Republican People’s Party (CHP), from which İmamoğlu was elected.</p><p>Two co-defendants Resul Emrah Şahan and Mehmet Murat Çalık, CHP mayors of Istanbul districts Şişli and Beylikdüzü, are expected to present their defense during the week beginning March 23. The indictment accuses both district mayors as being members of an alleged criminal organization led by İmamoğlu, with Şahan referred to as a “special member.” If the court’s entry restrictions continue, the public will not be permitted to attend their hearings.&nbsp;</p><p>The hearings are taking place in the Marmara Prison campus courthouse in Istanbul’s most remote district, Silivri, 70 kilometers from the city center. Security arrangements outside the courthouse are strict, with a large presence of gendarmes, barricades, and identity checks at the entrances to the prison campus car park and to the building housing the courtrooms.&nbsp;</p><p>The courtroom itself is the size of a sports hall with the judges and prosecutor seated at one end, with 107 defendants held in pretrial detention in front of them surrounded by gendarmes, then seating for defendants who are at liberty, with seating for lawyers on raised rows of benches at the sides, and seating for onlookers and the media in a small enclosure at the very back.</p><p>On March 16, the chief judge postponed the hearing before the session began because three members of parliament from the CHP, who are lawyers and were observing, refused to comply with his order to move from the lawyers’ benches at the front, to the back of the court.&nbsp;</p><p>The court issued a written order later that day limiting presence in the courtroom to defendants, three lawyers per defendant, one relative per defendant, and media, excluding everyone else from the room. Lawyers not acting for defendants, but wishing to observe the proceedings, were also excluded.&nbsp;</p><p>The hearings on March 17 and 18 took place with increased security and reduced public presence, with all defendants’ relatives seated at the back and many rows of benches at the sides reserved for lawyers left empty. After a negotiation with the court, several CHP members of parliament were admitted to the back of the court. On March 18, further negotiation resulted in more relatives and opposition party supporters and officials being allowed in, although the wider public and lawyers not acting for defendants were not granted access.&nbsp;</p><p>On March 12, the chief judge ended a hearing early when journalists did not comply with his order to move from benches reserved for lawyers to the back corner. Following an incident in which a journalist had asked İmamoğlu a question as he was leaving the courtroom, journalists are now only permitted to follow proceedings from the back corner of the courtroom. Journalists have submitted written petitions requesting to be moved back to the empty side benches, citing the difficulty of seeing and hearing the full proceedings from what they described as a “blind spot.”</p><p>Being seated in the back corner limits what journalists can hear beyond the testimony of individuals in the dock whose words are audible via speakers and who are visible via two large video screens. Off-microphone discussions between defendants and the judges are not audible at the back of the court.</p><p>Over the past year the Turkish authorities have targeted journalists for their critical reporting on the investigations and court cases against İmamoğlu, other CHP mayors, and lawsuits aimed at removing the leadership of the party.</p><p>The journalists should be able to do their work without unnecessary restrictions on their ability to inform the public of all developments in the court, Human Rights Watch said.&nbsp;</p><p>Under the Turkish Constitution, and in line with the right under international law to a public hearing as part of a fair trial, court hearings are open to the public. A decision to hold part or all of a hearing in private may only be made in cases in which it is strictly required by considerations of public morality or public security. In 2023, the&nbsp;Constitutional Court ruled that public trials are a constitutional requirement, and restrictions on hearings cannot be imposed unless the conditions specified in the constitution are met.&nbsp;</p><p>Article 6 of the European Convention on Human Rights, to which Türkiye is party, guarantees the right to a fair trial including “a fair and public hearing.” The European Court of Human Rights has&nbsp;confirmed that public access is an important factor in ensuring the right to a fair trial, and while some limitations are permitted, they must be strictly necessary for specific purposes in the interest of justice. Arbitrary restrictions are not permissible. &nbsp;</p><p>“Imposing arbitrary restrictions on access to this case undermines confidence in the proceedings and violates the requirement under Turkish and international law to conduct justice in public,” Ward said. “Instead of limiting the public’s right to information about the case, the authorities should allow journalists to report fully on proceedings and ensure public access to the trial.”</p>",
        "link": "https://www.hrw.org/news/2026/03/23/turkiye-impeded-access-to-mayors-trial",
        "severity": 2,
        "scraped_at": "2026-03-28T20:17:50.056649+00:00"
      }
    },
    {
      "type": "Feature",
      "geometry": {
        "type": "Point",
        "coordinates": [
          -98.5795,
          39.8283
        ]
      },
      "properties": {
        "id_hash": "5f49b29a07d3ed97ddd79dbcf45eefceb510975bbe60c23746092f37a4c81e85",
        "title": "Israeli Officials Signal Stepped-Up Atrocities in Lebanon",
        "summary": "Click to expand Image\n          \n\n\n\n  \n        \n  \n\n        \n                      \n      \n        \n              Smoke from a building in the center of Beirut, Lebanon, which has been hit by the IDF after an evacuation order, on March 12, 2026.\n                    © 2026 Adri Salido/Getty Images\n          \n    \n\n\n  \n<p>(Beirut) – Israeli forces have&nbsp;expanded ground operations in southern Lebanon after indicating an intent to forcibly displace residents, destroy civilian homes and conduct strikes that could target civilians, Human Rights Watch said today. Forcible displacement, wanton destruction and attacks deliberately targeting civilians are war crimes. Countries that continue to provide&nbsp;Israel with arms and military aid risk complicity in the Israeli government’s serious violations in&nbsp;Lebanon.</p><p>On March 22, Israel’s defense Minister, Israel Katz, issued a statement announcing that he and Israel’s Prime Minister Benjamin Netanyahu have “ordered the acceleration of the demolition of Lebanese houses in the border villages in order to thwart threats to Israeli communities - in accordance with the Beit Hanoun and Rafah models in Gaza.” On March 16, 2026, Katz said that “hundreds of thousands of Shiite residents of southern Lebanon […] will not return to their homes south of the Litani area until the safety of Israel’s northern residents is guaranteed.” Displacement orders issued by the Israeli military to residents of the southern suburbs of Beirut between March 11 and 15 further stated that the Israeli military “will not hesitate to target anyone who is present near Hezbollah members, facilities, or means of combat.”</p><p>“For over two years, Israel’s allies and European states that purport to support and uphold human rights have buried their heads in the sand as atrocities continue in Lebanon, as in Gaza,” said&nbsp;Ramzi Kaiss, Lebanon researcher at Human Rights Watch. “Atrocities flourish when there is impunity, and other countries should no longer stand by as they continue.”</p><p>Since the recent escalation of hostilities between Israel and Hezbollah on March 2, Israeli attacks have killed at least 1,029 people in Lebanon, including 118 children and 40 medical workers, as of March 22 according to Lebanon’s&nbsp;Ministry of Public Health. In recent days, Hezbollah has fired an average of about&nbsp;150 rockets per day, according to the Israeli military. Hezbollah attacks have injured at least 15 people in Israel, according to&nbsp;Israeli mediareports.&nbsp;</p><p>On March 4 and 5, the Israeli military issued&nbsp;displacement orders for the entire population of Lebanon south of the Litani River and all residents of Beirut’s&nbsp;southern suburbs, which include hundreds of thousands of people. Since March 12, the Israeli military has&nbsp;expanded the areas subject to displacement orders, ordering residents of southern Lebanon to evacuate north of the Zahrani River, 15 kilometers north of the Litani River, and 40 kilometers north of Lebanon’s southern border with Israel. Over a&nbsp;million people have been displaced in Lebanon thus far.&nbsp;</p><p>The Israeli defense minister’s statement, indicating that Shiite residents of southern Lebanon will be prevented from returning to their homes until an undetermined safety standard for Israel’s northern residents is guaranteed, signals that Israel will prevent residents from returning to their homes for an indefinite period. The sweeping nature of the displacement orders, and the statements that do not address the protection of the displaced civilians, raises concerns of the war crime of forced displacement, Human Rights Watch said.&nbsp;</p><p>Singling out Shiite residents further indicates that Israel is imposing such measures based on their religion, a human rights violation, and further indicates that the residents’ security is not the aim of the displacement.&nbsp;</p><p>Ordering the Israeli military to accelerate the destruction of Lebanese homes raises serious risk of the war crime of wanton destruction and violations of the prohibition under international law against deliberately destroying civilian property except when necessary for lawful military reasons. The mere possibility of future military use by armed groups of some civilian structures cannot under the laws of war justify the wide-scale destruction of whole homes across Lebanon’s border.</p><p>Between March 11 and 15, the Israeli military’s Arabic spokesperson issued at least five nearly identical displacement orders for residents of seven neighborhoods in Beirut’s southern suburbs, after first issuing a sweeping displacement order for entire southern suburbs of Beirut on March 5. The statement ordered residents to “evacuate the area immediately” and called on them to “not return to those neighborhoods until further notice.”&nbsp;</p><p>The orders further stated that the Israeli military “will not hesitate to target anyone who is present near Hezbollah members, facilities, or means of combat.” This differs from previous&nbsp;orders issued to residents of Beirut’s southern suburbs, which stated, for example, that “Anyone who is near Hezbollah members, facilities or means of combat is putting their lives at risk.”&nbsp;</p><p>On March 5, minister in the defense ministry, Bezalel Smotrich, who sits on the security cabinet and also serves as Israel’s finance minister, recorded a video statement standing at the Israel-Lebanon border, stating that “very soon, Dahieh [Beirut’s southern suburb] will look like Khan Younis,” in Gaza. Human Rights Watch has previously documented&nbsp;war crimes,&nbsp;crimes against humanity, and&nbsp;acts of genocide by the Israeli military in Gaza.&nbsp;</p><p>These statements, combined with Israeli forces’ previous conduct of war in Lebanon, raise serious concern that the Israeli military may target civilians, based solely on their presence in or proximity to areas where Hezbollah is present.&nbsp;</p><p>Since October 7, 2023, Israeli forces have committed numerous violations of the laws of war and apparent war crimes in Lebanon with total impunity, including apparently deliberate or indiscriminate attacks on&nbsp;journalists,&nbsp;civilians,&nbsp;medics,&nbsp;financial institutions,&nbsp;reconstruction-related facilities, and&nbsp;peacekeepers. They have also unlawfully used&nbsp;white phosphorus in populated areas, among other violations. Human Rights Watch has documented&nbsp;several&nbsp;unlawful&nbsp;attacks in Lebanon using US-made weapons.</p><p>Civilians who chose to stay in areas subject to displacement orders in southern Lebanon are particularly at risk of being cut-off from food and medicine supplies and other aid, Human Rights Watch said.&nbsp;</p><p>In a statement published on&nbsp;March 18, the Israeli Military Arabic spokesperson said that bridges crossing over the Litani River into southern Lebanon would be struck “to prevent the movement of reinforcements and means of combat” into southern Lebanon. Between March 13 and 22, the Israeli military said that it struck at least four Litani River bridges.&nbsp;</p><p>Hezbollah should take all feasible precautions to protect civilians in its operations in Lebanon and Israel.&nbsp;</p><p>Civilians who do not evacuate following orders are still fully protected by international humanitarian law. Forced displacement is&nbsp;prohibited under the laws of war, except in cases in which civilian security is involved or for imperative military reasons.</p><p>A person who commits serious violations of the laws of war with criminal intent—that is, intentionally or recklessly—may be prosecuted for war crimes. Individuals may also be held criminally liable for assisting in, facilitating, aiding, or abetting a war crime.&nbsp;</p><p>Lebanon’s judicial authorities should initiate domestic investigations of serious international crimes, and the government should accede to the International Criminal Court’s Rome Statute and submit a declaration accepting the court’s jurisdiction prior to the date of accession, including since at least October 7, 2023.&nbsp;</p><p>Israel’s key allies, including the&nbsp;United States, the&nbsp;United Kingdom, and&nbsp;Germany, should&nbsp;suspend military assistance and arms sales to Israel and impose targeted sanctions on officials credibly responsible for ongoing serious abuses. They should levy further pressure on Israel to ensure that displaced residents can return to their homes once hostilities end or once the reasons for their displacement cease to exist.&nbsp;</p><p>“The Israeli military does not get to decide when civilians lose protections afforded by international law nor should it be allowed to prevent displaced residents from returning to their homes based on some undefined ‘safety’ standard,” Kaiss said. “Deliberately targeting civilians, civilian objects, and others protected under international law would be a war crime, and countries supplying Israel with weapons need to realize they are risking complicity in war crimes too.”</p>",
        "link": "https://www.hrw.org/news/2026/03/23/israeli-officials-signal-stepped-up-atrocities-in-lebanon",
        "severity": 8,
        "scraped_at": "2026-03-28T20:17:50.057213+00:00"
      }
    },
    {
      "type": "Feature",
      "geometry": {
        "type": "Point",
        "coordinates": [
          105.3188,
          61.524
        ]
      },
      "properties": {
        "id_hash": "626ff2f48e0147012bd35473b64397873018c0e3b129e37cc64941fb14d2801c",
        "title": "A Step Toward Justice for Abuses in Ukraine",
        "summary": "Click to expand Image\n          \n\n\n\n  \n        \n  \n\n        \n                      \n      \n        \n              Kateryna Rashevska, a legal expert at the Regional Center for Human Rights (Kyiv, Ukraine), holds a picture she says depicts an abducted Ukrainian child, Washington DC, US, December 3, 2025.\n                    © 2025 Jonathan Ernst/Reuters \n          \n    \n\n\n  \n<p>As Russia’s full-scale invasion of Ukraine enters its fifth year, sustained international efforts are critical to ensure accountability for grave abuses. New findings by the United Nations Independent International Commission of Inquiry on Ukraine underscore why its mandate should be renewed.</p><p>The commission’s new report&nbsp;includes findings on Russian authorities’ deportation and forcible transfer of Ukrainian children to Russia or Russian-occupied areas of Ukraine. The commission verified the deportation or transfer of at least 1,205 children, 80 percent of whom have not been returned.</p><p>It also found that Russian authorities have systematically withheld information about the children’s whereabouts from their parents or legal guardians and obstructed efforts to secure their return. Russian authorities instead have sought to place the children with families or in institutions in Russia. The commission concluded that these systematic acts, including deportation, forcible transfer, and enforced disappearances, amount to crimes against humanity.</p><p>The commission also documented serious violations of fair trial rights for Ukrainian civilians and prisoners of war before courts in the Russian Federation and in Russian occupied areas of Ukraine. It found that these courts accept fabricated evidence or testimony obtained under torture, in proceedings marked by a lack of independence and an apparent presumption of guilt.</p><p>As the UN Human Rights Council negotiates a resolution during its current session to renew the commission’s mandate, ongoing abuses in Ukraine underscore the importance of continued international scrutiny.</p><p>The commission’s findings echo Human Rights Watch findings of the systematic torture and ill-treatment of Ukrainian prisoners of war and civilian detainees, which constitute war crimes and crimes against humanity. Human Rights Watch has also documented repeated indiscriminate and unlawful attacks on civilian infrastructure, and deliberate drone attacks on Ukrainian civilians, amounting to war crimes.</p><p>In occupied territories, Russian authorities continue to impose Russian laws, unlawfully seize civilian property, and coerce residents to acquire&nbsp;Russian citizenship&nbsp;and serve in the&nbsp;Russian military. They have also&nbsp;imposed Russian language and curriculum in schools as part of a systematic campaign to suppress Ukrainian identity, language, and culture.</p><p>The Commission of Inquiry remains a cornerstone of accountability, helping preserve evidence, identify patterns of abuse, and support future prosecutions. Human Rights Council member states should support its renewal and ensure that it has the resources needed to continue independent investigations into grave abuses in Ukraine.</p>",
        "link": "https://www.hrw.org/news/2026/03/23/a-step-toward-justice-for-abuses-in-ukraine",
        "severity": 6,
        "scraped_at": "2026-03-28T20:17:50.057461+00:00"
      }
    },
    {
      "type": "Feature",
      "geometry": {
        "type": "Point",
        "coordinates": [
          -74.2973,
          4.5709
        ]
      },
      "properties": {
        "id_hash": "691b5fbedc7ca91c7484aae179f635519fb133998314f5f54589eaba5c9e8521",
        "title": "Atlántico | Cortes de luz en Barranquilla y Puerto Colombia este 29 de marzo: obras de Air-e impactarán zonas clave del centro y norte de la ciudad",
        "summary": "Intervenciones en red eléctrica y mantenimiento de circuitos generarán suspensiones programadas en sectores estratégicos este domingo.",
        "link": "https://www.eltiempo.com/colombia/barranquilla/atlantico-cortes-de-luz-en-barranquilla-y-puerto-colombia-este-29-de-marzo-obras-de-air-e-impactaran-zonas-clave-del-centro-y-norte-de-la-ciudad-3543701",
        "severity": 0,
        "scraped_at": "2026-03-28T20:17:51.955466+00:00"
      }
    },
    {
      "type": "Feature",
      "geometry": {
        "type": "Point",
        "coordinates": [
          -74.2973,
          4.5709
        ]
      },
      "properties": {
        "id_hash": "421f0e90c09a6320dfc099bca77ff18ffd06b59c9e18ca338aca36d4b4221a71",
        "title": "Captan en video a presuntos militantes de las disidencias de las Farc con lanzamisiles en Jamundí, Valle del Cauca: estarían realizando entrenamientos",
        "summary": "En videos registrados en veredas de La Liberia y Villa Colombia, se aprecia a individuos vestidos con material de intendencia portando estas armas.",
        "link": "https://www.eltiempo.com/colombia/cali/captan-en-video-a-presuntos-militantes-de-las-disidencias-de-las-farc-con-lanzamisiles-en-jamundi-valle-del-cauca-estarian-realizando-entrenamientos-3543734",
        "severity": 0,
        "scraped_at": "2026-03-28T20:17:51.955600+00:00"
      }
    },
    {
      "type": "Feature",
      "geometry": {
        "type": "Point",
        "coordinates": [
          -74.2973,
          4.5709
        ]
      },
      "properties": {
        "id_hash": "9803f2d3912660a9253ce91f4824789cac840d9154470a1d12cf10c793863244",
        "title": "Carnaval de Barranquilla hizo balance del 2026: 6 millones de asistentes, impacto de $840 mil millones y la edición más viral de su historia",
        "summary": "La fiesta superó cifras históricas en turismo, empleo y digitalización, consolidándose como motor económico y cultural de Colombia.",
        "link": "https://www.eltiempo.com/colombia/barranquilla/carnaval-de-barranquilla-hizo-balance-del-2026-6-millones-de-asistentes-impacto-de-840-mil-millones-y-la-edicion-mas-viral-de-su-historia-3543700",
        "severity": 0,
        "scraped_at": "2026-03-28T20:17:51.955653+00:00"
      }
    },
    {
      "type": "Feature",
      "geometry": {
        "type": "Point",
        "coordinates": [
          -74.2973,
          4.5709
        ]
      },
      "properties": {
        "id_hash": "e0cc75508f9cd74f5c14288ac4d494a7cbf9381180e8251793b00493ff63c514",
        "title": "Cartagenera impulsa expansión global del legado de Frida Kahlo y posiciona a Colombia como eje de la economía creativa latinoamericana",
        "summary": "Beatriz Alvarado lidera “Los Fridos”, proyecto que conecta arte, tecnología y cultura para nuevas generaciones desde Colombia hacia el mundo.",
        "link": "https://www.eltiempo.com/colombia/otras-ciudades/cartagenera-impulsa-expansion-global-del-legado-de-frida-kahlo-y-posiciona-a-colombia-como-eje-de-la-economia-creativa-latinoamericana-3543708",
        "severity": 0,
        "scraped_at": "2026-03-28T20:17:51.955788+00:00"
      }
    }
  ]
}