{
  "type": "FeatureCollection",
  "features": [
    {
      "type": "Feature",
      "geometry": {
        "type": "Point",
        "coordinates": [
          53.688,
          32.4279
        ]
      },
      "properties": {
        "id_hash": "2c648b639281b9403c66494f6ec8f8c30bf5765bac78e3b0c8c8ba5ec681c88e",
        "title": "'What if we're left with ruins?': Doubts creep in for Iranians who supported war",
        "summary": "Teachers, engineers and shopkeepers tell the BBC they fear Iran falling into chaos.",
        "link": "https://www.bbc.com/news/articles/c3094g50rnvo?at_medium=RSS&at_campaign=rss",
        "severity": 2,
        "scraped_at": "2026-03-12T16:03:25.934949+00:00"
      }
    },
    {
      "type": "Feature",
      "geometry": {
        "type": "Point",
        "coordinates": [
          -86.9466607,
          37.3275448
        ]
      },
      "properties": {
        "id_hash": "a766f5d8e8c094158bbcb5f54fd9650863d737b0afadeb17904f456646bbb990",
        "title": "Nineteen jailed over deadly Moscow concert attack",
        "summary": "Gunmen opened fire at Crocus City Concert hall near Moscow in 2024, killing 149 and injuring more than 500.",
        "link": "https://www.bbc.com/news/articles/c0j5lx75vg3o?at_medium=RSS&at_campaign=rss",
        "severity": 2,
        "scraped_at": "2026-03-12T16:03:27.056118+00:00"
      }
    },
    {
      "type": "Feature",
      "geometry": {
        "type": "Point",
        "coordinates": [
          -116.913718,
          36.4228722
        ]
      },
      "properties": {
        "id_hash": "5b64a29befc0c6129450f1c6fb3aaf99d892263419b2f79213a9b54b546613a2",
        "title": "Death toll from Ethiopia floods and landslides rises to more than 100",
        "summary": "Forecasters say storms are becoming more intense in the region, partly due to global warming.",
        "link": "https://www.bbc.com/news/articles/ce947x4m0e1o?at_medium=RSS&at_campaign=rss",
        "severity": 2,
        "scraped_at": "2026-03-12T16:03:28.208761+00:00"
      }
    },
    {
      "type": "Feature",
      "geometry": {
        "type": "Point",
        "coordinates": [
          -14.4529612,
          14.4750607
        ]
      },
      "properties": {
        "id_hash": "a5e51e923b2489565497cad0f7e077798628fd618d8dacdc0ec1cce3646bbd84",
        "title": "Senegal approves tougher anti-gay law as rights groups raise concerns",
        "summary": "\"Violence and fear\" will spike and \"equality and non-discrimination\" will be trampled on, warn critics.",
        "link": "https://www.bbc.com/news/articles/cp857gy1843o?at_medium=RSS&at_campaign=rss",
        "severity": 2,
        "scraped_at": "2026-03-12T16:03:29.697397+00:00"
      }
    },
    {
      "type": "Feature",
      "geometry": {
        "type": "Point",
        "coordinates": [
          53.688,
          32.4279
        ]
      },
      "properties": {
        "id_hash": "777739b15970bbbb48d1095919593684bb96441a74eca71e70fa08d7cf9f6c7b",
        "title": "Countries agree to record release of emergency oil reserves as prices surge",
        "summary": "The G7 group of nations welcomes the idea of releasing oil in response to the surge in prices since the US-Israel war with Iran began",
        "link": "https://www.bbc.com/news/articles/cly093xxlzzo?at_medium=RSS&at_campaign=rss",
        "severity": 2,
        "scraped_at": "2026-03-12T16:03:29.697611+00:00"
      }
    },
    {
      "type": "Feature",
      "geometry": {
        "type": "Point",
        "coordinates": [
          53.688,
          32.4279
        ]
      },
      "properties": {
        "id_hash": "38ca86c30a0703bf27f3e08bd81620689d349aed9b92d0afef33f446f55d6070",
        "title": "Questions mount for Hegseth over possible US involvement in strike on Iranian school",
        "summary": "Democrats have written to ask the defence secretary whether the US was responsible, but he says the issue is being investigated.",
        "link": "https://www.bbc.com/news/articles/cn87ndd4rgyo?at_medium=RSS&at_campaign=rss",
        "severity": 2,
        "scraped_at": "2026-03-12T16:03:29.697647+00:00"
      }
    },
    {
      "type": "Feature",
      "geometry": {
        "type": "Point",
        "coordinates": [
          53.688,
          32.4279
        ]
      },
      "properties": {
        "id_hash": "bc0b916bdef5cfc558f7a5cd80c90a4aae3a80251d98cfcb929682249d3f7940",
        "title": "How Iran war laid bare the world's reliance on Gulf oil and gas",
        "summary": "Countries around the world are feeling the impact of the conflict and the resulting energy price shock.",
        "link": "https://www.bbc.com/news/articles/c15x1y8d37vo?at_medium=RSS&at_campaign=rss",
        "severity": 2,
        "scraped_at": "2026-03-12T16:03:29.697677+00:00"
      }
    },
    {
      "type": "Feature",
      "geometry": {
        "type": "Point",
        "coordinates": [
          31.1656,
          48.3794
        ]
      },
      "properties": {
        "id_hash": "f0ea853863d7389a800e79fb47ac4d28126d2585ec0e50d468cea9afc7344f63",
        "title": "War in Ukraine spills into Hungarian election campaign",
        "summary": "Hungary is going to the polls soon and Prime Minister Viktor Orbán has one public enemy in his sights - Ukraine's president.",
        "link": "https://www.bbc.com/news/articles/crm8rxwyyz8o?at_medium=RSS&at_campaign=rss",
        "severity": 2,
        "scraped_at": "2026-03-12T16:03:29.697715+00:00"
      }
    },
    {
      "type": "Feature",
      "geometry": {
        "type": "Point",
        "coordinates": [
          53.688,
          32.4279
        ]
      },
      "properties": {
        "id_hash": "0843039b27a8181be468fc316bafc24ac04ef4c3288e2cb146af82156431599e",
        "title": "Justified or not? US military families on fears of Iran war",
        "summary": "BBC's North America editor Sarah Smith spoke to Gold Star mum Lynn, whose son died in the Iraq War, and veteran Jeremy.",
        "link": "https://www.bbc.com/news/videos/cqxd7lyngxjo?at_medium=RSS&at_campaign=rss",
        "severity": 2,
        "scraped_at": "2026-03-12T16:03:29.697812+00:00"
      }
    },
    {
      "type": "Feature",
      "geometry": {
        "type": "Point",
        "coordinates": [
          53.688,
          32.4279
        ]
      },
      "properties": {
        "id_hash": "cc6ed5ab1efb3404208ec179470b17d94b53f8485c8fb23808b567c41c5f18ac",
        "title": "BBC visits key Dubai port in Iran's firing line",
        "summary": "Trade at the Middle East's biggest port has been hit hard since Iran's blockade of the Strait of Hormuz began.",
        "link": "https://www.bbc.com/news/videos/cgrzk874171o?at_medium=RSS&at_campaign=rss",
        "severity": 0,
        "scraped_at": "2026-03-12T16:03:29.697847+00:00"
      }
    },
    {
      "type": "Feature",
      "geometry": {
        "type": "Point",
        "coordinates": [
          53.688,
          32.4279
        ]
      },
      "properties": {
        "id_hash": "f2843f5c0c48acb4b792e84ccff28c8499b175c9385489270518013fbf6cdd5d",
        "title": "US missile hit military base near Iran school, video analysis shows",
        "summary": "A US Tomahawk missile hit a military base near a primary school in southern Iran where Iranian authorities said 168 people were killed, expert video analysis shows.",
        "link": "https://www.bbc.com/news/articles/cvg548lyjnyo?at_medium=RSS&at_campaign=rss",
        "severity": 2,
        "scraped_at": "2026-03-12T16:03:29.697881+00:00"
      }
    },
    {
      "type": "Feature",
      "geometry": {
        "type": "Point",
        "coordinates": [
          53.688,
          32.4279
        ]
      },
      "properties": {
        "id_hash": "459d1119bde2b60ce4adc083f9cc37f30765df9ad862e8f32fb238b6e1242bff",
        "title": "Iran’s president sets terms to end the war: Is an off-ramp in sight?",
        "summary": "Iran is asking for &#039;reparations&#039; and a guarantee that the US and Israel will not attack in the future.",
        "link": "https://www.aljazeera.com/news/2026/3/12/irans-president-sets-terms-to-end-the-war-is-an-off-ramp-in-sight?traffic_source=rss",
        "severity": 4,
        "scraped_at": "2026-03-12T16:03:33.681430+00:00"
      }
    },
    {
      "type": "Feature",
      "geometry": {
        "type": "Point",
        "coordinates": [
          53.688,
          32.4279
        ]
      },
      "properties": {
        "id_hash": "7a805b5128262371c53468fa97cc6add55bbbf316ecd55b4dbb8988e4559ab5d",
        "title": "US military ‘not ready’ to escort oil ships through Hormuz, official says",
        "summary": "Iran&#039;s Mojtaba Khamenei says strait should remain closed as Donald Trump claims US benefits from high oil prices.",
        "link": "https://www.aljazeera.com/news/2026/3/12/us-military-not-ready-to-escort-oil-ships-through-hormuz-official-says?traffic_source=rss",
        "severity": 0,
        "scraped_at": "2026-03-12T16:03:33.681503+00:00"
      }
    },
    {
      "type": "Feature",
      "geometry": {
        "type": "Point",
        "coordinates": [
          53.688,
          32.4279
        ]
      },
      "properties": {
        "id_hash": "ff82ad5c35c929c172e6e17a8e8ac43c55cfaf3e698c47850eeefa0868b8da2a",
        "title": "Video shows moment Iran strikes US-owned oil tanker near Iraq",
        "summary": "Iran has released video it says shows the moment one of its explosive-laden boats struck a US-owned oil tanker in Iraq.",
        "link": "https://www.aljazeera.com/video/newsfeed/2026/3/12/video-shows-moment-iran-strikes-us-owned-oil-tanker-near-iraq?traffic_source=rss",
        "severity": 2,
        "scraped_at": "2026-03-12T16:03:33.681588+00:00"
      }
    },
    {
      "type": "Feature",
      "geometry": {
        "type": "Point",
        "coordinates": [
          53.688,
          32.4279
        ]
      },
      "properties": {
        "id_hash": "68ff52a5131cbd07b38e8cac93282ee5fa6dd0ebd4e7e0af421f59f33583b66a",
        "title": "Up to 3.2 million people displaced across Iran amid US-Israeli attacks: UN",
        "summary": "UN refugee agency says forced displacement likely to increase as US and Israel continue deadly strikes across Iran.",
        "link": "https://www.aljazeera.com/news/2026/3/12/up-to-3-2-million-people-displaced-across-iran-amid-us-israeli-attacks-un?traffic_source=rss",
        "severity": 4,
        "scraped_at": "2026-03-12T16:03:33.681621+00:00"
      }
    },
    {
      "type": "Feature",
      "geometry": {
        "type": "Point",
        "coordinates": [
          53.688,
          32.4279
        ]
      },
      "properties": {
        "id_hash": "4dd9ae779ad2529cb49e108c40411d3ac34588667942cb10ed145da7bfcd54dc",
        "title": "Aftermath of US-Israeli attacks on Tehran",
        "summary": "Explosions are heard for a 13th day in Iran, Israel and several Middle Eastern states.",
        "link": "https://www.aljazeera.com/gallery/2026/3/12/aftermath-of-us-israeli-attacks-on-tehran?traffic_source=rss",
        "severity": 4,
        "scraped_at": "2026-03-12T16:03:33.681652+00:00"
      }
    },
    {
      "type": "Feature",
      "geometry": {
        "type": "Point",
        "coordinates": [
          34.8516,
          31.0461
        ]
      },
      "properties": {
        "id_hash": "ade5095bee404a0fa22c387c1ca571c82ba67ab1005776d5851245b2c533987b",
        "title": "Israeli attack hits civilians at Beirut beachfront: What we know",
        "summary": "An Israeli strike on Beirut’s seafront killed at least 8 people and injured dozens more.",
        "link": "https://www.aljazeera.com/video/newsfeed/2026/3/12/israeli-attack-hits-civilians-at-beirut-beachfront-what-we-know?traffic_source=rss",
        "severity": 6,
        "scraped_at": "2026-03-12T16:03:33.681693+00:00"
      }
    },
    {
      "type": "Feature",
      "geometry": {
        "type": "Point",
        "coordinates": [
          53.688,
          32.4279
        ]
      },
      "properties": {
        "id_hash": "aa1be7d758dcf2f82d85d8160367115540c5e67a34c47339f51976a6ff9f818a",
        "title": "Bunker-busting bombs loaded onto US planes at UK airbase amid Iran war",
        "summary": "The use of RAF Fairford by US forces highlights the UK&#039;s increasingly active role in the US-Israeli war on Iran.",
        "link": "https://www.aljazeera.com/news/2026/3/12/bunker-busting-bombs-loaded-onto-us-planes-at-uk-airbase-amid-iran-war?traffic_source=rss",
        "severity": 2,
        "scraped_at": "2026-03-12T16:03:33.681725+00:00"
      }
    },
    {
      "type": "Feature",
      "geometry": {
        "type": "Point",
        "coordinates": [
          105.3188,
          61.524
        ]
      },
      "properties": {
        "id_hash": "4ee4347123ef25bf82e7f8023d5a3451fd94459f83a948dda9dbd10fbbf56ffb",
        "title": "Drug use on Ukraine’s front lines ‘rampant among Russian troops’",
        "summary": "As the war drags into another year, a lesser-known crisis afflicts troops on both sides.",
        "link": "https://www.aljazeera.com/news/2026/3/12/drug-use-on-ukraines-front-lines-rampant-among-russian-troops?traffic_source=rss",
        "severity": 2,
        "scraped_at": "2026-03-12T16:03:33.681766+00:00"
      }
    },
    {
      "type": "Feature",
      "geometry": {
        "type": "Point",
        "coordinates": [
          53.688,
          32.4279
        ]
      },
      "properties": {
        "id_hash": "e3d18c242fb82b5601fc10f5054bcd49cce51cb7f9e60c5278865f0f047fdc80",
        "title": "Caught in the crossfire: US-Israel war on Iran fractures Gulf economies",
        "summary": "As Hormuz chokes and defence costs soar, Gulf states absorb crippling financial fallout of the US-Israel war on Iran.",
        "link": "https://www.aljazeera.com/economy/2026/3/12/caught-in-the-crossfire-us-israel-war-on-iran-fractures-gulf-economies?traffic_source=rss",
        "severity": 2,
        "scraped_at": "2026-03-12T16:03:33.681797+00:00"
      }
    },
    {
      "type": "Feature",
      "geometry": {
        "type": "Point",
        "coordinates": [
          53.688,
          32.4279
        ]
      },
      "properties": {
        "id_hash": "3579809463e7d1d75011e4ec1ee34cc671bb2600380c806a40b106be05ec9999",
        "title": "Can Iran’s asymmetric warfare hold US-Israeli military power at bay?",
        "summary": "Iran has resorted to unconventional tactics in its retaliatory strikes against the US and Israel.",
        "link": "https://www.aljazeera.com/news/2026/3/12/can-irans-asymmetric-warfare-hold-us-israeli-military-power-at-bay?traffic_source=rss",
        "severity": 4,
        "scraped_at": "2026-03-12T16:03:33.681838+00:00"
      }
    },
    {
      "type": "Feature",
      "geometry": {
        "type": "Point",
        "coordinates": [
          53.688,
          32.4279
        ]
      },
      "properties": {
        "id_hash": "bea2d71babd4a4456da588c685640b853e1cc6d973a6d478fee7044180b3a530",
        "title": "How corporations have collaborated with US military over the decades",
        "summary": "The US military is using AI tools during Iran war. But Pentagon&#039;s collaboration with tech companies goes back decades.",
        "link": "https://www.aljazeera.com/news/2026/3/12/how-corporations-have-collaborated-with-us-military-over-the-decades?traffic_source=rss",
        "severity": 2,
        "scraped_at": "2026-03-12T16:03:33.681892+00:00"
      }
    },
    {
      "type": "Feature",
      "geometry": {
        "type": "Point",
        "coordinates": [
          53.688,
          32.4279
        ]
      },
      "properties": {
        "id_hash": "b48fed5435d7c9c2444467dc29a66fb94fd9de7d79e66dad7d614c802487cb0a",
        "title": "Children among victims in Pakistan’s shelling in Afghanistan: Taliban",
        "summary": "Cross-border clashes between the two countries intensified on February 26, two days before US, Israel attacked Iran.",
        "link": "https://www.aljazeera.com/news/2026/3/12/children-among-victims-in-pakistans-shelling-in-eastern-afghanistan?traffic_source=rss",
        "severity": 2,
        "scraped_at": "2026-03-12T16:03:33.681937+00:00"
      }
    },
    {
      "type": "Feature",
      "geometry": {
        "type": "Point",
        "coordinates": [
          53.688,
          32.4279
        ]
      },
      "properties": {
        "id_hash": "214080367cff2d6f9f284b6773325b454f7c0799d574ca0c1dbadca559ca7104",
        "title": "Al Jazeera reporter sees destruction in Tehran neighbourhood",
        "summary": "Al Jazeera’s Tohid Asadi shows the aftermath of US-Israeli airstrikes on a residential neighbourhood in Iran.",
        "link": "https://www.aljazeera.com/video/newsfeed/2026/3/12/al-jazeera-reporter-sees-destruction-in-tehran-neighbourhood?traffic_source=rss",
        "severity": 2,
        "scraped_at": "2026-03-12T16:03:33.681980+00:00"
      }
    },
    {
      "type": "Feature",
      "geometry": {
        "type": "Point",
        "coordinates": [
          53.688,
          32.4279
        ]
      },
      "properties": {
        "id_hash": "b72001dbe2c1da1b7224de9a3a64cc8a7e3adc8ed7e65d32787e2a8df65962d5",
        "title": "What we know about Iran and Hezbollah’s joint attacks on Israel",
        "summary": "Iran has confirmed it has carried out coordinated attacks with Hezbollah against Israel.",
        "link": "https://www.aljazeera.com/video/newsfeed/2026/3/12/what-we-know-about-iran-and-hezbollahs-joint-attacks-on-israel?traffic_source=rss",
        "severity": 2,
        "scraped_at": "2026-03-12T16:03:33.682020+00:00"
      }
    },
    {
      "type": "Feature",
      "geometry": {
        "type": "Point",
        "coordinates": [
          34.8516,
          31.0461
        ]
      },
      "properties": {
        "id_hash": "dd95922d45f89d82bb044150c614434b1f6c7d3f1c440973c17e42b71e2723e7",
        "title": "Massive destruction after Israeli strikes in Beirut neighbourhood",
        "summary": "Rubble from damaged buildings fills streets in southern Beirut after Israeli bombing.",
        "link": "https://www.aljazeera.com/video/newsfeed/2026/3/12/massive-destruction-after-israeli-strikes-in-beirut-neighbourhood?traffic_source=rss",
        "severity": 2,
        "scraped_at": "2026-03-12T16:03:33.682051+00:00"
      }
    },
    {
      "type": "Feature",
      "geometry": {
        "type": "Point",
        "coordinates": [
          34.8516,
          31.0461
        ]
      },
      "properties": {
        "id_hash": "7a8b385c66ad6d1c5ea53e485f20b1cb23bd133ef42de08d3e3f7250f37d5fcc",
        "title": "Air attack hits house in suburbs of Tel Aviv",
        "summary": "Video shows a house in central Israel damaged by a rocket reportedly fired by Hezbollah.",
        "link": "https://www.aljazeera.com/video/newsfeed/2026/3/12/air-attack-hits-house-in-suburbs-of-tel-aviv?traffic_source=rss",
        "severity": 2,
        "scraped_at": "2026-03-12T16:03:33.682179+00:00"
      }
    },
    {
      "type": "Feature",
      "geometry": {
        "type": "Point",
        "coordinates": [
          105.3188,
          61.524
        ]
      },
      "properties": {
        "id_hash": "f55ca2db05688b989acdcfe1a19e9f8dd56ba6387871e1979abd174179976d92",
        "title": "The war of signals: How Russia and China help Iran see the battlefield",
        "summary": "Electronic warfare and intelligence sharing are eroding decades of US-Israeli dominance in the Gulf.",
        "link": "https://www.aljazeera.com/opinions/2026/3/12/the-war-of-signals-how-russia-and-china-help-iran-see-the-battlefield?traffic_source=rss",
        "severity": 2,
        "scraped_at": "2026-03-12T16:03:33.682209+00:00"
      }
    },
    {
      "type": "Feature",
      "geometry": {
        "type": "Point",
        "coordinates": [
          -122.0226407,
          36.9707511
        ]
      },
      "properties": {
        "id_hash": "e010e1564cd834eaf99104acf47a05609361c0f5e9b59c6965aa610da87d5633",
        "title": "‘Invasive’ AI-led mass surveillance in Africa violating freedoms, warn experts",
        "summary": "<p>Countries across the continent have spent more than $2bn on Chinese tracking technology that is not ‘necessary or proportionate’, new report finds</p><p>The rapid expansion of AI-powered mass-surveillance systems across Africa is violating citizens’ right to privacy and having a chilling effect on society, according to experts on human rights and emerging technologies.</p><p>At least $2bn (£1.5bn) has been spent by 11 African governments on Chinese-built surveillance technology that recognises faces and monitors movements, according to <a href=\"https://www.ids.ac.uk/publications/smart-city-surveillance-in-africa-mapping-chinese-ai-surveillance-across-11-countries\">a new report</a> by the Institute of Development Studies, which warns that national security is being used to justify implementing these systems with little regulation.</p> <a href=\"https://www.theguardian.com/global-development/2026/mar/12/invasive-ai-led-mass-surveillance-in-africa-violating-freedoms-warn-experts\">Continue reading...</a>",
        "link": "https://www.theguardian.com/global-development/2026/mar/12/invasive-ai-led-mass-surveillance-in-africa-violating-freedoms-warn-experts",
        "severity": 2,
        "scraped_at": "2026-03-12T16:03:35.527874+00:00"
      }
    },
    {
      "type": "Feature",
      "geometry": {
        "type": "Point",
        "coordinates": [
          -98.5795,
          39.8283
        ]
      },
      "properties": {
        "id_hash": "6e1370c0d9f46c9b70e3291190eaa5d3515bfd3f1e257a1cad1dfe4058a3aa1c",
        "title": "At least 17 killed after drone strikes school in Sudan",
        "summary": "<p>Strike in Shukeiri killed schoolgirls, teachers and healthcare workers in latest incident in three-year war</p><p>At least 17 people, most of them schoolgirls, were killed on Wednesday when an explosive-laden drone blamed on <a href=\"https://www.theguardian.com/world/sudan\">Sudan’</a>s paramilitary Rapid Support Forces struck a secondary school and a health care centre.</p><p>At least 10 people were wounded in the strike in the village of Shukeiri in the White Nile province, according to Dr Musa al-Majeri, director of Douiem hospital, the nearest major medical facility to the village.</p> <a href=\"https://www.theguardian.com/world/2026/mar/11/at-least-17-killed-after-drone-strikes-school-in-sudan\">Continue reading...</a>",
        "link": "https://www.theguardian.com/world/2026/mar/11/at-least-17-killed-after-drone-strikes-school-in-sudan",
        "severity": 6,
        "scraped_at": "2026-03-12T16:03:35.528022+00:00"
      }
    },
    {
      "type": "Feature",
      "geometry": {
        "type": "Point",
        "coordinates": [
          1.8883335,
          46.603354
        ]
      },
      "properties": {
        "id_hash": "8ae6759d867be49374ebe12a3226dc4e9d97e19850e3adb59214745ad2ad3e41",
        "title": "French aid worker among three killed in dronestrike in east DRC, M23 rebels say",
        "summary": "<p>Rebel group blames government for attack on residential area of M23-controlled city of Goma</p><p>Three people including a French UN aid worker have been killed in a drone attack in Goma, a spokesperson for the M23 rebel group has said.</p><p>The attack took place at about 4am on Wednesday in the upmarket residential neighbourhood of Himbi in the city, which has been under M23 occupation since January 2025.</p> <a href=\"https://www.theguardian.com/world/2026/mar/11/drone-attack-goma-eastern-democratic-republic-of-the-congo-m23-rebels\">Continue reading...</a>",
        "link": "https://www.theguardian.com/world/2026/mar/11/drone-attack-goma-eastern-democratic-republic-of-the-congo-m23-rebels",
        "severity": 6,
        "scraped_at": "2026-03-12T16:03:36.757177+00:00"
      }
    },
    {
      "type": "Feature",
      "geometry": {
        "type": "Point",
        "coordinates": [
          14.12456,
          47.59397
        ]
      },
      "properties": {
        "id_hash": "cb2c63569115b90d3a53824f4bcf3c65c9295629bd96797d92fc16d7dd931561",
        "title": "At least 65 Nigerian soldiers killed in jihadist raids in country’s north-east",
        "summary": "<p>Gunmen from Islamic State West Africa Province overran four military bases and abducted 300 civilians, say reports</p><p>At least 65 Nigerian soldiers have been killed in jihadist raids across the country’s north-east in the last two weeks, as the west African state battles to contain one of the world’s deadliest terror groups.</p><p>On 5 and 6 March, gunmen from Islamic State West Africa Province (Iswap) overran four military bases in Borno state, the epicentre of the insurgency. Nigerian daily the Punch reported that about 40 soldiers were killed in total in these attacks.</p> <a href=\"https://www.theguardian.com/world/2026/mar/11/nigerian-soldiers-killed-jihadist-raids-north-east\">Continue reading...</a>",
        "link": "https://www.theguardian.com/world/2026/mar/11/nigerian-soldiers-killed-jihadist-raids-north-east",
        "severity": 4,
        "scraped_at": "2026-03-12T16:03:37.952019+00:00"
      }
    },
    {
      "type": "Feature",
      "geometry": {
        "type": "Point",
        "coordinates": [
          -98.5795,
          39.8283
        ]
      },
      "properties": {
        "id_hash": "e082d918f4e23cfef6dd29b326c3f7e6adbe03eda57ff15ca6067b1c97ec78b3",
        "title": "Quit fossil fuels to stem deadly floods in Brazil’s coffee heartland, say scientists",
        "summary": "<p>Global heating linked to rising risk of extreme rain that causes devastating landslides and rising coffee prices</p><p>The record floods that have brought death and destruction to the heartland of Brazil’s coffee industry are expected to intensify if people continue to burn fossil fuels, analysis has shown.</p><p>Dozens of residents in the state of Minas Gerais have been buried alive in landslides or swept away as roads turned into rivers over the past month. Thousands more have been forced to evacuate their homes, while the wider, longer-term effects are likely to include higher prices for coffee across the world.</p> <a href=\"https://www.theguardian.com/world/2026/mar/12/quit-fossil-fuels-to-stem-deadly-floods-in-brazils-coffee-heartland-say-scientists\">Continue reading...</a>",
        "link": "https://www.theguardian.com/world/2026/mar/12/quit-fossil-fuels-to-stem-deadly-floods-in-brazils-coffee-heartland-say-scientists",
        "severity": 0,
        "scraped_at": "2026-03-12T16:03:37.952249+00:00"
      }
    },
    {
      "type": "Feature",
      "geometry": {
        "type": "Point",
        "coordinates": [
          -51.9253,
          -14.235
        ]
      },
      "properties": {
        "id_hash": "b78238d33e779df6971dc2a58515b917ea243e1b7c10e8d2455d60412716191b",
        "title": "Argentina grants asylum to Brasília rioter in move that may sway Brazil vote",
        "summary": "<p>Decision to shield pro-Bolsonaro truck driver sentenced for 8 January 2023 attack could inflame Brazil election politics</p><p>Argentina has granted asylum to a Brazilian fugitive convicted for his role in 2023 pro-Bolsonaro riots – a decision that analysts say could reverberate in <a href=\"https://www.theguardian.com/world/brazil\">Brazil</a>’s upcoming presidential election.</p><p>A week after Luiz Inácio Lula da Silva, Brazil’s president, took office, hundreds of people ransacked Brazil’s congress building, presidential palace and supreme court on 8 January 2023, in an attempt to overturn former president Jair Bolsonaro’s electoral defeat. Investigators later concluded the attacks were the culmination of <a href=\"https://www.theguardian.com/world/2025/sep/05/jair-bolsonaro-trial\">a broader plot aimed at staging a coup</a>.</p> <a href=\"https://www.theguardian.com/world/2026/mar/11/argentina-asylum-brasil-elections\">Continue reading...</a>",
        "link": "https://www.theguardian.com/world/2026/mar/11/argentina-asylum-brasil-elections",
        "severity": 2,
        "scraped_at": "2026-03-12T16:03:37.952469+00:00"
      }
    },
    {
      "type": "Feature",
      "geometry": {
        "type": "Point",
        "coordinates": [
          -64.5911956,
          -25.2269908
        ]
      },
      "properties": {
        "id_hash": "16e4ce84f9e469994b98ea03b8c815337f0efd35b004cc6844ef0b8b2daeb478",
        "title": "A young girl is knocked over at Tokyo crossing – what’s behind Japan’s ‘bumping’ trend?",
        "summary": "<p>Viral video of girl being shoved by fellow pedestrian has reignited debate over <em>butsukari – </em>with experts blaming stress and gender dynamics</p><p>It starts out as a heartwarming clip. A young girl, clearly delighted to be in Tokyo, beams as she makes a peace sign to the camera. Seconds later, she is shoved to the ground from behind by a woman wearing a surgical mask. The assailant doesn’t skip a beat, striding out of shot of the clip filmed by the girl’s mother.</p><p>This was no accidental clash of shoulders in a crowded place, but one of the most visible examples of a spate of <em>butsukari otoko</em> – “bumping man” – <a href=\"https://www.instagram.com/reels/DAWDzz4vaOR\">shoving incidents</a> in Japan that experts attribute to a combination of gender dynamics and the stresses of modern life.</p> <a href=\"https://www.theguardian.com/world/2026/mar/12/japan-butsukari-otoko-bumping-man-trend-explained-tokyo-girl-shoved\">Continue reading...</a>",
        "link": "https://www.theguardian.com/world/2026/mar/12/japan-butsukari-otoko-bumping-man-trend-explained-tokyo-girl-shoved",
        "severity": 2,
        "scraped_at": "2026-03-12T16:03:40.099738+00:00"
      }
    },
    {
      "type": "Feature",
      "geometry": {
        "type": "Point",
        "coordinates": [
          53.688,
          32.4279
        ]
      },
      "properties": {
        "id_hash": "e8729caa761375701153ed7289a4eb5f012d0cbed4bc324420d0240b73b9f365",
        "title": "Asia scrambles to confront energy crisis unleashed by Iran war – with no end in sight",
        "summary": "<p>From fuel caps to four-day work weeks, the Middle East conflict has left the world’s top crude oil importing region desperate to shore up supplies</p><p>Donald Trump has scrambled in recent days to reassure the world that the economic impact of his war on Iran can be contained.</p><p>Sure, one of the most important waterways in global trade has, <a href=\"https://www.theguardian.com/world/2026/mar/10/trump-free-flow-energy-fails-restart-shipping-strait-hormuz\">in effect, been shut for almost two weeks</a> – but it might reopen before long. In the meantime, US oil-related sanctions on “some countries” will be lifted. And besides, the entire conflict <a href=\"https://www.theguardian.com/world/2026/mar/09/us-israel-strikes-iran-supreme-leader\">could be over soon</a>.</p> <a href=\"https://www.theguardian.com/world/2026/mar/12/asia-energy-crisis-iran-war\">Continue reading...</a>",
        "link": "https://www.theguardian.com/world/2026/mar/12/asia-energy-crisis-iran-war",
        "severity": 4,
        "scraped_at": "2026-03-12T16:03:40.099904+00:00"
      }
    },
    {
      "type": "Feature",
      "geometry": {
        "type": "Point",
        "coordinates": [
          53.688,
          32.4279
        ]
      },
      "properties": {
        "id_hash": "b1f607db77520df036fac0e8302dca54064cecd00be73c066617fa822d706ca7",
        "title": "Three merchant ships struck as tensions rise in Hormuz strait amid Iran war",
        "summary": "<p>Crew of Thai-registered bulk carrier forced to flee fire, as US says it has destroyed 16 Iranian mine-laying vessels</p><ul><li><p><a href=\"https://www.theguardian.com/world/live/2026/mar/11/iran-war-live-updates-trump-oil-hormuz-protestors-us-israel-beirut-middle-east-latest-news\">Middle East crisis live – latest updates</a></p></li></ul><p>Three merchant ships have been struck in and around the strait of Hormuz, including a Thai registered bulk carrier that caught fire after leaving a port in the UAE, forcing crew members to evacuate for their safety.</p><p>The Mayuree Naree was struck on Wednesday by “two projectiles of unknown origin”, its owners said, as it sailed about 11 nautical miles north of Oman, marking the end of a four-day lull of attacks in the strategic waterway.</p> <a href=\"https://www.theguardian.com/news/2026/mar/11/us-iran-strait-of-hormuz-mine-boat-attacks\">Continue reading...</a>",
        "link": "https://www.theguardian.com/news/2026/mar/11/us-iran-strait-of-hormuz-mine-boat-attacks",
        "severity": 4,
        "scraped_at": "2026-03-12T16:03:40.100077+00:00"
      }
    },
    {
      "type": "Feature",
      "geometry": {
        "type": "Point",
        "coordinates": [
          6.1763552,
          49.1196964
        ]
      },
      "properties": {
        "id_hash": "d0fa59c3f7f0f898d3b963496ff5262e4dbff2f20f5ab4b807371b0a0f916742",
        "title": "Meta disables more than 150,000 accounts in crackdown on south-east Asian scam networks",
        "summary": "<p>Company also launches tools to spot scammers as Thai police arrest 21 people</p><p><a href=\"https://www.theguardian.com/technology/meta\">Meta</a> disabled more than 150,000 accounts and Thai police arrested 21 people in a sweeping international crackdown on south-east <a href=\"https://www.theguardian.com/travel/asia\">Asian</a> criminal scam centers that targeted people around the world, the social media company said on Wednesday.</p><p>The operation was led by <a href=\"https://www.theguardian.com/world/thailand\">Thailand</a>’s Royal Thai police anti-cyber scam center, alongside the FBI and the US justice department’s scam center strike force, with Meta investigators acting on intelligence shared in real time by law enforcement.</p> <a href=\"https://www.theguardian.com/technology/2026/mar/11/meta-south-east-asia-criminal-scam-centers\">Continue reading...</a>",
        "link": "https://www.theguardian.com/technology/2026/mar/11/meta-south-east-asia-criminal-scam-centers",
        "severity": 2,
        "scraped_at": "2026-03-12T16:03:41.659534+00:00"
      }
    },
    {
      "type": "Feature",
      "geometry": {
        "type": "Point",
        "coordinates": [
          53.688,
          32.4279
        ]
      },
      "properties": {
        "id_hash": "8b44b8f5e35bbd8a2c6437880edc751c25141747d90bdacdc7a5e11086bc7351",
        "title": "Iraqi official urges Australia to take back alleged IS fighters during meeting with ambassador",
        "summary": "<p>Iraq’s national security adviser Qassim al-Araji says he told Australian ambassador that countries should repatriate prisoners</p><ul><li><p>Get our <a href=\"https://www.theguardian.com/email-newsletters?CMP=cvau_sfl\">breaking news email</a>, <a href=\"https://app.adjust.com/w4u7jx3\">free app</a> or <a href=\"https://www.theguardian.com/australia-news/series/full-story?CMP=cvau_sfl\">daily news podcast</a></p></li></ul><p>A senior Iraqi government official has implored Australia to repatriate a group of suspected Islamic State fighters, raising the issue with Canberra’s top diplomat in Baghdad just weeks after the detainees were transferred out of Syria.</p><p>In a post on X, Iraq’s national security adviser, Qassim al-Araji, said he met with ambassador Glenn Miles last week, and told him that foreign detainees should be returned to their home countries. This is despite such a task being made more difficult by growing instability in the region, caused by the war in Iran.</p> <a href=\"https://www.theguardian.com/australia-news/2026/mar/12/iraqi-official-urges-australia-to-take-back-alleged-is-fighters-during-meeting-with-ambassador-ntwnfb\">Continue reading...</a>",
        "link": "https://www.theguardian.com/australia-news/2026/mar/12/iraqi-official-urges-australia-to-take-back-alleged-is-fighters-during-meeting-with-ambassador-ntwnfb",
        "severity": 2,
        "scraped_at": "2026-03-12T16:03:41.659715+00:00"
      }
    },
    {
      "type": "Feature",
      "geometry": {
        "type": "Point",
        "coordinates": [
          53.688,
          32.4279
        ]
      },
      "properties": {
        "id_hash": "d4656c2be37d171ea3c1f54a851dea12d5486b7e4fff0344060ff238b7f56945",
        "title": "Iranian regime-linked handler investigated by Australian police over alleged death threat",
        "summary": "<p>Protester alleges that Iranian handler ‘looked at us and then drew a line on his throat and pointed to us’</p><ul><li><p><a href=\"https://www.theguardian.com/australia-news/live/2026/mar/12/federal-politics-parliament-reactions-anthony-albanese-labor-angus-taylor-matt-canavan-liberals-nationals-coalition-ntwnfb\">Follow our Australia news live blog for latest updates</a></p></li><li><p>Get our <a href=\"https://www.theguardian.com/email-newsletters?CMP=cvau_sfl\">breaking news email</a>, <a href=\"https://app.adjust.com/w4u7jx3\">free app</a> or <a href=\"https://www.theguardian.com/australia-news/series/full-story?CMP=cvau_sfl\">daily news podcast</a></p></li></ul><p>Australian police investigated a complaint involving an Iranian regime-linked handler for the country’s football team after a group of activists alleged he threatened to kill them at a Women’s Asian Cup match last week.</p><p>The criminal investigation, confirmed by Queensland police, has led to renewed calls from the Iranian diaspora for tougher immigration screening processes to block people linked to Iran’s <a href=\"https://www.theguardian.com/world/2025/aug/26/who-is-irans-islamic-revolutionary-guard-corps\">Islamic Revolutionary Guard Corps</a> (IRGC) – a proscribed state sponsor of terrorism – from entering the country.</p> <a href=\"https://www.theguardian.com/australia-news/2026/mar/12/iranian-regime-linked-handler-alleged-death-threat-investigated\">Continue reading...</a>",
        "link": "https://www.theguardian.com/australia-news/2026/mar/12/iranian-regime-linked-handler-alleged-death-threat-investigated",
        "severity": 0,
        "scraped_at": "2026-03-12T16:03:41.660054+00:00"
      }
    },
    {
      "type": "Feature",
      "geometry": {
        "type": "Point",
        "coordinates": [
          151.9752749,
          -26.3024428
        ]
      },
      "properties": {
        "id_hash": "865f3a69c56922ee122c01b48944f5fc27b466aa9f62e225fa4c69e97efc45f0",
        "title": "Queensland’s ‘from the river to the sea’ laws likened to Bjelke-Petersen era anti-protest regime",
        "summary": "<p>Health minister Tim Nicholls corrects claim alleged Bondi terror attack gunman Naveed Akram used controversial phrase, as laws roundly criticised</p><ul><li><p>Get our <a href=\"https://www.theguardian.com/email-newsletters?CMP=cvau_sfl\">breaking news email</a>, <a href=\"https://app.adjust.com/w4u7jx3\">free app</a> or <a href=\"https://www.theguardian.com/australia-news/series/full-story?CMP=cvau_sfl\">daily news podcast</a></p></li></ul><p>Police arresting pro-Palestinian protesters for using the phrase “from the river to the sea” had “all the hallmarks of an authoritarian police state”, according to a Greens MP, amid widespread backlash against Queensland’s new hate speech laws.</p><p>The controversial laws went into effect yesterday after passing a vote in parliament last week.</p> <a href=\"https://www.theguardian.com/australia-news/2026/mar/12/queensland-from-the-river-to-the-sea-pro-palestine-protest-slogan-laws-likened-to-bjelke-petersen-era-ntwnfb\">Continue reading...</a>",
        "link": "https://www.theguardian.com/australia-news/2026/mar/12/queensland-from-the-river-to-the-sea-pro-palestine-protest-slogan-laws-likened-to-bjelke-petersen-era-ntwnfb",
        "severity": 2,
        "scraped_at": "2026-03-12T16:03:43.046720+00:00"
      }
    },
    {
      "type": "Feature",
      "geometry": {
        "type": "Point",
        "coordinates": [
          105.3188,
          61.524
        ]
      },
      "properties": {
        "id_hash": "aba14c8e47eb6b0645bcb24824d2af3602674ebabe9b1d473a3e7dbd862ace7b",
        "title": "Venice Biennale risks losing EU funding over planned Russia involvement",
        "summary": "<p>European Commission says it will suspend €2m grant if organisers of arts festival go ahead with proposals</p><p>The European Commission has warned it will cut funding for the Venice Biennale if organisers go ahead with plans to include Russia.</p><p>The commission reiterated that any breach of ethical standards by the art festival would be treated as a violation of contract, leading to suspension of the €2m (£1.7m) agreement.</p> <a href=\"https://www.theguardian.com/artanddesign/2026/mar/12/venice-biennale-risks-losing-eu-funding-over-planned-russia-involvement\">Continue reading...</a>",
        "link": "https://www.theguardian.com/artanddesign/2026/mar/12/venice-biennale-risks-losing-eu-funding-over-planned-russia-involvement",
        "severity": 2,
        "scraped_at": "2026-03-12T16:03:43.046887+00:00"
      }
    },
    {
      "type": "Feature",
      "geometry": {
        "type": "Point",
        "coordinates": [
          105.3188,
          61.524
        ]
      },
      "properties": {
        "id_hash": "7b630cea273061c60d8b4d2dc77f6d8b5e215b0385f4786064a58c16b4861cc5",
        "title": "Unexplained Moscow internet blackouts spark fears of web censorship plan",
        "summary": "<p>Kremlin appearing to ramp up control over internet, as it tests new ‘whitelist’ restrictions and pushes people to state-owned app</p><p>Muscovites have been turning to walkie-talkies and pagers amid unexplained disruptions to internet services in the capital, as the Kremlin appears to ramp up control over online activity in Russia.</p><p>Users in central Moscow, as well as in St Petersburg, first reported difficulties accessing mobile internet about a week ago. Many said they were unable to load websites or apps, while some lost service altogether, leaving them unable to make phone calls.</p> <a href=\"https://www.theguardian.com/world/2026/mar/12/russia-internet-blackouts-walkie-talkies-moscow\">Continue reading...</a>",
        "link": "https://www.theguardian.com/world/2026/mar/12/russia-internet-blackouts-walkie-talkies-moscow",
        "severity": 0,
        "scraped_at": "2026-03-12T16:03:43.046982+00:00"
      }
    },
    {
      "type": "Feature",
      "geometry": {
        "type": "Point",
        "coordinates": [
          -98.5795,
          39.8283
        ]
      },
      "properties": {
        "id_hash": "afacbed88c8f226fc9647f1f6a723246799d0c13efcceb06adaf85731976e081",
        "title": "Noma chef resigns amid allegations of physical abuse of staff",
        "summary": "<p>René Redzepi also steps down from non-profit board after accusations of physical and psychological abuse</p><p>René Redzepi, the head chef and co-founder of Noma, has announced his resignation from his internationally acclaimed Copenhagen restaurant following allegations he physically abused his staff.</p><p>Redzepi had been facing protests in Los Angeles before a four-month pop-up that <a href=\"https://www.theguardian.com/us-news/2026/mar/10/noma-sponsors-for-los-angeles-pop-ups\">launched this week</a>. His resignation on Wednesday comes after the <a href=\"https://www.nytimes.com/2026/03/07/dining/rene-redzepi-noma-abuse-allegations.html\">New York Times</a> detailed allegations of physical and psychological abuse, including claims that he “punched employees in the face, jabbed them with kitchen implements and slammed them against walls”.</p> <a href=\"https://www.theguardian.com/food/2026/mar/11/noma-chef-resigns-rene-redzepi\">Continue reading...</a>",
        "link": "https://www.theguardian.com/food/2026/mar/11/noma-chef-resigns-rene-redzepi",
        "severity": 0,
        "scraped_at": "2026-03-12T16:03:43.047146+00:00"
      }
    },
    {
      "type": "Feature",
      "geometry": {
        "type": "Point",
        "coordinates": [
          -57.5711678,
          -25.2864234
        ]
      },
      "properties": {
        "id_hash": "037b6662abee06ae157fce49b1bc7a1224c34cc753c0e9c626769055247e637d",
        "title": "Shell CEO’s pay jumps 60% despite slump in profits at oil company",
        "summary": "<p>Campaigners say people unlikely to ‘look favourably’ on package for Wael Sawan, which rose to £13.8m in 2025</p><p>The chief executive of Shell saw his pay jump more than 60% to almost £14m in 2025 despite a slump in profits at the oil company and prospects of <a href=\"https://www.theguardian.com/politics/2026/mar/11/nothing-off-the-table-as-rachel-reeves-considers-targeted-support-over-energy-costs\">rising pump prices</a> related to war in the Middle East.</p><p>The package for Wael Sawan, who took the top job in 2023 and has refocused the company on fossil fuels, rose from £8.6m in 2024 to £13.8m in 2025.</p> <a href=\"https://www.theguardian.com/business/2026/mar/12/shell-ceo-pay-jumps-despite-slump-in-oil-firm-profits-wael-sawan\">Continue reading...</a>",
        "link": "https://www.theguardian.com/business/2026/mar/12/shell-ceo-pay-jumps-despite-slump-in-oil-firm-profits-wael-sawan",
        "severity": 2,
        "scraped_at": "2026-03-12T16:03:44.629682+00:00"
      }
    },
    {
      "type": "Feature",
      "geometry": {
        "type": "Point",
        "coordinates": [
          53.688,
          32.4279
        ]
      },
      "properties": {
        "id_hash": "88d861f3fe255c30c6325a75db1cc6514a0916c4b4d6f3e4696aae1f02ff08ef",
        "title": "Dismay as ancient heritage sites across Iran damaged in US-Israel bombing",
        "summary": "<p>Golestan Palace in Tehran, a world heritage site, and buildings in historic city of Isfahan harmed, despite Unesco sending coordinates</p><ul><li><p><a href=\"https://www.theguardian.com/world/live/2026/mar/12/iran-war-live-updates-oil-trump-middle-east-crisis-israel-lebanon-iraq-latest-news\">Middle East crisis – latest updates</a></p></li></ul><p>The governor of the historic Iranian city of Isfahan has accused the US and Israel of a “declaration of war on a civilization” as heritage sites across the country suffer damage in their bombing campaign.</p><p>The most serious confirmed damage to date has been to Tehran’s Golestan Palace, dating back to the 14th century, and the 17th-century Chehel Sotoon Palace in Isfahan.</p> <a href=\"https://www.theguardian.com/world/2026/mar/12/dismay-as-ancient-heritage-sites-across-iran-damaged-in-us-israel-bombing\">Continue reading...</a>",
        "link": "https://www.theguardian.com/world/2026/mar/12/dismay-as-ancient-heritage-sites-across-iran-damaged-in-us-israel-bombing",
        "severity": 2,
        "scraped_at": "2026-03-12T16:03:44.629856+00:00"
      }
    },
    {
      "type": "Feature",
      "geometry": {
        "type": "Point",
        "coordinates": [
          53.688,
          32.4279
        ]
      },
      "properties": {
        "id_hash": "5273b2eaec18fe4de19ded5c761373d9a9724903afd0e8705056e554870b3aa0",
        "title": "Israel issues displacement order for large area of southern Lebanon as conflict escalates",
        "summary": "<p>Latest order comes after Hezbollah and Iran launched joint attack on more than 50 targets including Israeli military bases</p><ul><li><p><a href=\"https://www.theguardian.com/world/live/2026/mar/12/iran-war-live-updates-oil-trump-middle-east-crisis-israel-lebanon-iraq-latest-news\">Middle East live – latest updates</a></p></li></ul><p>Israel has issued a sweeping new displacement order for south Lebanon, instructing residents up to 25 miles away from the border with Israel to head north, as its conflict with Hezbollah continues to escalate.</p><p>A spokesperson for the Israeli military on Thursday ordered all residents to head north of the Zahrani River “for their safety,” before a bombing campaign against what it said were Hezbollah targets.</p> <a href=\"https://www.theguardian.com/world/2026/mar/12/israel-bombards-beirut-southern-lebanon-hezbollah\">Continue reading...</a>",
        "link": "https://www.theguardian.com/world/2026/mar/12/israel-bombards-beirut-southern-lebanon-hezbollah",
        "severity": 4,
        "scraped_at": "2026-03-12T16:03:44.629945+00:00"
      }
    },
    {
      "type": "Feature",
      "geometry": {
        "type": "Point",
        "coordinates": [
          105.3188,
          61.524
        ]
      },
      "properties": {
        "id_hash": "b8fb2725d913b4fbbcdeb5100fdc9ad337c2a703179b6382a2e245c148ea30cc",
        "title": "Putin’s ‘hidden hand’ lies behind Iran’s drone tactics, UK defence secretary says",
        "summary": "<p>Senior British army officer tells John Healey Iranian pilots are flying Shaheds much lower, making them more effective</p><ul><li><p><a href=\"https://www.theguardian.com/world/live/2026/mar/12/iran-war-live-updates-oil-trump-middle-east-crisis-israel-lebanon-iraq-latest-news\">Middle East crisis – live updates</a></p></li></ul><p>Vladimir Putin’s “hidden hand” lies behind Iran’s military methods, the UK defence secretary, John Healey, has said, after a night in which drones struck a base used by western forces in Erbil, northern Iraq.</p><p>Healey was speaking after British officers at the UK’s military headquarters in north-west London had told him that drone pilots from Iran and Iranian proxies were increasingly adopting tactics “from the Russians”.</p> <a href=\"https://www.theguardian.com/world/2026/mar/12/iran-using-russian-drone-tactics-uk-defence-secretary-john-healey\">Continue reading...</a>",
        "link": "https://www.theguardian.com/world/2026/mar/12/iran-using-russian-drone-tactics-uk-defence-secretary-john-healey",
        "severity": 2,
        "scraped_at": "2026-03-12T16:03:44.630035+00:00"
      }
    },
    {
      "type": "Feature",
      "geometry": {
        "type": "Point",
        "coordinates": [
          -98.5795,
          39.8283
        ]
      },
      "properties": {
        "id_hash": "100d14fdad84b797a07e0b9c4b4b4aeb07f4be12cf334b1d27f585d0277a1280",
        "title": "Iran-linked group says it hacked US company in retaliation for Minab school bombing",
        "summary": "<p>Hacker group Handala claimed responsibility for attack that caused ‘global disruption’ to Stryker Corporation’s systems</p><ul><li><p><a href=\"https://www.theguardian.com/news/2026/feb/17/sign-up-for-the-breaking-news-us-email-to-get-newsletter-alerts-direct-to-your-inbox?utm_medium=ACQUISITIONS_STANDFIRST&amp;utm_campaign=BN22326&amp;utm_content=signup&amp;utm_term=standfirst&amp;utm_source=GUARDIAN_WEB\">Sign up for the Breaking News US email to get newsletter alerts in your inbox</a></p></li></ul><p>An <a href=\"https://www.theguardian.com/world/iran\">Iran</a>-linked group said it hacked a US medical company, causing “global disruption” to its systems, in retaliation for the bombing of the Minab school in Iran, in an attack seen as widening the Middle East into the cyber realm.</p><p>Handala, a hacker group, claimed responsibility for the attack on Wednesday on the Stryker Corporation, which makes medical devices and is based in Michigan. It affected thousands of employees using the company’s Microsoft systems.</p> <a href=\"https://www.theguardian.com/world/2026/mar/12/iran-group-hack-medical-company-minab-school\">Continue reading...</a>",
        "link": "https://www.theguardian.com/world/2026/mar/12/iran-group-hack-medical-company-minab-school",
        "severity": 2,
        "scraped_at": "2026-03-12T16:03:44.630191+00:00"
      }
    },
    {
      "type": "Feature",
      "geometry": {
        "type": "Point",
        "coordinates": [
          53.688,
          32.4279
        ]
      },
      "properties": {
        "id_hash": "0b70b851669b007d3e040c2863d26ed713daf4d25fe1f350471fba044ffe22a6",
        "title": "We attacked Iran with no clear plan for regime change, Israeli security sources say",
        "summary": "<p>If regime holds, control of enriched uranium may be ultimate measure of US-Israeli success, insiders say</p><ul><li><p><a href=\"https://www.theguardian.com/world/live/2026/mar/12/iran-war-live-updates-oil-trump-middle-east-crisis-israel-lebanon-iraq-latest-news\">Middle East crisis – live updates</a></p></li></ul><p>Israel did not have a realistic plan for regime change when it attacked Iran, multiple Israeli security sources have said, with expectations that airstrikes could lead to a popular uprising having been driven by “wishful thinking” rather than hard intelligence.</p><p>Iran has survived nearly two weeks of bombing raids and the assassination of Ayatollah Ali Khamenei, and Trump is publicly contemplating ending the <a href=\"https://www.theguardian.com/world/2026/mar/11/how-iran-has-used-the-strait-of-hormuz-to-throttle-oil-and-gas-a-visual-guide\">increasingly costly war</a>.</p> <a href=\"https://www.theguardian.com/world/2026/mar/12/israel-iran-us-attack-no-plan-for-regime-change-security-sources\">Continue reading...</a>",
        "link": "https://www.theguardian.com/world/2026/mar/12/israel-iran-us-attack-no-plan-for-regime-change-security-sources",
        "severity": 6,
        "scraped_at": "2026-03-12T16:03:44.630288+00:00"
      }
    },
    {
      "type": "Feature",
      "geometry": {
        "type": "Point",
        "coordinates": [
          105.3188,
          61.524
        ]
      },
      "properties": {
        "id_hash": "670d38a4028d5ac5ac8e9ce1c1043132efa794691c46baf0e999ba061c076bc6",
        "title": "US grants waiver to allow India to buy Russian oil amid Iran war",
        "summary": "<p>‘Stopgap measure’ designed to keep oil flowing into global market as Middle East crisis disrupts crude shipments</p><ul><li><p><a href=\"https://www.theguardian.com/business/live/2026/mar/06/oil-biggest-weekly-gain-four-years-strait-of-hormuz-traffic-halt-stock-markets-dollar-imf-news-updates\">Business live – latest updates</a></p></li></ul><p>The US has temporarily allowed India to buy Russian oil currently stuck at sea in an effort to keep global supplies flowing and <a href=\"https://www.theguardian.com/business/2026/mar/05/oil-price-continues-to-rise-amid-middle-east-crisis-but-stock-markets-rebound-across-asia\">temper further price increases</a>.</p><p>The US treasury has issued a 30-day waiver allowing India to buy Russian oil, having previously imposed heavy sanctions related to the war in Ukraine.</p> <a href=\"https://www.theguardian.com/us-news/2026/mar/05/us-waiver-india-russian-oil\">Continue reading...</a>",
        "link": "https://www.theguardian.com/us-news/2026/mar/05/us-waiver-india-russian-oil",
        "severity": 2,
        "scraped_at": "2026-03-12T16:03:44.630502+00:00"
      }
    },
    {
      "type": "Feature",
      "geometry": {
        "type": "Point",
        "coordinates": [
          53.688,
          32.4279
        ]
      },
      "properties": {
        "id_hash": "e77b074465c4a078e1b9d304475948e30ac6699d44d926bb7a52b47835a16ad7",
        "title": "Sri Lanka evacuates crew from Iranian navy vessel days after warship was destroyed by US",
        "summary": "<p>Urgent request to dock is submitted by vessel after US submarine sank Iranian warship in same area on Tuesday</p><ul><li><p><a href=\"https://www.theguardian.com/world/live/2026/mar/05/iran-war-latest-updates-canada-carney-trump-israel-tehran-strikes\">Middle East crisis – live updates</a></p></li></ul><p>Sri Lanka has evacuated 208 crew members from an Iranian navy vessel that made an emergency request to dock, a day after <a href=\"https://www.theguardian.com/world/2026/mar/04/us-submarine-torpedo-iran-warship-sri-lanka-coast-pete-hegseth\">a US submarine strike sank another Iranian frigate, killing more than 80 people on board.</a></p><p>Sri Lanka’s president, Anura Kumara Dissanayake, on Thursday confirmed that the country’s navy would take over Iranian military support ship IRIS Bushehr and allow it to dock at the north-eastern port of Trincomalee.</p> <a href=\"https://www.theguardian.com/world/2026/mar/05/iran-ship-sri-lanka-port-after-us-sinking-of-frigate\">Continue reading...</a>",
        "link": "https://www.theguardian.com/world/2026/mar/05/iran-ship-sri-lanka-port-after-us-sinking-of-frigate",
        "severity": 4,
        "scraped_at": "2026-03-12T16:03:44.630597+00:00"
      }
    },
    {
      "type": "Feature",
      "geometry": {
        "type": "Point",
        "coordinates": [
          53.688,
          32.4279
        ]
      },
      "properties": {
        "id_hash": "133b28f5417d758863425cb7f333d1f8ab1e1afedf21533eaebbce8bfab2a3a3",
        "title": "John Lewis pays first annual staff bonus in four years as profits rise",
        "summary": "<p>Payment of 2% at employee-owned partnership follows sales increase to £13.4bn</p><p>• <a href=\"https://www.theguardian.com/business/live/2026/mar/12/stagflation-fears-escalating-iranian-war-oil-price-andrew-bailey-stability-us-jobless-claims-news-updates\">Business live – latest updates</a></p><p>The owner of John Lewis and Waitrose has paid an annual bonus to workers for the first time in four years after underlying profits rose by 6%.</p><p>The retail group’s 69,000 employees – which it calls partners – will share £35m, the equivalent of 2% of salary, after it recorded an increase in sales and profits. The payout amounts to about one extra week of pay.</p> <a href=\"https://www.theguardian.com/business/2026/mar/12/john-lewis-pays-first-annual-staff-bonus-in-four-years-as-profits-rise\">Continue reading...</a>",
        "link": "https://www.theguardian.com/business/2026/mar/12/john-lewis-pays-first-annual-staff-bonus-in-four-years-as-profits-rise",
        "severity": 2,
        "scraped_at": "2026-03-12T16:03:44.630853+00:00"
      }
    },
    {
      "type": "Feature",
      "geometry": {
        "type": "Point",
        "coordinates": [
          53.688,
          32.4279
        ]
      },
      "properties": {
        "id_hash": "f42a8e21f428e122a27ab22155001a5a5eccc60ed5699e306f39a280870d9257",
        "title": "Trump claims surging oil prices benefit US as Pentagon reportedly tells lawmakers Iran war cost $11.3bn in first week – live",
        "summary": "<p>Trump spins the spiking oil prices as a win for the US as defense departments reportedly spends billions on war with Iran</p><ul><li><p><a href=\"https://www.theguardian.com/news/2026/feb/17/sign-up-for-the-breaking-news-us-email-to-get-newsletter-alerts-direct-to-your-inbox?utm_medium=ACQUISITIONS_STANDFIRST&amp;utm_campaign=BN22326&amp;utm_content=signup&amp;utm_term=standfirst&amp;utm_source=GUARDIAN_WEB\">Sign up for Breaking US News emails</a></p></li></ul><p>US defense officials told senators on the armed services committee that <strong>the cost of the war on Iran totaled more than $11.3bn in the first six days alone</strong>, according to multiple reports.</p><p>The New York Times was first to break the news about the conflict’s price tag, citing three people familiar with the closed-door briefing on Tuesday.</p> <a href=\"https://www.theguardian.com/us-news/live/2026/mar/12/republicans-trump-iran-senate-majority-leader-john-thune-voter-id-bill-save-america-act-politics-live-news-updates\">Continue reading...</a>",
        "link": "https://www.theguardian.com/us-news/live/2026/mar/12/republicans-trump-iran-senate-majority-leader-john-thune-voter-id-bill-save-america-act-politics-live-news-updates",
        "severity": 2,
        "scraped_at": "2026-03-12T16:03:44.631062+00:00"
      }
    },
    {
      "type": "Feature",
      "geometry": {
        "type": "Point",
        "coordinates": [
          53.688,
          32.4279
        ]
      },
      "properties": {
        "id_hash": "44c16a65ae58008900a21178b957d271c4576c8c658facbe59ca9168092b9907",
        "title": "Middle East crisis live: Iran issues statement ‘from Mojtaba Khamenei’ as its attacks disrupt energy markets",
        "summary": "<p>Message read out by newsreader calls for national unity and says that all US bases in the region should close or face attacks</p><ul><li><p><a href=\"https://www.theguardian.com/world/2026/mar/11/iran-escalates-attacks-on-infrastructure-and-transport-networks-across-the-gulf\">Iran escalates attacks on infrastructure and transport across the Gulf</a></p></li><li><p><a href=\"https://www.theguardian.com/world/2026/mar/01/tell-us-affected-by-latest-events-in-the-middle-east-strikes-iran-us-israel-dubai\">How have you been affected by the latest Middle East events?</a></p></li></ul><p><strong>An Iranian source is denying the country will allow India-flagged tankers to pass through the vital strait of Hormuz</strong>, Reuters is reporting.</p><p>The news agency a little earlier quoted an Indian source as saying Iran would in fact allow such tankers to pass through the strait, a key artery for global oil trade.</p> <a href=\"https://www.theguardian.com/world/live/2026/mar/12/iran-war-live-updates-oil-trump-middle-east-crisis-israel-lebanon-iraq-latest-news\">Continue reading...</a>",
        "link": "https://www.theguardian.com/world/live/2026/mar/12/iran-war-live-updates-oil-trump-middle-east-crisis-israel-lebanon-iraq-latest-news",
        "severity": 6,
        "scraped_at": "2026-03-12T16:03:44.631163+00:00"
      }
    },
    {
      "type": "Feature",
      "geometry": {
        "type": "Point",
        "coordinates": [
          -98.5795,
          39.8283
        ]
      },
      "properties": {
        "id_hash": "82f316d7001637677e3cfadca1052ff2df04a98bee49f709f8ead6feb5f8f8ae",
        "title": "EPA chief met with Bayer CEO over supreme court fight, agency records show",
        "summary": "<p>Top US regulators met with Bill Anderson to discuss ‘supreme court action’ over glyphosate weed killer</p><p>Top US regulators met with Bill Anderson, <a href=\"https://www.theguardian.com/business/bayer\">Bayer’s</a> CEO, last year to discuss “litigation” issues – including “supreme court action” over its glyphosate weed killer – just months before the <a href=\"https://www.theguardian.com/us-news/trump-administration\">Trump administration</a> took a series of steps to boost Bayer’s case at the high court, internal government records show.</p><p>The 17 June meeting, between officials at the Environmental Protection Agency (EPA), Anderson and two other top Bayer executives, came as the Germany-based company was working to quash <a href=\"https://www.bayer.com/en/managing-the-roundup-litigation\">costly US litigation</a> brought by tens of thousands of people who allege they developed cancer from their use of the company’s glyphosate-based herbicides, such as Roundup.</p> <a href=\"https://www.theguardian.com/us-news/2026/mar/12/epa-chief-bayer-ceo-supreme-court\">Continue reading...</a>",
        "link": "https://www.theguardian.com/us-news/2026/mar/12/epa-chief-bayer-ceo-supreme-court",
        "severity": 0,
        "scraped_at": "2026-03-12T16:03:44.631270+00:00"
      }
    },
    {
      "type": "Feature",
      "geometry": {
        "type": "Point",
        "coordinates": [
          5.3938665,
          51.5033671
        ]
      },
      "properties": {
        "id_hash": "1a751ed87577054896c26ae15950a06bfa7f3443766cb22dc1ad092f95446221",
        "title": "US officer having a ‘mild anxiety attack’ took ambulance meant for man shot by police",
        "summary": "<p>Dyshan Best later died after having to wait 10 extra minutes for next ambulance, according to Connecticut investigation</p><p>A man who was shot by police and later died had to wait 10 extra minutes for an ambulance after an officer having a “mild anxiety attack” took the first one that arrived at the scene, according to a newly released state investigation.</p><p>Dyshan Best, 39, was shot in the back last year as he fled from officers in Bridgeport, <a href=\"https://www.theguardian.com/us-news/connecticut\">Connecticut</a>. A report released this week by the state’s inspector general found that the shooting was justified because Best had a gun in his hand and the officer pursuing him had reasons to fear for his own safety.</p> <a href=\"https://www.theguardian.com/us-news/2026/mar/12/us-officer-anxiety-attack-ambulance-police-shooting\">Continue reading...</a>",
        "link": "https://www.theguardian.com/us-news/2026/mar/12/us-officer-anxiety-attack-ambulance-police-shooting",
        "severity": 2,
        "scraped_at": "2026-03-12T16:03:45.981476+00:00"
      }
    },
    {
      "type": "Feature",
      "geometry": {
        "type": "Point",
        "coordinates": [
          53.688,
          32.4279
        ]
      },
      "properties": {
        "id_hash": "7830078429276a4bf0b9161e58ace28baba56b8054418bc6be12d6d639e14ff6",
        "title": "Iran escalates attacks on infrastructure and transport networks across the Gulf | First Thing",
        "summary": "<p>Oil prices again rise over $100 a barrel as Iran threatens long ‘war of attrition’. Plus, San Francisco slashes air pollution</p><ul><li><p><a href=\"https://www.theguardian.com/info/2018/sep/17/guardian-us-morning-briefing-sign-up-to-stay-informed\"><strong>Don’t already get First Thing in your inbox? Sign up here</strong></a></p></li></ul><p></p><p>Good morning.</p><p>Iran dramatically escalated <a href=\"https://www.theguardian.com/world/2026/mar/11/iran-escalates-attacks-on-infrastructure-and-transport-networks-across-the-gulf\">its strategy of striking civilian infrastructure</a> and transport networks across the Gulf on Wednesday, attacking commercial ships and targeting Dubai’s international airport as US and Israeli warplanes launched new waves of strikes.</p><p><strong>Who has borne most of Iran’s strikes?</strong> More than two-thirds of Iran’s attacks have been on the UAE. Dubai, a center of global finance and international tourism, <a href=\"https://www.theguardian.com/world/2026/mar/11/the-shine-has-been-taken-off-dubai-faces-existential-threat-as-foreigners-flee-conflict\">is facing an existential threat as foreigners flee</a>.</p><p><strong>What do we know about the US</strong> <strong>defense secretary’s</strong> <strong>attitude toward Iran?</strong> A Guardian <a href=\"https://www.theguardian.com/us-news/2026/mar/12/pete-hegseth-antipathy-iran\">review of Pete Hegseth’s books</a>, speeches and broadcasts revealed he has voiced extreme antipathy towards Iran for years.</p><p><strong>Where is the bill now?</strong> The House has approved a version of the bill – but the Senate does not have the votes to do so. It would need 60 votes to move forward because of the filibuster rule.</p> <a href=\"https://www.theguardian.com/us-news/2026/mar/12/first-thing-iran-escalates-attacks-infrastructure-transport\">Continue reading...</a>",
        "link": "https://www.theguardian.com/us-news/2026/mar/12/first-thing-iran-escalates-attacks-infrastructure-transport",
        "severity": 6,
        "scraped_at": "2026-03-12T16:03:45.981693+00:00"
      }
    },
    {
      "type": "Feature",
      "geometry": {
        "type": "Point",
        "coordinates": [
          53.688,
          32.4279
        ]
      },
      "properties": {
        "id_hash": "da1e18a0918c0e18db8aa1006d3613e8adf12d644ba02222df3a39ac941588ef",
        "title": "France 'not sending any vessels to the Strait of Hormuz', Defence Minister Vautrin says",
        "summary": "As Iran’s new supreme leader calls for the Strait of Hormuz to remain closed, France’s Minister of Armed Forces and Veteran Affairs, Catherine Vautrin, says Paris has no plans to send naval vessels to the strategic waterway. In an interview with FRANCE 24, she also stressed that France is not participating in the war in the Middle East.",
        "link": "https://www.france24.com/en/tv-shows/t%C3%AAte-%C3%A0-t%C3%AAte/20260312-france-not-sending-any-vessels-to-strait-of-hormuz-defence-minister-says",
        "severity": 2,
        "scraped_at": "2026-03-12T16:03:46.779056+00:00"
      }
    },
    {
      "type": "Feature",
      "geometry": {
        "type": "Point",
        "coordinates": [
          53.688,
          32.4279
        ]
      },
      "properties": {
        "id_hash": "e850b2aba89bbb7a405061f25813dd3e3256fa0d4fc4d38981d98afa60f5d2f1",
        "title": "War in the Middle East: 'A sense of normality' back in Israel",
        "summary": "The Israeli military said on Thursday that Hezbollah had fired around 200 rockets at Israel the night beforeFRANCE 24's Olivia Bizot reports from one of the buildings in Tel Aviv that was hit during the very first days of the war by an Iranian missile. Since then, \"a sense of normality has returned to the streets\", she explains.",
        "link": "https://www.france24.com/en/video/20260312-war-in-the-middle-east-a-sense-of-normality-back-in-israel",
        "severity": 2,
        "scraped_at": "2026-03-12T16:03:46.779126+00:00"
      }
    },
    {
      "type": "Feature",
      "geometry": {
        "type": "Point",
        "coordinates": [
          53.688,
          32.4279
        ]
      },
      "properties": {
        "id_hash": "f2527e35f5a9711a9c65c3593aa2429a0ccd6ae7cab51f7929e949ca4bbc78b7",
        "title": "War in the Middle East: Explosions heard overnight in Tehran",
        "summary": "Explosions shook Tehran early Thursday as the US-Israeli airstrikes continued with no end in sight. Minutes after saying Iran had launched missiles into Israel very early on Thursday morning, Israel’s military said it had begun a “wide-scale wave of strikes” in Tehran.",
        "link": "https://www.france24.com/en/video/20260312-war-in-the-middle-east-explosions-heard-overnight-in-tehran",
        "severity": 6,
        "scraped_at": "2026-03-12T16:03:46.779245+00:00"
      }
    },
    {
      "type": "Feature",
      "geometry": {
        "type": "Point",
        "coordinates": [
          53.688,
          32.4279
        ]
      },
      "properties": {
        "id_hash": "c1310c7770763b3e497ab0497186f43240323c1478c2802058216d6f91b4e5eb",
        "title": "US targets Iran mine-laying as war causes oil market havoc",
        "summary": "The United States said Tuesday it was striking Iranian ships capable of mining the crucial Strait of Hormuz and threatened escalation if Tehran presses ahead, as the Middle East war wreaks havoc on global oil markets.  The US military posted video footage of Iranian boats blasted by missiles and other projectiles as it said it had destroyed 16 minelayers near the Strait of Hormuz, the chokepoint to the Gulf through which one-fifth of the world's oil passes.",
        "link": "https://www.france24.com/en/video/20260312-us-targets-iran-mine-laying-as-war-causes-oil-market-havoc",
        "severity": 2,
        "scraped_at": "2026-03-12T16:03:46.779391+00:00"
      }
    },
    {
      "type": "Feature",
      "geometry": {
        "type": "Point",
        "coordinates": [
          34.3088,
          31.3547
        ]
      },
      "properties": {
        "id_hash": "311ee840f54f04db360e0adaec5dd50e012090d26da4e17ad979e2378eb6bcb1",
        "title": "Novelist Dinaw Mengestu on the battle for freedom of expression",
        "summary": "As he takes on the presidency of PEN America, Dinaw Mengestu explains why defending a plurality of voices is crucial at a time of censorship and revisionism. He also discusses how the organisation is working to rebuild its credibility after criticism over its failure to condemn the war in Gaza in 2023. The award-winning author’s fourth novel, “Someone Like Us”, has just been published in France, and Mengestu tells us about the personal elements he has woven into this story of an Ethiopian-American grappling with his identity. We also discuss the immigrant experience in the United States and why notions of “us” and “them” remain such divisive forces in public debate.",
        "link": "https://www.france24.com/en/tv-shows/arts24/20260312-novelist-dinaw-mengestu-on-the-battle-for-freedom-of-expression",
        "severity": 2,
        "scraped_at": "2026-03-12T16:03:46.779483+00:00"
      }
    },
    {
      "type": "Feature",
      "geometry": {
        "type": "Point",
        "coordinates": [
          105.3188,
          61.524
        ]
      },
      "properties": {
        "id_hash": "bb4f169edb3ebd8aabeb280fb9e203880a5557ffa189a4819234b5a72a2bd257",
        "title": "Two votes, two standards: UN resolutions on Iran war underscores diplomatic dilemmas",
        "summary": "The UN Security Council held two votes on the Middle East war, the first since the US and Israel launched strikes on Iran. A Bahrain-sponsored resolution condemning Iran -- but not the US and Israel -- was adopted. A second, Russian-sponsored one, condemning Iran and the US-Israel, was vetoed. FRANCE 24's Leela Jacinto examines the implications of the UN votes.",
        "link": "https://www.france24.com/en/two-votes-two-standards-un-resolutions-on-iran-war-underscores-diplomatic-dilemmas",
        "severity": 4,
        "scraped_at": "2026-03-12T16:03:46.779751+00:00"
      }
    },
    {
      "type": "Feature",
      "geometry": {
        "type": "Point",
        "coordinates": [
          34.8516,
          31.0461
        ]
      },
      "properties": {
        "id_hash": "bc090b0d6c02ff9e9e3a9433d523aa51a1a5cacc460727a9a9ecfe352ef75417",
        "title": "Israel pounds Lebanon: Grieving border village calls for peace",
        "summary": "In the south Lebanon border village of Qlayaa, hundreds mourn parish priest Father Pierre al-Rai two days after he was killed by Israeli shelling while inspecting the site of an earlier attack. Amid the funeral procession, residents implore the army for protection from the latest war between Israel and Hezbollah, but pledge to stay no matter what.",
        "link": "https://www.france24.com/en/video/20260312-israel-pounds-lebanon-grieving-border-village-calls-for-peace",
        "severity": 6,
        "scraped_at": "2026-03-12T16:03:46.779840+00:00"
      }
    },
    {
      "type": "Feature",
      "geometry": {
        "type": "Point",
        "coordinates": [
          53.688,
          32.4279
        ]
      },
      "properties": {
        "id_hash": "607f6ad9df3c2e5cb3350dc3d23065ebe3b14c51ec18fb42cc7136536b62aa28",
        "title": "Strategic Strait of Hormuz at the heart of conflicts over the years",
        "summary": "Iran’s Supreme Leader Ayatollah Mojtaba Khamenei said Thursday that the leverage of closing the Strait of Hormuz should be used and that Iran’s attacks on Gulf Arab neighbors will continue. The Strait of Hormuz has been at the heart of several conflicts over the years. Here's a closer look at events that have shaken the region, and the world, over the past four decades.",
        "link": "https://www.france24.com/en/video/20260312-strategic-strait-of-hormuz-at-the-heart-of-conflicts-over-the-years",
        "severity": 2,
        "scraped_at": "2026-03-12T16:03:46.779943+00:00"
      }
    },
    {
      "type": "Feature",
      "geometry": {
        "type": "Point",
        "coordinates": [
          -98.5795,
          39.8283
        ]
      },
      "properties": {
        "id_hash": "b1d4d4d8ba75ead5a66db30acf84e71d613228ecf6d5fea7896421dbc0374939",
        "title": "Israel army says Hezbollah fired 200 rockets in 'biggest barrage' of war",
        "summary": "Israel's military said Thursday that Hezbollah had fired around 200 rockets at Israel the night before, in what it described as the Lebanese armed group's \"biggest barrage\" since the war began. FRANCE 24's Olivia Bizot reports from Jerusalem.",
        "link": "https://www.france24.com/en/video/20260312-israel-army-says-hezbollah-fired-200-rockets-in-biggest-barrage-of-war",
        "severity": 2,
        "scraped_at": "2026-03-12T16:03:46.779976+00:00"
      }
    },
    {
      "type": "Feature",
      "geometry": {
        "type": "Point",
        "coordinates": [
          53.688,
          32.4279
        ]
      },
      "properties": {
        "id_hash": "42fc4c0b181c0f7d920929963f786907b63bfd305f10e723309f0031be829ec4",
        "title": "How Iran’s attacks on Gulf energy sites are shaping decision making in Washington",
        "summary": "Sparking turmoil in global energy markets and undermining Gulf countries’ reputations for economic stability is all part of the Iranian regime’s strategy, according to a Middle East analyst. Speaking to FRANCE 24, Paymon Azmoudeh, senior consultant in the risk and compliance practice at Forward Global, explains that Tehran hopes to pressure Washington to end the war. Iran, he says, is very aware of the political risks for Donald Trump if the global – and US – economy takes a hit, especially with mid-term elections later this year. “When you have Abbas Araghchi, for example, the foreign minister, going on Fox News and NBC […] they’re basically making a mid-term pitch,” he adds.",
        "link": "https://www.france24.com/en/tv-shows/perspective/20260312-how-iran-s-attacks-on-oil-and-energy-sites-in-the-gulf-aim-to-shape-decision-making-in-washington",
        "severity": 4,
        "scraped_at": "2026-03-12T16:03:46.780063+00:00"
      }
    },
    {
      "type": "Feature",
      "geometry": {
        "type": "Point",
        "coordinates": [
          34.8516,
          31.0461
        ]
      },
      "properties": {
        "id_hash": "90942fd8924f514e7dc717ae992fc3fa271a0e105286b7f397a15aaa7fa2fd62",
        "title": "Lebanon: Israeli strikes Beirut in new 'lage-scale' attack",
        "summary": "#Israel launched a new 'large-scale attack' against #Hezbollah targets late on March 11, following rocket fire from the militant group. It struck #Beirut's southern suburbs as well as the capital's city centre, for the second time in a day and the third time since the start of the #war.",
        "link": "https://www.france24.com/en/video/20260312-lebanon-israeli-strikes-beirut-in-new-lage-scale-attack",
        "severity": 6,
        "scraped_at": "2026-03-12T16:03:46.780098+00:00"
      }
    },
    {
      "type": "Feature",
      "geometry": {
        "type": "Point",
        "coordinates": [
          -1.8692099,
          52.4577754
        ]
      },
      "properties": {
        "id_hash": "e2c4dbb715283eda5d7e4eb2530d08f1510e9d3f53ba58337e733baa104c5697",
        "title": "Ireland’s deputy PM warns of ‘near-existential moment’ for EU amid global turmoil",
        "summary": "The European Union is facing an “almost existential moment” as it seeks to weather global turmoil. That is the warning from Ireland’s Tánaiste and Minister for Finance, Simon Harris. He says the current conflict in the Middle East serves as “a stark reminder of how Europe must become much more energy independent and much more economically resilient.\"",
        "link": "https://www.france24.com/en/tv-shows/people-profit/20260312-ireland-s-deputy-pm-warns-of-near-existential-moment-for-eu-amid-global-turmoil",
        "severity": 2,
        "scraped_at": "2026-03-12T16:03:48.347349+00:00"
      }
    },
    {
      "type": "Feature",
      "geometry": {
        "type": "Point",
        "coordinates": [
          53.688,
          32.4279
        ]
      },
      "properties": {
        "id_hash": "cb6b934c2b52506e7b0440790cfd916ba40177b77c52745fe68811ee4beeebe8",
        "title": "Iran's new Supreme Leader Mojtaba Khamenei has 'very good links with the IRGC'",
        "summary": "Jean-Emile Jammine is pleased to welcome Dr H. A. Hellyer, Senior Associate Fellow at the Royal United Services Institute (RUSI) for Defence and International Security Studies in London. The succession process currently unfolding in Iran must be understood within the extraordinary context of wartime decision-making, Dr Hellyer explains. The debate over Mojtaba Khamenei’s appointment is less about dynastic succession than about institutional power inside the Islamic Republic. Hence, his relationship with Iran's powerful IRGC is of utmost importance.",
        "link": "https://www.france24.com/en/iran-s-new-supreme-leader-mojtaba-khamenei-has-very-good-links-with-the-irgc",
        "severity": 2,
        "scraped_at": "2026-03-12T16:03:48.347511+00:00"
      }
    },
    {
      "type": "Feature",
      "geometry": {
        "type": "Point",
        "coordinates": [
          53.688,
          32.4279
        ]
      },
      "properties": {
        "id_hash": "26ee7c291fb4e7dc1614a030a76a7d4e4f0872af45837b44fa644d3745b30fd3",
        "title": "Washington tracking if Iran has activated 'sleeper cells' on US soil",
        "summary": "As the US-Israeli war against Iran escalates, fears are rising that covert agents lying low in Western countries could be activated to retaliate. US President Donald Trump said his administration is \"on top\" of the possibility of Iranian cells operating inside the United States, but has offered few details about the level of threat.",
        "link": "https://www.france24.com/en/video/20260312-washington-tracking-if-iran-has-activated-sleeper-cells-on-us-soil",
        "severity": 2,
        "scraped_at": "2026-03-12T16:03:48.347589+00:00"
      }
    },
    {
      "type": "Feature",
      "geometry": {
        "type": "Point",
        "coordinates": [
          53.688,
          32.4279
        ]
      },
      "properties": {
        "id_hash": "1212c17dd1e00ce1746b6ff2eefc4399290822e637312784664357fe65649b58",
        "title": "Mojtaba Khamenei as Iran's new Supreme Leader signals continuity to international community",
        "summary": "Amid the political uncertainty surrounding Mojtaba Khamenei, Iran's new Supreme Leader, Nadia Massih is pleased to welcome Dr Anahita Motazed Rad, Visiting Senior Fellow at the London School of Economics. As the Islamic Republic navigates a moment of acute pressure, the elevation of Mojtaba Khamenei serves an important political function, explains Dr Motazed Rad. By maintaining him as the formal leader, the regime sends a message to both domestic elites and the international community that institutional cohesion remains intact during a time of war.",
        "link": "https://www.france24.com/en/mojtaba-khamenei-as-iran-s-new-supreme-leader-signals-continuity-to-international-community",
        "severity": 2,
        "scraped_at": "2026-03-12T16:03:48.347657+00:00"
      }
    },
    {
      "type": "Feature",
      "geometry": {
        "type": "Point",
        "coordinates": [
          53.688,
          32.4279
        ]
      },
      "properties": {
        "id_hash": "3fde48caa0c7323e57ffb1dd7a085e5ac7d74221b8c3598a08eabeace7353f12",
        "title": "Middle East war: Oil tankers set ablaze in the Gulf in latest Iranian attacks",
        "summary": "Two #oil tankers were hit by Iranian explosives off the coast of #Iraq, as Tehran continues its blockade on the region. The attacks follow strikes in the Strait of #Hormuz, bringing up the number of #ships hit in the strategic passage point to at least 16.",
        "link": "https://www.france24.com/en/video/20260312-middle-east-war-oil-tankers-set-ablaze-in-the-gulf-in-latest-iranian-attacks",
        "severity": 6,
        "scraped_at": "2026-03-12T16:03:48.347693+00:00"
      }
    },
    {
      "type": "Feature",
      "geometry": {
        "type": "Point",
        "coordinates": [
          53.688,
          32.4279
        ]
      },
      "properties": {
        "id_hash": "8778059895283b0286e40c3d3cf18ef891e3e95ca2f6ac17e7577f07dfb546b2",
        "title": "On the ground: Iran attacks Gulf infrastructures",
        "summary": "Dubai reported a drone attack and fallen debris in two locations on Thursday while Kuwait's airport was damaged in yet another strike on the facility during Iran's Gulf campaign in the Middle East war. Iran has taken aim at US assets and civilian infrastructure around the Gulf in retaliation for US-Israeli attacks that sparked the conflict engulfing the wider region. Hoda Abdel-Hamid reports from Doha, Qatar.",
        "link": "https://www.france24.com/en/video/20260312-on-the-ground-iran-attacks-gulf-infrastructures",
        "severity": 6,
        "scraped_at": "2026-03-12T16:03:48.347733+00:00"
      }
    },
    {
      "type": "Feature",
      "geometry": {
        "type": "Point",
        "coordinates": [
          53.688,
          32.4279
        ]
      },
      "properties": {
        "id_hash": "27b2e1115e8ea7fcb9e2ebc38ceeb34184fa54c8e06b70f0ff42aece1168d8b9",
        "title": "War in the Middle East: Heavy Israeli strikes hit central Beirut",
        "summary": "An Israeli strike on central Beirut's seafront killed eight people early on Thursday, Lebanon's health ministry said, another attack in the heart of the capital, as Iran-backed Hezbollah launched more missiles at Israel.",
        "link": "https://www.france24.com/en/video/20260312-war-in-the-middle-east-heavy-israeli-strikes-hit-central-beirut",
        "severity": 8,
        "scraped_at": "2026-03-12T16:03:48.347765+00:00"
      }
    },
    {
      "type": "Feature",
      "geometry": {
        "type": "Point",
        "coordinates": [
          -98.5795,
          39.8283
        ]
      },
      "properties": {
        "id_hash": "d53453fee2515b081bef2c585a43bec3760fa539aa49f4ac06e68f7ad7da6ece",
        "title": "War in the Middle East: New waves of missiles hit Israel",
        "summary": "Lebanon's Hezbollah said it launched missiles at an Israeli military intelligence base in the suburbs of Tel Aviv early on Thursday, the Iran-backed group's latest claim in a major operation against Israel it announced hours earlier. Iran's Revolutionary Guards said earlier that they had carried out a joint missile operation with ally Hezbollah against targets in Israel. FRANCE 24's Noga Tarnopolsky reports from Jerusalem.",
        "link": "https://www.france24.com/en/video/20260312-war-in-the-middle-east-new-waves-of-missiles-hit-israel",
        "severity": 2,
        "scraped_at": "2026-03-12T16:03:48.347800+00:00"
      }
    },
    {
      "type": "Feature",
      "geometry": {
        "type": "Point",
        "coordinates": [
          100.83273,
          14.8971921
        ]
      },
      "properties": {
        "id_hash": "e445ef03d8187fab06129f4d048598174454f7d69cf7aadcdc571430b969e354",
        "title": "Thailand: Don’t Return Vietnamese Activist",
        "summary": "Click to expand Image\n          \n\n\n\n  \n        \n  \n\n        \n                      \n      \n        \n              Le Chi Thanh.\n                    © Private\n          \n    \n\n\n  \n<p>The Thai authorities should immediately release Le Chi Thanh, a prominent Vietnamese anti-corruption activist, and ensure that he is not forcibly returned to Vietnam, Human Rights Watch said today.</p><p>Le Chi Thanh’s lawyers told Human Rights Watch that the Vietnamese embassy in Bangkok has been pressing Thai authorities to deport him as soon as possible to Vietnam, where he would be at serious risk of arbitrary detention, torture, and an unfair trial.</p><p>“Returning Le Chi Thanh to Vietnam would place the outspoken anti-corruption activist in grave danger,” said Elaine Pearson, Asia director at Human Rights Watch. “Thai authorities should immediately release him, reinstate his visa, and ensure he is not put in harm’s way.”</p><p>On March 6, 2026, Thai immigration police arrested Le Chi Thanh, 43, at his house in Pathum Thani province. The arrest came after Vietnamese authorities cancelled Le Chi Thanh’s passport, which contained his visa, leaving him without a valid travel document to stay in Thailand. He is currently detained at Bangkok’s Suan Phlu Immigration Detention Center while he appeals the Immigration Bureau’s order to revoke his visa and deport him to Vietnam.</p><p>Le Chi Thanh is a former police officer who uses social media to expose police corruption in Vietnam. Before coming to Thailand in September 2025, Le Chi Thanh suffered persecution in Vietnam for years.</p><p>In April 2021, Le Chi Thanh was arrested and tortured in police custody in Vietnam. After that, a Thu Duc city court sentenced him to two years in prison for having previously resisted arrest. In June 2022, a Binh Thuan provincial court sentenced Le Chi Thanh to an additional three years in prison under article 331 of Vietnam’s penal code for allegedly “abusing the rights to freedom and democracy in order to infringe upon the interests of the state, the legitimate rights and interests of organizations and individuals.” The charges are related to a number of videos he posted on Facebook criticizing corruption in the country. He was released in June 2025 and subsequently traveled to Thailand.</p><p>Vietnamese authorities have long used vague provisions in Vietnam’s penal code and other laws to crush all forms of dissent, including criticism of even low-level officials, Human Rights Watch said.</p><p>Human Rights Watch, in a November 2025 report, documented a pattern of transnational repression in which Thai authorities in recent years have been assisting the Vietnamese government to undertake unlawful actions against exiled Vietnamese activists and dissidents, including those recognized as refugees by the United Nations refugee agency (UNHCR). In exchange, Thai authorities have been able to target exiled Thai dissidents living in Vietnam. Most recently, in November 2025, Thai authorities forcibly returned to Vietnam the prominent Montagnard human rights activist Y Quynh Bdap.</p><p>Thailand’s Prevention and Suppression of Torture and Enforced Disappearance Act prohibits extradition when there is a substantial risk of torture or ill-treatment upon return.</p><p>In addition, Thailand is obligated to respect the international law principle of nonrefoulement, which prohibits countries from returning anyone to a place where they would face a real risk of persecution, torture, or other serious ill-treatment, or a threat to their life. This principle is codified in the United Nations Convention Against Torture, to which Thailand is a party, and customary international law.</p><p>“As Thailand prepares to have its human rights record reviewed at the UN Human Rights Council in November, concerned governments should urge Thailand to end its collusion with Vietnam to repress critics and dissidents in exile,” Pearson said. “Releasing Le Chi Thanh will show that Thailand is on the right track to meet its human rights obligations.”</p>",
        "link": "https://www.hrw.org/news/2026/03/12/thailand-dont-return-vietnamese-activist",
        "severity": 0,
        "scraped_at": "2026-03-12T16:03:53.140810+00:00"
      }
    },
    {
      "type": "Feature",
      "geometry": {
        "type": "Point",
        "coordinates": [
          105.3188,
          61.524
        ]
      },
      "properties": {
        "id_hash": "d64c86f6e85db2845a2d887f996f9ca0659ae44918f09635304659eee02e4424",
        "title": "Russia: Digital Iron Curtain Falls on Internet Freedom Protection Day",
        "summary": "Click to expand Image\n          \n\n\n\n  \n        \n  \n\n        \n                      \n      \n        \n              People use their smartphones while riding an escalator in the Moscow metro, Russia, on February 12, 2026.\n                    © 2026 Hector Retamal/AFP via Getty Images\n          \n    \n\n\n  \n<p>(Berlin, March 12, 2026) – Russian authorities have escalated their internet censorship efforts over the past month, Human Rights Watch said today, a day marked by free speech defenders as World Day Against Cyber Censorship. The government has blocked the most popular social media platform in Russia, coercing users to switch to a state-approved application, as well as circumvention tools.&nbsp;</p><p>“State control over internet infrastructure has long been the top priority for the Russian government,” said Hugh Williamson, Europe and Central Asia director at Human Rights Watch. “The recent escalation of internet censorship raises serious concerns over the ability of people in Russia to access an open and free internet.”&nbsp;</p><p>On February 10, 2026, users in Russia started reporting difficulties accessing Telegram, one of the most popular messengers and social media platforms in the country. The Federal Service for Supervision of Communications, Information Technology, and Mass Media (Roskomnadzor), responsible for internet censorship, confirmed the “gradual restrictions” on Telegram in&nbsp;relationto its failure to comply with Russia’s legislation. Russian&nbsp;media reported that the authorities are planning to block Telegram fully in April.</p><p>In August 2025, the authorities&nbsp;announced that they were blocking calls using Telegram and WhatsApp as a crime prevention move, claiming it was necessary to counteract scam calls and prevent the “involvement of Russians in sabotage and terrorist actions.” In 2018, Roskomnadzor&nbsp;obtained a court ruling to block Telegram based on a 2016 law requiring internet companies to hand over encryption keys to the government but later lifted the formal ban after unsuccessful attempts to block it. Roskomnadzor said that the Telegram founder, Pavel Durov, had agreed to cooperate with the government on combating terrorism and extremism.&nbsp;</p><p>Durov, who is facing “aiding terrorist activities” criminal charges in Russia, said that the current effort by Russian authorities to block Telegram is “an attempt to force citizens to switch to a state-controlled app built for surveillance and political censorship.”&nbsp;</p><p>The platform MAX was created in March 2025 by VK, also known as Vkontakte, which is&nbsp;owned and controlled by companies and individuals with close ties to the Russian government. In July, the government&nbsp;appointed MAX, a “national multifunctional messenger,” which is a&nbsp;government program to create a platform integrating messenger functions with state services. The app includes features such as messaging, calls, and access to state services and digital documents.  MAX&nbsp;can be used as an age verification tool on a digital marketplace.&nbsp;</p><p>In September, the government said that MAX should be preinstalled on all smartphones and tablets sold in Russia. The authorities and VK carried out a broad campaign to increase the number of MAX users, including via&nbsp;promotion by celebrities. Communications from&nbsp;schools and&nbsp;universities were mandatorily moved to MAX, and the government also coerced housing associations and maintenance services to switch to the app, including by threatening them with hefty fines. Russian users also reported being&nbsp;locked out of Gosuslugi, the digital state services portal, unless MAX is installed.&nbsp;</p><p>By February 2026, MAX had&nbsp;reached 77.5 million monthly users in Russia, compared with 95.7 million Telegram users and 80.3 million WhatsApp users. Telegram and WhatsApp had lost 280,000 and 9 million users, respectively, between January and February.&nbsp;</p><p>Both internet&nbsp;users and&nbsp;internet censorship experts have expressed concerns over the vast amounts of data collected by MAX, as well as overly the broad range of permissions requested by the app. In March, experts said that the app sent repeated requests from the device to WhatsApp and Telegram domains and has potentially checked whether the user’s device is connected to a VPN. MAX&nbsp;denied all allegations.&nbsp;</p><p>The Russian authorities continue to increase their technical capacities to achieve tighter information controls, Human Rights Watch said.</p><p>Since 2019, all internet service providers in the country&nbsp;are legally required to install the so-called “TSPU” equipment, distributed and controlled by the state. This technology allows authorities to intercept and manipulate internet traffic. It also allows for internet shutdowns, for instance, during public protests or drone attacks by the Ukrainian army.&nbsp;</p><p>Another component of the “sovereign internet law” is the national domain name system, which works as the address book for the internet, parallel to the international domain name system (DNS). In February, internet censorship experts&nbsp;noted that domains of at least 13 websites, including YouTube, WhatsApp, Facebook, The Moscow Times, and RFE/RL, disappeared from the national DNS registry, meaning that users will see that such websites do not exist when trying to connect to them via a national DNS.&nbsp;</p><p>In February 2026, Roskomnadzor&nbsp;confirmed that it had blocked 469 of Virtual Private Networks (VPNs) services used to overcome internet censorship. Since December, the authorities have been&nbsp;blocking the three most popular VPN protocols. In January 2025, the Federal Antimonopoly Agency&nbsp;issued the first fine for advertising VPNs, in accordance with the ban on Internet advertising. Starting September 2025, Russian users can be&nbsp;fined for “intentionally” searching for “extremist” content on the internet, including via VPNs.&nbsp;</p><p>In February, President Vladimir Putin&nbsp;signed into law amendments allowing the Federal Security Service to require internet service providers to fully block internet and phone connections without a court order on grounds to be defined by the president.&nbsp;</p><p>The Russian authorities should respect and uphold freedom of expression under international law by ending all censorship of protected free expression on the internet. Any online regulation must meet the criteria of having a lawful basis and a legitimate purpose, while also being necessary and proportionate, meaning it is the least intrusive measure that can achieve the purpose. They should also disclose the technical specifications and capabilities of tools the authorities use to collect data and censor internet traffic.</p><p>“The rights to freedom of expression and access to information, offline and online, are rights guaranteed under international human rights law,” Williamson said. “And yet Russian authorities don’t hesitate to blatantly violate these rights.” &nbsp;</p><p>The European Union, the United States, the United Kingdom and other states and intergovernmental organizations should support groups working to protect access to information in Russia, including VPN developers working to secure rights-respecting VPN services.</p>",
        "link": "https://www.hrw.org/news/2026/03/12/russia-digital-iron-curtain-falls-on-internet-freedom-protection-day",
        "severity": 4,
        "scraped_at": "2026-03-12T16:03:53.141702+00:00"
      }
    },
    {
      "type": "Feature",
      "geometry": {
        "type": "Point",
        "coordinates": [
          -98.5795,
          39.8283
        ]
      },
      "properties": {
        "id_hash": "4f2e0716cddadb0150acd3ef7e316ffcc3a54a89e33c847ce50cfa1fe623e410",
        "title": "Burkina Faso: Islamist Armed Group Commits New Atrocities",
        "summary": "<p>(Paris) – An Islamist armed group has killed at least 38 civilians, abducted 9 women, and burned property in 3 separate incidents in northeastern&nbsp;Burkina Faso since late January 2026, Human Rights Watch said today. The atrocities by the Al Qaeda-linked Group for the Support of Islam and Muslims (Jama’at Nusrat al-Islam wa al-Muslimeen, or JNIM) are apparent war crimes.</p>  \n\n\n\n      \n\n\n  \n  \n\n\n\n\n  \n          \n                    \n\n\n\n                  \n          Click to expand Image\n          \n\n\n\n  \n        \n  \n\n        \n                      \n      \n        \n              Screenshot from a video shared online on February 14, 2026, showing a demolished telecommunications tower, in the center of Titao, Burkina Faso.\n                    © 2026 Private\n          \n    \n\n\n  \n<p>On January 29, JNIM fighters abducted nine women near Sollé village, North region, and threatened them with rape and death, releasing them the next day. On February 14, JNIM fighters executed at least 34 civilians, burned property, and destroyed telecommunications infrastructure during an&nbsp;attack on a military base in Titao city, North region. On February 22, JNIM fighters executed four shopkeepers and burned their shops after attacking a gendarmerie post in Manni town, East region.</p><p>“JNIM brutality against civilians in Burkina Faso has been unrelenting,” said&nbsp;Ilaria Allegrozzi, senior Sahel researcher at Human Rights Watch. “The current wave of abuses, targeting communities with perceived ties to militias, reflects blatant contempt for the distinction between combatants and civilians.”</p><p>Human Rights Watch remotely interviewed 20 people, including 10 witnesses to the 3 attacks, journalists, civil society members, and villagers.&nbsp;</p><p>The attacks appear to have targeted communities perceived to support or have ties with militias that assist the military in counterinsurgency operations, the Volunteers for the Defense of the Homeland (Volontaires pour la Défense de la Patrie, or VDPs).</p><p>Since the start of their insurgency in Burkina Faso in 2016, JNIM and other Islamist armed groups have&nbsp;repeatedly attacked civilians and forcibly displaced tens of thousands. The Burkinabè military junta, which&nbsp;took power in 2022, has also targeted civilians during counterinsurgency operations.</p><p>The women kidnapped on January 29, ages 29 to 51, had ventured outside the village of Sollé to fetch firewood. Sollé has been under JNIM siege for four years and combustible material has become scarce.</p><p>Two survivors said JNIM fighters took the women to an abandoned settlement about five kilometers from Sollé, questioned them over their alleged ties with VDPs, and threatened to rape them. “Two fighters told their commander: ‘These women said they were fetching firewood, but they could be wives of VDPs who came to spy on us,’” said a 42-year-old woman. “They wanted to treat us as war booty.” The women said that the commander intervened saying such acts would require authorization from higher leadership.</p><p>The next day, another senior JNIM commander questioned the women about the VDPs in Sollè, including their numbers and positions. A third commander finally authorized their release, but ordered the women to wear veils and warned they would be killed if caught again.</p><p>In February, JNIM carried out a large-scale, coordinated campaign against government forces and allied militias across the central Sahel and into Benin, with Burkina Faso as the main focus. The nongovernmental group Armed Conflict Location and Event Data reported that JNIM’s offensive in Burkina Faso&nbsp;included more than 30 attacks with over 120 soldiers, forest guards, and militia members killed.</p><p>On February 14, shortly before 7 a.m., hundreds of JNIM fighters entered Titao on motorbikes and pickup trucks. Witnesses said that some attacked the military base, while others moved through the market firing at civilians and burning shops, destroyed telecommunications infrastructure, and blocked the city’s exits.</p><p>Residents said that about 200 soldiers from the Rapid Intervention Battallion 21 (Bataillons d’Intervention Rapide 21, or BIR 21) which is involved in counterinsurgency operations, and several hundred militia members are based in Titao.</p><p>“I heard the jihadists saying in Mooré language: ‘Didn’t we warn you not to join the VDPs?’” said a 39-year-old man. “‘We are here and we have accessed the heart of Titao!”</p><p>Witnesses said JNIM fighters opened fire on all men they found at the market area, but spared women and children. “I hid behind a wall, as men who attempted to run were gunned down before my eyes,” a 37-year-old farmer said. “I lost my uncle – I found his body with his face disfigured from multiple bullet wounds.”</p><p>A 37-year-old trader said that he was at the market when he heard gunfire. “I jumped off a wall while the jihadists were shooting behind me,” he said. “I saw my friend and two other men falling under the fire, while I got shot in the leg.”</p><p>Human Rights Watch reviewed a list compiled by witnesses of 27 victims, ages 25 to 50. International media reported that 7 Ghanian nationals also died in the attack. Ghana’s Foreign Ministry&nbsp;confirmed that on February 14 saying, “a truck carrying tomato traders from Ghana … was caught in a terrorist attack in Titao.”&nbsp;</p><p>The attack also resulted in significant infrastructure damage. Human Rights Watch geolocated a&nbsp;video shared online on February 14, showing a demolished telecommunications tower, in the center of Titao. Human Rights Watch also analyzed satellite imagery from February 14 captured at 11:32 a.m. showing burn marks in the Titao market area and the collapsed telecommunications tower.</p><p>“I noticed many men in military uniform near the telecommunications tower, and I thought they were our soldiers until they shouted ‘Allah Akbar’ and began shooting,” said a 40-year-old farmer who hid in his home. “When they left, I saw 15 shops, 3 trucks and 3 buses burned, and the tower down.” Witnesses said some of the shops burned belonged to militia members.&nbsp;</p><p>On February 15, Burkina Faso’s state broadcaster&nbsp;reported that the military carried out airstrikes in response to the attack in Titao, with BIR21 soldiers responding on the ground. A week later, Security Minister Mahamadou Sana visited Titao and&nbsp;said authorities were supporting residents with medical supplies and humanitarian aid.</p><p>A 43-year-old trader said that on February 22 at about 1 p.m., fighters surrounded the market in Manni, trapping everyone inside. As gunfire erupted at close range, he hid in his shop. “When the attack was over, we discovered the bodies of our friends, each in front of his burned shop with bullet wounds in the heads and chests,” he said. “We covered the bodies with cloth and waited until the night to bury them to the cemetery in four different graves.”</p><p>JNIM fighters executed four shopkeepers and burned their stores and attacked the gendarmerie and militia positions. “I heard a jihadist saying over the walkie-talkie, in the Gourmantché language: ‘Do what we were asked to do quickly and we will withdraw fast,’” a 43-year-old nurse said. “A few seconds later, gunshots rang out towards the market.”</p><p>Witnesses said JNIM targeted the four men, ages 47 to 61, because their sons had joined the VDPs.</p><p>In statements on February 14 and 26, JNIM claimed responsibility for the&nbsp;Titao and Manni attacks, but provided no further information.</p><p>All parties to the armed conflict in Burkina Faso are bound by international humanitarian law, notably&nbsp;Common Article 3 to the Geneva Conventions of 1949 and customary laws of war. The laws of war prohibit summary executions, attacks on civilians and civilian property, rape and other sexual violence, and looting, among other violations. Serious violations of international humanitarian law committed with criminal intent are war crimes.</p><p>“Burkinabé authorities have an obligation to impartially investigate and appropriately prosecute those implicated in war crimes,” Allegrozzi said. “They should seek appropriate international and regional support for this effort.”</p>",
        "link": "https://www.hrw.org/news/2026/03/12/burkina-faso-islamist-armed-group-commits-new-atrocities",
        "severity": 10,
        "scraped_at": "2026-03-12T16:03:53.142110+00:00"
      }
    },
    {
      "type": "Feature",
      "geometry": {
        "type": "Point",
        "coordinates": [
          -98.5795,
          39.8283
        ]
      },
      "properties": {
        "id_hash": "6956afcb6ffd77b63b226de9946134fb4a4988007aec91f063cd8a21bf8764b2",
        "title": "Iraq: Prominent Women’s Rights Activist Assassinated",
        "summary": "Click to expand Image\n          \n\n\n\n  \n        \n  \n\n        \n                      \n      \n        \n              Yanar Mohammed, founder of the Women's Freedom Organization in Iraq, speaks to reporters while holding a newspaper copy of Iraq's new constitution,  Baghdad, July 28, 2005.\n                    © 2025 Wathiq Khuzaie/Getty Images\n          \n    \n\n\n  \n<p>(Beirut) – A prominent Iraqi women’s rights activist was gunned down outside her Baghdad home by two men on motorcycles on March 2, 2026, Human Rights Watch said today.&nbsp;</p><p>Yanar Mohammed, 65, co-founded the Organization of Women’s Freedom in Iraq in 2003. She opened Iraq’s first women’s shelters that same year, building a network that eventually spanned multiple cities and provided refuge for more than 1,300 women fleeing honor killings, domestic violence, and trafficking, the organization said. She also published the feminist newspaper Al-Mousawat (Equality) and ran classes for women’s rights activists. She was awarded the Gruber Foundation Women’s Rights Prize in 2008 and Norway’s Rafto Prize in 2016 and was listed among BBC’s 100 Women in 2018.</p><p>“Yanar Mohammed was formidable, indefatigable, and an inspiring leader for women’s rights in Iraq,” said Sarah Sanbar, Iraq researcher at Human Rights Watch. “Her efforts improved the lives of countless women, and her loss is being felt deeply. Yanar Mohammed deserves justice, and the Iraqi government is responsible for delivering it.”&nbsp;</p><p>Mohammed was transferred to a hospital but died of her injuries. No group has claimed responsibility for her assassination. Mohammed’s killing is the latest in a series of high-profile killings of political activists and human rights defenders in Iraq over the past decade. The authorities should make every effort to identify those responsible and hold them accountable, Human Rights Watch said.&nbsp;</p><p>In a statement, her organization said: “We strongly condemn this cowardly terrorist crime and consider it a direct targeting of feminist struggle and the values of freedom and equality,” and called on the authorities to “immediately reveal the perpetrators and the parties behind them and ensure their accountability under the law.”</p><p>Civic space in Iraq, particularly for women’s rights activists, has been increasingly under threat over recent years. Women’s rights groups faced heightened threats and backlash as a result of organizing to fight the passage of an abusive amendment to the country’s Personal Status Law, which ultimately came into force in January 2025.&nbsp;</p><p>Iraqi authorities have consistently failed to deliver justice for the families of assassinated human rights defenders and political activists over the past decade, Human Rights Watch said. Instead, they have allowed a culture of impunity for serious abuses against activists to fester. Assassinations like Mohammed’s are the expected, and entirely preventable, outcome of this impunity, Human Rights Watch said.</p><p>“Yanar’s assassins don’t understand that killing her does not kill the pursuit of justice, equality, and empowerment that she embodied,” Sanbar said. “Her legacy will live on in the women who carry forward her work.”&nbsp;</p>",
        "link": "https://www.hrw.org/news/2026/03/12/iraq-prominent-womens-rights-activist-assassinated",
        "severity": 4,
        "scraped_at": "2026-03-12T16:03:53.142323+00:00"
      }
    },
    {
      "type": "Feature",
      "geometry": {
        "type": "Point",
        "coordinates": [
          53.688,
          32.4279
        ]
      },
      "properties": {
        "id_hash": "28c890e43eb46e5a5f461e3bb4d5177cd0dce4128b1cd479efe7a2a11a1e15b6",
        "title": "Australia’s Cynical and Cruel Bill to Suspend Temporary Visas",
        "summary": "Click to expand Image\n          \n\n\n\n  \n        \n  \n\n        \n                      \n      \n        \n              Minister for Home Affairs Tony Burke (right) addresses the chamber at Parliament House in Canberra, Australia, January 20, 2026.\n                    © 2026 Hilary Wardhaugh/Getty Images\n          \n    \n\n\n  \n<p>This week, the Australian government introduced a new bill, that if passed, will prevent people from conflict and crisis-affected countries from visiting Australia.&nbsp;</p><p>Under the Migration Amendment (2026 Measures No. 1) Bill 2026, the minister for home affairs can issue an “arrival control determination” that would stop people from specified regions from entering Australia on temporary travel visas such as tourist, student, or sporting visas. Once issued, an “arrival control determination” automatically freezes any temporary visa held by people within the designated group, preventing them from entering the country. This determination can be made at any time before a visa holder arrives in Australia, including while they are in transit through a third country.&nbsp;</p><p>The government’s explanatory materials state that people travelling legally to Australia on temporary visas could face mandatory detention and deportation upon arrival if a determination is issued while they are in transit.&nbsp;</p><p>While there are exemptions for people holding certain protection or humanitarian visas, the measures preclude asylum seekers who might initially enter countries on other types of visas. Australia has already blocked various routes to asylum including policies that subject people arriving by boat to offshore detention. Legal and safe pathways are already very limited.&nbsp;</p><p>The bill, which is expected to pass parliament this week, was introduced without consultation with Australia’s refugee and migration sector and continues a pattern of the government passing anti-migration legislation that grants the home affairs minister expanded authority with minimal scrutiny.&nbsp;</p><p>While no country is specifically mentioned in the bill, Assistant Citizenship Minister Julian Hill, when introducing the legislation, pointed to instability in the Middle East, saying the “current situation” showed how quickly circumstances could change and affect whether temporary visa holders would leave Australia at the end of their stay. Home Affairs officials have confirmed there are currently 61,000 people from Middle East countries with temporary travel visas.&nbsp;</p><p>The same day the draft legislation was announced, Home Affairs Minister Tony Burke drew global attention when he granted asylum protections to members of the Iranian women's national football team. Instead of introducing policies that place people affected by armed conflict at even greater risk, Australia should expand safe and legal pathways for everyone in need of protection.&nbsp;<br />&nbsp;</p>",
        "link": "https://www.hrw.org/news/2026/03/12/australias-cynical-and-cruel-bill-to-suspend-temporary-visas-0",
        "severity": 2,
        "scraped_at": "2026-03-12T16:03:53.142517+00:00"
      }
    },
    {
      "type": "Feature",
      "geometry": {
        "type": "Point",
        "coordinates": [
          -98.5795,
          39.8283
        ]
      },
      "properties": {
        "id_hash": "83f84cd21162bfac234522cecb829b8e40618669c6cbfd88f506486e6ede4bee",
        "title": "North Korean in China Who Saved Son Faces Repatriation",
        "summary": "Click to expand Image\n          \n\n\n\n  \n        \n  \n\n        \n                      \n      \n        \n              North Korean soldiers guard the bridge at the China-North Korea border in Tumen, Jilin province, July 14, 2024.\n                    © 2024 CFOTO/Sipa USA via Reuters \n          \n    \n\n\n  \n<p>Imagine living in&nbsp;North Korea. Then imagine your mother selling herself into a forced marriage in China to pay for your escape. This is what happened to Kim Geum Sung.</p><p>In 2019, the teenager arrived in&nbsp;South Korea alone. His mother remained in China so that her son might have a better life.For more than a year, Geum Sung heard nothing from her or how she was doing. He moved into a&nbsp;group home in Seoul run by Kim Tae Hoon, who has spent 20 years caring for North Korean orphans.</p><p>When Geum Sung’s mother was finally able to contact him through a middleman, she seemed content. She spoke kindly of the man she lived with, and for the first time, mother and son could&nbsp;talk freely. But like many North Korean women in China, she was living without legal status and under local police surveillance and control.</p><p>But now her situation has taken a perilous turn for the worse. Chinese authorities detained her and she may be facing imminent forced return to&nbsp;North Korea. Geum Sung is making a simple plea: release his mother, who sacrificed everything for him.</p><p>Over a year ago, Chinese authorities detained Geum Sung’s mother as she was trying to go to South Korea. If returned to North Korea, she could face torture, forced labor, sexual violence, and enforced disappearance. In 2014, the United Nations Commission of Inquiry’s report on North Korea&nbsp;found that China's cooperation in forced returns could amount to aiding and abetting in crimes against humanity.</p><p>China is party to the 1951 Refugee Convention and its 1967 Protocol, and the 1984 Convention Against Torture. Both prohibit forcibly returning anyone to where they face a real risk of persecution or torture. Yet the government routinely violates this obligation. Between January 2024 and September 2025,&nbsp;at least 406 North Koreans have been forcibly returned, bringing the total to at least 1,076 since 2020.</p><p>The Chinese government should immediately stop forced returns and provide asylum to North Korean refugees or permit them safe passage to a third country.</p><p>\"I just want to ask the world to help me save my mother,\" Geum Sung says.</p>",
        "link": "https://www.hrw.org/news/2026/03/11/north-korean-in-china-who-saved-son-faces-repatriation",
        "severity": 0,
        "scraped_at": "2026-03-12T16:03:53.142682+00:00"
      }
    },
    {
      "type": "Feature",
      "geometry": {
        "type": "Point",
        "coordinates": [
          -98.5795,
          39.8283
        ]
      },
      "properties": {
        "id_hash": "3c8f8ba48e27e150cd22c74302b5c1dfe2df8388e1019706e6feae7e8ce03fce",
        "title": "Bahrain Should Urgently Release Prisoners Amid Airstrikes",
        "summary": "Click to expand Image\n          \n\n\n\n  \n        \n  \n\n        \n                      \n      \n        \n              Bahraini anti-government protesters raise signs with images of jailed human rights activist Abdulhadi al-Khawaja Friday, April 6, 2012, in Jidhafs, Bahrain.\n                    © 2012 AP Photo/Hasan Jamali\n          \n    \n\n\n  \n<p>As the United States and Israel carry out thousands of strikes on Iran and Iran carries out attacks across the Middle East, detainees in the region face even greater risks than usual. In Bahrain, an island state that Iranian forces have repeatedly attacked, the authorities should immediately release detainees. &nbsp;</p><p>Many of those behind bars in Bahrain are arbitrarily detained for exercising their freedom of expression. Some, including leaders of the 2011 pro-democracy protests, have been held for nearly 15 years. Others have been detained in recent days in crackdowns on now-banned protests and demonstrations against the US and Israel’s attacks on Iran, or in relation to social media posts with photos and videos showing the impacts of Iranian strikes in the country. All those arbitrarily or otherwise unlawfully detained should be released immediately and unconditionally.&nbsp;</p><p>Several detainees have urgent healthcare needs but have been refused adequate care. A Danish-Bahraini human rights defender,&nbsp;Abdulhadi al-Khawaja, and&nbsp;Sheikh Mohammed Habib al-Muqdad, a dual Swedish-Bahraini national, both of whom have been arbitrarily detained since 2011, are in their 60s and have severe health issues from torture and long-term imprisonment. Authorities have continued to deny them adequate access to health care. &nbsp;</p><p>Human Rights Watch has received reports from prisoners at both Dry Dock and Jau prisons of nearby explosions during attacks by Iranian forces.</p><p>Witnesses in Bahrain report that airstrikes have damaged residential areas as well as Aluminum Bahrain (Alba), an aluminum smelter only 11 kilometers from Jau prison where al-Khawaja and al-Muqdad are held.&nbsp;</p><p>In the worst-case scenario, prisons may also be directly targeted, as&nbsp;Evin prison in Iran was by Israeli forces in June 2025. It could also resemble the&nbsp;aftermath of that attack, when Iranian authorities subjected detainees to enforced disappearances and ill-treatment, including by holding them in cruel conditions and denying them access to sufficient food, potable water, medical care, and any means of communication. &nbsp;</p><p>Nobody should be detained in Bahrain or elsewhere for exercising their right to peaceful expression. Now, as Bahrain continues to be caught up in the conflict between Iran and the US and Israel, it’s more important than ever for arbitrarily detained prisoners to be unconditionally released, and for others to be released temporarily on humanitarian grounds.</p>",
        "link": "https://www.hrw.org/news/2026/03/11/bahrain-should-urgently-release-prisoners-amid-airstrikes",
        "severity": 6,
        "scraped_at": "2026-03-12T16:03:53.142851+00:00"
      }
    },
    {
      "type": "Feature",
      "geometry": {
        "type": "Point",
        "coordinates": [
          18.1236723,
          26.8234472
        ]
      },
      "properties": {
        "id_hash": "14bdb78b84b76a8b560bca1e2ce2ec457147c5920a10bd9303f8f6a6358f670b",
        "title": "Libya: Surrender International Criminal Court Suspect",
        "summary": "Click to expand Image\n          \n\n\n\n  \n        \n  \n\n        \n                      \n      \n        \n              The International Criminal Court in The Hague, Netherlands, July 2025.\n                    © 2025 Nicolas Economou/NurPhoto via AP Photo\n          \n    \n\n\n  \n<p>(The Hague) – Libyan authorities should urgently surrender Osama Elmasry Njeem to the International Criminal Court (ICC), where he is wanted for serious crimes, Human Rights Watch said today. The authorities should also ensure full cooperation with the court for other ICC suspects believed to be in Libya.</p><p>Njeem is a senior member of the Deterrence Apparatus for Countering Terrorism and Organized Crime, a Tripoli-based militia affiliated with the Presidential Council. He is&nbsp;wanted by the ICC on charges of crimes against humanity and war crimes, including murder, torture, and rape, committed in Mitiga Prison since 2015.&nbsp;Seven other Libyans remain fugitives of the ICC, and Libyan authorities are obligated to arrest and surrender those who are in Libya to the Hague.</p><p>“Those responsible for grave abuses in Libya have long been allowed to evade accountability,” said Hanan Salah, associate Middle East and North Africa director at Human Rights Watch. “Njeem’s reported arrest in Libya is a chance for authorities to demonstrate a genuine commitment to justice by cooperating with the ICC.”&nbsp;</p><p>Libyan authorities reportedly&nbsp;arrested Njeem in Tripoli on November 5, 2025, to face charges domestically, but his location remains unknown and authorities have not taken any public steps to surrender him to the ICC.&nbsp;</p><p>Human Rights Watch wrote to Libya’s general prosecutor in December&nbsp;requesting information on the charges against Njeem, his location, Libya’s cooperation with the ICC, and the status of other suspects believed to be in Libya, but has received no reply.&nbsp;</p><p>The ICC is a court of last resort, stepping in only when national authorities do not conduct genuine proceedings. Although Libya is not an ICC member, it is legally required to cooperate under the terms of the 2011 United Nations Security Council resolution&nbsp;referring the situation in Libya to the ICC prosecutor. In addition, Libyan authorities in May 2025&nbsp;accepted the court’s jurisdiction over crimes within its jurisdiction committed in Libyan territory or by Libyan nationals from 2011 until the end of 2027.&nbsp;</p><p>Libya is required to surrender Njeem to the ICC. There is no public indication that Libya has filed a challenge with the court on the basis that it is pursuing similar charges in Libya. Only ICC judges can decide on such a challenge.&nbsp;</p><p>There has already been a missed opportunity to bring Njeem to justice, Human Rights Watch said. On January 19, 2025, Njeem was arrested in Turin, Italy, but Italian authorities sent him back to Libya instead of surrendering him to the ICC. In January 2026, ICC judges&nbsp;asked the court’s member countries&nbsp;to hold Italy to account for refusing to cooperate with the court.</p><p>The ICC opened an investigation into the Libya situation in 2011, following a referral by the UN Security Council. It has&nbsp;issued arrest warrants against 14 people for crimes committed during the 2011 revolution, during hostilities between 2014 and 2020, and in detention facilities, including against migrants. Nobody has yet faced trial before the ICC in the Libya situation.</p><p>Pretrial proceedings in the first case to come to the court are moving ahead following Germany’s December 2025&nbsp;surrender of Khaled Mohamed Ali El Hishri, on an ICC warrant for crimes allegedly committed in the same detention facility as Njeem.&nbsp;</p><p>Saif al-Islam Gaddafi, the son of Libya’s former leader Muammar Gaddafi, long wanted by the ICC for crimes against humanity and war crimes during the 2011 uprising against his father’s government, was killed in Libya by unidentified armed men on February 3, 2026. Gaddafi had been living near the town of Zintan, under the protection of members of the same armed group who detained him in 2011 and subsequently&nbsp;released him in 2017, citing an amnesty law. On March 5, the general prosecutor’s office&nbsp;announced they had identified three suspects in Gaddafi’s killing and ordered their arrest.</p><p>The Libyan general prosecutor should ensure a transparent investigation into the assassination of Gaddafi, make the findings public, and hold those responsible accountable, Human Rights Watch said.</p><p>Of the seven other ICC fugitives in the Libya situation still believed to be alive,&nbsp;Saif Suleiman Sneidel, a member of the Libyan Arab Armed Forces (LAAF) wanted for war crimes of murder, torture, and outrages upon dignity, remains at large in LAAF-controlled eastern Libya. ICC Deputy Prosecutor Nazhat Khan called for his surrender to The Hague in her address to the UN Security Council on November 25, 2025. The others wanted for war crimes are Abdurahem Khalefa Abdurahem Elshgagi, Makhlouf Makhlouf Arhoumah Doumah, Nasser Muhammad Muftah Daou, Mohamed Mohamed Al Salheen Salmi, Abdelbari Ayyad Ramadan Al Shaqaqi, and Fathi Faraj Mohamed Salim Al Zinkal.</p><p>Human Rights Watch has&nbsp;documented inhumane conditions in migrant detention centers and prisons across Libya, many run by abusive and unaccountable armed groups nominally affiliated with the authorities. Detainees face severe overcrowding, torture, and other ill-treatment; prolonged arbitrary detention and enforced disappearance; as well as unlawful killings, beatings, forced labor, sexual violence, and deprivation of adequate food and water.&nbsp;</p><p>Human Rights Watch has found that Libya’s fragmented&nbsp;justice sector remains marred by serious due process violations and laws that breach international norms, and that the judiciary is unwilling and unable to meaningfully investigate serious crimes.&nbsp;</p><p>Nongovernmental organizations, including Human Rights Watch,&nbsp;have also criticized Libyan authorities’ lack of effective cooperation with the ICC and the absence of international oversight following the end of the UN Independent Fact-Finding Mission on Libya’s mandate in March 2023. The UN Security Council has failed to respond to&nbsp;previous requests from ICC judges for support to ensure Libya’s cooperation.</p><p>The justice minister of Libya’s Government of National Unity, Halima Ibrahim Abdelrahman,&nbsp;told Human Rights Watch in 2024 that “as a matter of principle,” she was against extraditing any Libyan national to be tried abroad, and that she had conveyed this message to the court’s prosecutor, Karim Khan, during his visit to Tripoli in April 2024.&nbsp;</p><p>UN Security Council and ICC members should press Libyan authorities to cooperate, including by promptly turning over Njeem and arresting and surrendering other suspects on Libyan territory subject to ICC arrest warrants. They should make clear they back the ICC’s mandate in Libya, including by enforcing judicial findings of noncooperation, said Human Rights Watch.</p><p>“Over 15 years after the ICC’s referral, abuses continue behind the locked doors of Libya’s prisons, enabled by the shortcomings of its judicial institutions,” Salah said. “To stop the cycle of crimes and impunity, other countries should press Libya to cooperate with the court, so that those responsible are finally held to account.”&nbsp;</p>",
        "link": "https://www.hrw.org/news/2026/03/11/libya-surrender-international-criminal-court-suspect",
        "severity": 4,
        "scraped_at": "2026-03-12T16:03:54.768966+00:00"
      }
    },
    {
      "type": "Feature",
      "geometry": {
        "type": "Point",
        "coordinates": [
          6.4416347,
          51.1785153
        ]
      },
      "properties": {
        "id_hash": "585b6136a16a9c3ca106bc13f221db534d7ee893e1d27ceab964f601517f24ce",
        "title": "New Sudan Atrocity Prevention Coalition Needs to Act Fast",
        "summary": "Click to expand Image\n          \n\n\n\n  \n        \n  \n\n        \n                      \n      \n        \n              A former bus station hosts internally displaced people who arrived in Gedarefduring during a wave of mass displacement from the Sinjar/Sannar region south of Khartoum, Sudan, July 2024.\n                    © 2024 Giles Clarke/UNOCHA via Getty Images\n          \n    \n\n\n  \n<p>On February 26, the United Kingdom, Germany, Ireland, the Netherlands, and Norway&nbsp;announced the formation of a coalition to prevent atrocities and promote justice in Sudan. As atrocities continue unabated the coalition has its work cut out.</p><p>The announcement—by the countries that make up Sudan Core Group at the Human Rights’ Council—follows the Rapid Support Forces’ capture of El Fasher in North Darfur, and the&nbsp;findings by the UN that the Rapid Support Forces unleashed attacks that bore the hallmark of genocidal violence. For 18 months prior, Human Rights Watch and many others warned of the risk of atrocities as the RSF besieged and bombarded El Fasher. But global efforts, including by members of the new coalition, to protect civilians fell short.</p><p>In recent months, both the Rapid Support Forces and the opposing Sudanese Armed Forces have made&nbsp;extensive use of drones, notably in the Kordofan region, reportedly targeting aid&nbsp;convoys, damaging civilian infrastructure and killing and injuring civilians. These events underscore the cost to civilians when abusive forces have access to arms supplies. The new coalition’s first move should be to try to cut off the flow of weapons.</p><p>Coalition members should focus on options to protect civilians physically by building political momentum around the creation of a new UN Security Council authorized protection mission and working on concrete plans for its operational architecture. They should also provide political and financial support to local responders, who are under continual attack—including by establishing a system to track attacks on local aid actors—and act against parties responsible.</p><p>The coalition can also act to advance&nbsp;accountability efforts, including by centering justice in political dialogues, calling for expansion of the&nbsp;International Criminal Court’s jurisdiction to the whole of Sudan, and encouraging cases under the principle of universal jurisdiction.</p><p>The success of this coalition will also be measured by its capacity to boost concerted international action on Sudan. It should work with the UN’s newly&nbsp;appointed personal envoy for Sudan, and bring more partners on board, including the African Union, states from the region, and more from the European Union.</p><p>This coalition could be a beacon of hope. But the countries involved need to be willing to put in the political capital required to stop warring parties and their backers from acting with such blatant impunity.</p>",
        "link": "https://www.hrw.org/news/2026/03/11/new-sudan-atrocity-prevention-coalition-needs-to-act-fast",
        "severity": 4,
        "scraped_at": "2026-03-12T16:03:56.092202+00:00"
      }
    },
    {
      "type": "Feature",
      "geometry": {
        "type": "Point",
        "coordinates": [
          -98.5795,
          39.8283
        ]
      },
      "properties": {
        "id_hash": "e9517ef4df8d1d65fd132a3aec818b2866ba170b3a24ac64992699d7985068cf",
        "title": "DR Congo: Enforced Disappearances Surge in Kinshasa",
        "summary": "Click to expand Image\n          \n\n\n\n  \n        \n  \n\n        \n                      \n      \n        \n              Logo of the National Cyber Defense Council (Conseil national de cyberdéfense) at the entrance to the National Transport Office in Kinshasa, Democratic Republic of Congo.\n                    © 2025 Human Rights Watch\n          \n    \n\n\n  \nCongolese security forces have been responsible for numerous enforced disappearances in and around Kinshasa, the capital of the Democratic Republic of Congo, since March 2025.The Congolese government is using the National Cyber Defense Council (CNC) as a proxy to carry out arrests and detentions of political opponents on dubious grounds.The authorities should ensure that all those taken into custody by the CNC are immediately released or brought before a judge and that any further detention fully complies with Congolese and international law.<p>(Nairobi) – Congolese security forces have been responsible for numerous enforced disappearances in and around Kinshasa, the capital of the Democratic Republic of Congo, since March 2025, Human Rights Watch said today.</p><p>Human Rights Watch has documented that 17 people have been forcibly disappeared or reported missing in the past year and has received credible accounts of several additional cases. Many of those disappeared were found, often months later, in the custody of the National Cyber Defense Council (Conseil national de cyberdéfense, CNC), which has arbitrarily arrested and detained people alongside the Congolese National Police and the president’s Republican Guard.</p><p>“For the past year, Congolese security forces have secretly arrested and detained people on spurious grounds in the heart of the capital,” said Lewis Mudge, Central Africa director at Human Rights Watch. “In most cases, the arrests seem to be politically motivated or of people suspected of supporting the armed group that has taken over parts of eastern Congo.”</p><p>Between July 2025 and March 2026, Human Rights Watch interviewed over 34 people, including 9 former detainees of the CNC and 11 detainees’ relatives. Human Rights Watch has withheld the names of those interviewed for their safety.</p><p>The CNC was created in 2023 by presidential ordinance to investigate cybercrimes.&nbsp;International mediahave reported that it has acquired advanced technology allowing targeted eavesdropping, especially on messaging apps. It has expanded into arrests, interrogations, and secret detention without judicial oversight.</p><p>Former detainees said that uniformed Republican Guards and national police as well as officials in civilian clothes carried out the arrests, some in the middle of the night. Several said they were blindfolded when transported to, or between, CNC detention centers. They said that they were not shown an arrest warrant and were refused access to lawyers.</p><p>The CNC first held and interrogated them at facilities at the national stadium, the Stade des Martyrs, or at its offices at the National Transport Office (Office National des Transports, or ONATRA) in Kinshasa. They said they were then moved to other locations in Kinshasa, including private rooms, possibly in hotels.</p><p>Former detainees said their interrogations had little to do with cyber intelligence and were based on accusations of collusion with the M23 armed group, which controls part of eastern Congo; ties to former President Joseph Kabila, who is accused of supporting the M23; or coup plots. Other detainees said they believed, based on interrogation questions, that they were held because of their opposition political views. One said that when he requested a lawyer, officials told him: “there is no law in these rooms.”</p><p>According to their lawyers, five detainees were transferred from CNC custody into the military or civilian justice systems, where they face charges of crimes against state security or insulting the head of state. Two of these cases have reached trial and three are in preliminary proceedings. Eight other people have been released, while three more remain detained.</p><p>Former detainees said that other people may still be held in undisclosed detention centers without access to their families or lawyers.</p><p>In early September 2025, police, soldiers, and men in civilian clothes arrested at least 12 opposition members of parliament at a hotel in Kinshasa and took them to the CNC office at ONATRA. The lawmakers were accused of supporting the then head of the National Assembly, Vital Kamerhe, whom the ruling party eventually pushed out of his position. According to a former detainee and&nbsp;media reports, the detainees were blindfolded when taken to ONATRA, where they were accused of corruption. They were told their immunity as parliamentarians was irrelevant before they were finally released that night and early the next day.&nbsp;</p><p>CNC officials met with Human Rights Watch on November 20 and December 5, when an official said that the unit exists to “coordinate essential services” and that its officials have the right to intervene when necessary. However, the official was vague about detentions, alluding to the government’s authority to restrict people’s liberty for necessary security reasons. In response to a letter from Human Rights Watch, Jean-Claude Bukasa, CNC’s head and coordinator, wrote on February 17 that the CNC “does not have the power to arrest or detain” people.</p><p>Human Rights Watch had limited access to one CNC detention facility in November in the presence of Bukasa and his senior staff. A military magistrate and the president of the National Human Rights Commission were also present. Although controlled, the visit allowed Human Rights Watch to see the apparent living conditions of some detained military officers.</p><p>The CNC’s abusive arrest and detention operations violate Congo’s Code of Criminal Procedure as well as international human rights law, notably the International Covenant on Civil and Political Rights and the African Charter on Human and Peoples’ Rights.</p><p>International law defines an enforced disappearance as the deprivation of a person’s liberty by state agents, or by those acting with the state’s acquiescence, followed by a refusal to acknowledge the deprivation of liberty or by concealment of the person’s fate or whereabouts. All victims of enforced disappearances have a right to a remedy.</p><p>For those forcibly disappeared, the authorities should immediately acknowledge their detention, reveal their whereabouts, and allow them access to family members and legal counsel. The authorities should ensure that all those taken into custody by the CNC are immediately released or brought before a judge and that any further detention fully complies with Congolese and international law.</p><p>The authorities should impartially investigate all reported cases of enforced disappearances, even of those who have been subsequently released, and prevent such abuses in the future, Human Rights Watch said.</p><p>“The Congolese government is using the National Cyber Defense Council as a proxy to carry out arrests and detentions of civilians on dubious security grounds and we still don’t know how many are still in detention,” Mudge said. “The authorities need to release all those wrongfully held, investigate the CNC’s operations, and put an end to its enforced disappearances.”</p><p>For more details about the CNC’s enforced disappearances in Kinshasa, please see below.</p><p>Armed Conflict with Rwanda and the M23</p><p>Congo is engaged in an armed conflict in the east with Rwandan government forces and the abusive&nbsp;M23 armed group, which captured major cities in 2025. Hostilities have continued despite partial withdrawals, multiple fragile ceasefires, and peace accords brokered by the United States and Qatar.</p><p>Rwanda has been providing direct military support, including troops and logistics, to the M23, based on reports by the United Nations, Congo, and other governments, as well as Human Rights Watch, among others. The Congolese government has supported abusive Wazalendo militias, fueling the violence amid mutual accusations of backing proxy militias and threats to regional stability.</p><p>Congo’s government has accused former President Joseph Kabila of treason and support for the M23 and the Alliance Fleuve Congo, a political-military coalition that includes the M23 and other Congolese government opponents. Kabila, who visited M23-controlled areas in 2025 but is otherwise living in exile, received an in absentia death sentence in September after a politically motivated&nbsp;trial.</p><p>National Cyber Defense Council Arrests</p><p>President Félix Tshisekedi established the CNC in 2023 and tasked it with coordinating services related to cyber defense and cyber intelligence. However, as the hostilities between the government and the M23 and Rwandan forces escalated, the unit became increasingly implicated in targeted arrests of individuals that it claimed were in collusion with Kabila and opposition armed groups.</p><p>Arrests that Human Rights Watch documented typically occurred without warning or legal justification. Uniformed Republican Guard members and uniformed police or plainclothes officers entered homes, sometimes at night. In some instances, they pointed weapons at family members, including a child in at least one instance, and demanded compliance without presenting warrants or explaining charges. They took phones and belongings and blindfolded some people, then took them to CNC offices.</p><p>The wife of one detainee said, “Many men, including Republican Guards, forced their way into our home at about 4:30 in the morning.... They pointed their guns at my young son and forced him to show them his father’s bedroom.” The man, arrested in mid-December, is still in detention.</p><p>Congo’s Code of Criminal Procedure states that except for cases involving “flagrant délit” (being “caught in the act”), arrests should only be made when a competent judicial authority, such as a judge or prosecutor, has issued an arrest warrant stating the charges.</p><p>One former detainee, who spent two weeks in CNC detention, said that scores of police arrested him and a colleague outside a bar at a busy intersection in Kinshasa. Several police officers bundled them into vehicles and drove off. When a crowd started to form, the police shot their rifles in the air to disperse it.</p><p>While a CNC official told Human Rights Watch in December that only one detainee had requested a lawyer, detainees and their family members contradicted this assertion. “My nephew disappeared [and] we learned [three days later] that he was being held at the CNC headquarters,” a detainee’s relative said. “We tried to send lawyers to assist him, but they were denied access.” Someone with ties to the intelligence community told the family to try to settle the issue on their own “because the CNC does not allow lawyers.”</p><p>A former detainee said: “I told the officer who wanted to question me to let me speak to my lawyer because it’s my right.” He said the officer replied: “The law doesn’t apply here, the law stays outside the door.... You’re here because the other intelligence services failed, so don’t even think about a lawyer.”</p><p>Article 19 of the 2006 Congolese Constitution, revised in 2011, explicitly guarantees the right to counsel “at all stages of the criminal procedure, and including the police inquiry and the investigation before trial.” Article 14(3) of the International Covenant on Civil and Political Rights similarly provides for the right to counsel of the person’s choice.</p><p>Former detainees said that CNC officials accused them during interrogations of plotting against the state. One detainee said: “I was told ‘You are here because the other intelligence agencies did not do their work. Why are you fighting against the president?’ They accused me of being a supporter of Kabila, but they only had some things from my Facebook account from a few years ago.”</p><p>Another former detainee said that while he was not beaten or physically mistreated, he was afraid he was going to be killed each time he was blindfolded and moved between detention locations.</p><p>The CNC official told Human Rights Watch in November that the National Human Rights Commission was the designated point of contact between the CNC and detainees’ families. While some family members were able to contact detained relatives through the commission, the government and the CNC are responsible for locating detainees and ensuring access by their lawyers and relatives, Human Rights Watch said.</p><p>Most family members interviewed failed to find their loved ones when they were in CNC detention. Family members of those forcibly disappeared said they had written to local and national authorities, asking for their loved ones’ location so they could visit, but received no information.</p><p>Some family members eventually confirmed that their relatives were in CNC detention through informal means. “My nephew disappeared on a Wednesday,” said one family member. “We searched all the city’s prisons without success. It was only three days later when we learned through informal channels that he was being held at the CNC, in the ONATRA [transport agency] building. However, no one confirmed his presence there.” The family was only able to verify this information after he was released two weeks later.</p><p>Several former detainees said that they were released in a manner almost as arbitrary as their arrest and made to sign declarations that they would not work against the government.</p><p>“I was brought into a room and told to sign a document,” a former detainee said. “It stated that I would not criticize the president, that I will stop political activism, that I will not disturb the public order, and that I will not talk about my detention at the CNC. I was told that if I break that contract, it will be used against me, and I was told I would not leave if I did not sign it. Even today that document makes me think I’m being followed.”</p><p>In late 2025 and early 2026, at least five cases were transferred to the public prosecutor’s office or the military prosecutor’s office. The detainees were sent either to Makala Central Prison or Ndolo military prison to await preliminary hearings. It is unclear whether the unlawful arrests and detention of the defendants will be considered in judicial proceedings.</p><p>On January 8, Justice Minister Guillaume Ngefa stated at a&nbsp;news conference that for arrests related to state security, the Ministry of Justice ensures that procedures are legalized as quickly as possible. He said that administratively, arrests can take time until the completion of investigations. Human Rights Watch did not find that these cases were handled with the necessary regard for due process.</p>",
        "link": "https://www.hrw.org/news/2026/03/10/dr-congo-enforced-disappearances-surge-in-kinshasa",
        "severity": 4,
        "scraped_at": "2026-03-12T16:03:56.093282+00:00"
      }
    },
    {
      "type": "Feature",
      "geometry": {
        "type": "Point",
        "coordinates": [
          32.8756747,
          39.8919748
        ]
      },
      "properties": {
        "id_hash": "a102fc96fd02f6513c3194d853b78ae8e5f1bb05236d11f67c20bcf8beb55dae",
        "title": "Ugandan Police Arrest Two Women for Allegedly Kissing",
        "summary": "<p>Two women are currently in custody in Uganda for allegedly kissing in public. The pair, whom Ugandan police arrested on February 18, are detained under the country’s Anti-Homosexuality Act, one of the most draconian anti-LGBT legislations in the world.</p><p>Uganda criminalizes consensual same-sex relations under its British colonial-era Penal Code Act. Over the last decade, the Ugandan government has increasingly further restricted the rights of lesbian, gay, bisexual, and transgender (LGBT) people, culminating in the 2023 Anti-Homosexuality Act.</p><p>The Act criminalizes consensual same-sex conduct with penalties of up to life imprisonment, attempted homosexual acts with penalties of up to 10 years’ imprisonment, and the death penalty for those convicted of “aggravated homosexuality,” which includes repeated same sex acts and intercourse with a person older than 75, or a person with a disability.</p><p>A police spokesperson said that the two women were arrested under suspicion of “practicing homosexuality” after community members reported them for engaging in “queer and unusual acts.” According to local media, they were held in police custody until February 27, then briefly released but re-arrested promptly.</p><p>While the Anti-Homosexuality Act originally included an obligation to report someone suspected of participating in same-sex acts, that provision was struck down by the Supreme Court in 2024.</p><p>The Act has had a devastating impact on the lives of LGBT people, activists, allies, and their families. LGBT activists in the country have reported an increase in physical attacks, violence, extortion, entrapment, and arbitrary arrest and detention. The arrest of the two women is only the latest in a series of many.</p><p>The Anti-Homosexuality Act contravenes Uganda’s obligations under international human rights law including the&nbsp;African Charter on Human and Peoples’ Rights, which guarantees equality before the law and protection from discrimination, violence, and arbitrary arrest. The African Commission on Human and People’s Rights has called on states to prevent violence and other human rights violations based on real or perceived sexual orientation or gender identity. These obligations require Uganda to protect LGBT people from harassment, arbitrary arrest, and abuse.</p><p>The Ugandan police should immediately release the two women. The Ugandan government should repeal the Anti-Homosexuality Act and the Penal Code provisions criminalizing consensual same-sex conduct, and ensure equal protection and non-discrimination for all, regardless of their sexual orientation or gender identity.</p>",
        "link": "https://www.hrw.org/news/2026/03/10/ugandan-police-arrest-two-women-for-allegedly-kissing",
        "severity": 2,
        "scraped_at": "2026-03-12T16:03:57.567837+00:00"
      }
    },
    {
      "type": "Feature",
      "geometry": {
        "type": "Point",
        "coordinates": [
          -74.2973,
          4.5709
        ]
      },
      "properties": {
        "id_hash": "42efe403582fbd52e7b2ca48654cdfa5eeb4577ca8da032c77aeb6f31ff1757a",
        "title": "Child in the US Deprived of Hearing Aids during Deportation",
        "summary": "<p>A six-year-old child with a hearing disability was prevented from having his hearing aids delivered to him after being taken into custody with his mother and his five-year-old brother during an immigration check-in with US Immigration and Customs Enforcement (ICE) in San Francisco on March 3.</p>  \n\n\n\n      \n\n\n  \n  \n\n\n\n\n  \n          \n                    \n\n\n\n                  \n          Click to expand Image\n          \n\n\n\n  \n        \n  \n\n        \n                      \n      \n        \n              Lesly Rodriguez Gutierrez (R) and her two children, aged five and six, were detained by ICE in San Francisco, California, US, on March 3, 2026.\n                    © 2026 Nikolas De Bremaeker/Centro Legal de la Raza\n          \n    \n\n\n  \n<p>The child’s mother appeared for the appointment as required as part of her ongoing immigration proceedings and had her two children with her. Immigration authorities detained them, transferred them to another location within the United States, and then initiated deportation procedures to Colombia.</p><p>Expedited transfers can undermine access to effective legal remedies. Moving detainees far from their lawyers immediately after arrest can make it extremely difficult to seek judicial review or file emergency legal challenges before removal takes place.</p><p>According to reports from the family’s legal representative, immigration authorities did not allow the waiting relatives to deliver the child’s hearing aids during the detention and deportation process.</p><p>For children with hearing disabilities, hearing aids are not simply medical devices, they are often their primary means of communicating with the world. Being suddenly deprived of them can leave a child unable to hear his mother’s voice, understand what is happening, communicate and interact with others, and receive information and explanations during stressful or unfamiliar situations. Research shows that cutting children with hearing disabilities off from their means of communication can cause intense confusion, fear, anxiety, and a profound sense of isolation.</p><p>This case comes on the heels of another alarming incident involving migrants with disabilities in US immigration custody. On February 19, US Border Patrol agents released a nearly blind Rohingya refugee by dropping him off, alone, at a closed coffee shop at night in sub-freezing weather. This was several miles from his home, and his family and lawyer apparently were not notified that he was being released. He apparently never returned home, and his body was found five days later.</p><p>These cases raise serious concerns about whether US immigration authorities are meeting their obligations to ensure accessibility and reasonable accommodations for people with disabilities at every stage of immigration enforcement. Authorities should in any case prioritize community-based alternatives to detention for migrants with disabilities rather than placing them in custodial settings that often fail to meet their basic accessibility needs.</p>",
        "link": "https://www.hrw.org/news/2026/03/10/child-in-the-us-deprived-of-hearing-aids-during-deportation",
        "severity": 0,
        "scraped_at": "2026-03-12T16:03:57.568176+00:00"
      }
    },
    {
      "type": "Feature",
      "geometry": {
        "type": "Point",
        "coordinates": [
          29.7468414,
          -18.4554963
        ]
      },
      "properties": {
        "id_hash": "ef28e7c05b6d648880952064f1b768b2d03f551b3e976d5f2b15abe8f6a0289a",
        "title": "Zimbabwe: Violence and Intimidation Against Opponents of Presidential Term Extension",
        "summary": "Click to expand Image\n          \n\n\n\n  \n        \n  \n\n        \n                      \n      \n        \n              SAPES Trust director Ibbo Mandaza (L) listens to Jacob Ngarivhume (C) and Tendai Biti (R) speaking to the media at the Trust in Harare, Zimbabwe on October 28, 2025.\n                    © 2025 Jekesai Njikizana/AFP via Getty Images\n          \n    \n\n\n  \n<p>(Johannesburg) - Authorities in&nbsp;Zimbabwe have intensified their crackdown against critics of an effort by the ruling Zimbabwe African National Union - Patriotic Front (ZANU-PF) party to&nbsp;push forward a constitutional amendment to extend President Emmerson Mnangagwa’s term of office, Human Rights Watch said today. The proposed amendment has attracted considerable opposition from those who consider it an attack on the country’s democracy.</p><p>Under the constitution, President Mnangagwa would have to step down in 2028 after serving two five-year terms. However, following a controversial ZANU-PF resolution, the government gazetted&nbsp;Constitutional Amendment No 3 on February 16, 2026. The amendment would extend the term of office for both the president and parliament from five to seven years, effectively postponing the 2028 elections until 2030.&nbsp;</p><p>“Zimbabwe’s leaders should demonstrate their commitment to the rule of law by respecting the country’s constitution and international human rights obligations for freedom of expression and assembly,” said&nbsp;Idriss Ali Nassah, senior Africa researcher at Human Rights Watch. “Civil society, legal experts, and ordinary people should be allowed to peacefully express their views without fear.”</p><p>Over the last few months, the police and unidentified armed men have threatened, harassed, and beat up several people who are opposed to the proposed constitutional amendment.</p><p>On March 1, in Harare, about 5 to 10 armed men wearing balaclavas reportedly forced their way into the offices of the National Constitutional Assembly (NCA), an opposition political party. According to Lovemore Madhuku, a prominent lawyer and leader of the NCA, some of the men assaulted members who had gathered for a meeting, including&nbsp;injuring Madhuku. Madhuku has brought a constitutional court&nbsp;case seeking to halt the constitutional amendment process.</p><p>Madhuku told Human Rights Watch that the men accused him of “wanting to create problems in the country” and demanded to know why he was opposing the bill. Madhuku said the men identified themselves as police officers and accused his party of holding an “unsanctioned meeting.”</p><p>He said that they used the long batons commonly used by the police to beat him on his back and on the head and delivered blows to his face. He also said that uniformed officers remained stationed outside in their marked vehicles. After the attack, Madhuku said, the men left in two unmarked vehicles, followed by two Zimbabwe Republic Police vehicles. A police&nbsp;statement posted on X said that its officers “were not involved in the alleged incident” and that the police were “keen to know what actually transpired.”</p><p>Another civil society group, the Constitutional Defenders Forum, said that on February 27 the police gave them a letter ordering them&nbsp;to stop their opening meeting scheduled for the next day because it did not comply with the Maintenance of Peace and Order Act. The Forum is a&nbsp;citizen-driven initiative committed to defending Zimbabwe’s Constitution, constitutionalism, and the rule of law.&nbsp;</p><p>Under the&nbsp;Maintenance of Peace and Order Act, groups planning a meeting must provide written notice to the police seven days in advance of processions and demonstrations, and five days in advance of public meetings. The Forum maintains that it did. The police have frequently and selectively used the requirement to deny civil society and the opposition permission to hold meetings and to mobilize.</p><p>On March 5, the Forum posted a video to social media that Human Rights Watch geolocated, showing armed police officers in several vehicles at the Harare law offices of Tendai Biti, the Forum leader. In a post on X, the Forum&nbsp;reported that armed men besieged Biti’s premises, assaulted people there, and issued death threats against him.</p><p>The&nbsp;police admitted to having deployed officers at Biti’s offices “for the maintenance of law and order” but denied the assault allegations. Biti told Human Rights Watch that authorities had decided to “unleash violence and place the country under a state of siege” to silence alternative voices.&nbsp;</p><p>On October 28, 2025, the Southern African Political Economy Series (SAPES) Trust’s offices in Harare was badly damaged in a suspected&nbsp;arson attack. The assailants&nbsp;reportedly abducted the night guard and locked the property’s gates with new padlocks before fleeing. The attack took place just hours before SAPES was to host a dialogue of civil society and opposition leaders in response to ZANU-PF’s effort&nbsp;to extend President Mnangagwa’s term.</p><p>A few hours later, the police and suspected ZANU-PF supporters reportedly&nbsp;shut down a similar event focusing on “Constitutional Crossroads: Citizens Respond to Zimbabwe’s Constitutional Crisis” in Bulawayo.</p><p>The authorities should appropriately investigate all of these alleged attacks and prosecute those responsible for abuses, including any members of security forces, Human Rights Watch said. More generally, Zimbabwe should reform its security force responsibilities and procedures to ensure that they act professionally and according to law.</p><p>Zimbabwe should respect rights to freedom of expression and assembly as provided by the International Covenant on Civil and Political Rights and the&nbsp;African Charter on Human and Peoples’ Rights, instruments that it has ratified.</p><p>“Members of the civil society and the political opposition should be allowed to freely operate and mobilize against the government’s proposals,” Nassah said. “Constitutional amendments need to be debated fairly and openly, without fear of repression.”</p>",
        "link": "https://www.hrw.org/news/2026/03/10/zimbabwe-violence-and-intimidation-against-opponents-of-presidential-term-extension",
        "severity": 4,
        "scraped_at": "2026-03-12T16:03:59.145077+00:00"
      }
    },
    {
      "type": "Feature",
      "geometry": {
        "type": "Point",
        "coordinates": [
          12.5809377,
          55.6759281
        ]
      },
      "properties": {
        "id_hash": "7e221c45f654a475ff7b51ea1328cee3411a390dd7a07aaea7fb4168f988aba8",
        "title": "Ghana's Parliament Revives Dangerous Anti-LGBT Bill",
        "summary": "<p>Lawmakers in Ghana have reintroduced a draconian bill that jeopardizes the rights of lesbian, gay, bisexual, and transgender (LGBT) people. On February 17, the Ghanaian parliament formally received the Human Sexual Rights and Family Values Bill, also known as the anti-LGBT bill, marking the latest chapter in a prolonged legal and legislative process that started in 2021.</p>  \n\n\n\n      \n\n\n  \n  \n\n\n\n\n  \n          \n                    \n\n\n\n                  \n          Click to expand Image\n          \n\n\n\n  \n        \n  \n\n        \n                      \n      \n        \n              Queer rights activist Angel Maxine opposing the anti-LGBT bill in Accra, Ghana.\n                    © Angel Maxine\n          \n    \n\n\n  \n<p>Ghana’s parliament first passed a version of the bill in February 2024, but it expired without then-President Nana Akufo-Addo’s approval. At the time, Akufo-Addo said he would not allow Ghana to backslide on human rights and the rule of law. However, his successor, President John Dramani Mahama, who returned to office in January 2025, has signaled his support for the proposed law.</p><p>The reintroduced bill significantly expands criminal sanctions related to same-sex conduct and imposes up to three years in prison for anyone who even identifies as LGBT. It also subjects individuals and organizations who advocate for the rights of LGBT people, including parents of LGBT children, teachers, journalists, doctors, and human rights defenders, to prosecution. If enacted, the law would also force LGBT organizations to dissolve and put donors and partner organizations at risk.&nbsp;</p><p>Ghanaians who identify as LGBT suffer widespread discrimination and abuse in public and in family settings. Since 2021, they have faced increasing repression marked by arbitrary arrests and closures of community services, as well as hostile and misleading media coverage.&nbsp;</p><p>Ghana is set to host the fourth African Inter-Parliamentary Conference on Family and Sovereignty in Accra in May 2026, a platform with documented ties to US-based far-right advocacy groups. Previous editions have featured speakers who promoted Uganda's Anti-Homosexuality Act as a model for other African legislatures.</p><p>Opposition to the bill exists. Influential voices like Cardinal Peter Turkson and the prominent politician Samia Nkrumahhave called for dialogue and inclusion. Ghana's Commission on Human Rights and Administrative Justice has likewise warned parliament that the bill would infringe on fundamental rights of Ghanaian citizens.</p><p>Instead of falsely juxtaposing ostensible Ghanaian values with human rights, Ghanaian leaders should uphold the international legal protections that guarantee every Ghanaian the rights to equality, nondiscrimination, freedom of expression, and privacy.</p>",
        "link": "https://www.hrw.org/news/2026/03/10/ghanas-parliament-revives-dangerous-anti-lgbt-bill",
        "severity": 2,
        "scraped_at": "2026-03-12T16:04:00.700110+00:00"
      }
    },
    {
      "type": "Feature",
      "geometry": {
        "type": "Point",
        "coordinates": [
          -2.2900239,
          16.3700359
        ]
      },
      "properties": {
        "id_hash": "59ec5594b964cf717f1ebdebb9d9e449e4901c33c57f3604ee08285cfebb883b",
        "title": "Mali: Armed Islamist Group Executes Truck Drivers",
        "summary": "Click to expand Image\n          \n\n\n\n  \n        \n  \n\n        \n                      \n      \n        \n              Screenshot of a video shared online on January 29 and geolocated by Human Rights Watch showing at least 11 tank trucks burnt or still in flames on the road about seven kilometers south of Ambidédi village.\n                    Source: @Private from X\n          \n    \n\n\n  \n<p>(Nairobi) – An Al-Qaeda-linked armed group summarily executed ten long-haul truck drivers and two teenage apprentices in late January 2026 in southwestern&nbsp;Mali, Human Rights Watch said today. The killings, in an attack on a fuel convoy, are apparent war crimes.</p><p>On January 29, the Group for the Support of Islam and Muslims (Jama’at Nusrat al-Islam wa al-Muslimeen, or JNIM)&nbsp;attacked a military-escorted fuel convoy of at least 40 trucks enroute to the city of Kayes, Kayes region. Witnesses said JNIM fighters fired on the convoy, with soldiers returning fire, and then burned at least 12 trucks and executed the truck drivers and apprentices. The victims’ bodies were recovered two weeks later, blindfolded, with their hands tied behind their backs and their throats slit.</p><p>“JNIM’s summary execution of 12 truck drivers is the latest example of the armed group’s depravity and disregard for basic legal principles,” said&nbsp;Ilaria Allegrozzi, senior Sahel researcher at Human Rights Watch. “All armed groups are bound by international law to protect civilians.”</p><p>Between January 30 and February 28, Human Rights Watch remotely interviewed 12 people, including 3 witnesses to the attack, a relative of one of the victims, and 8 journalists, union officials, and villagers. Human Rights Watch also geolocated a&nbsp;video shared online on January 29 showing at least 11 tank trucks burnt or still in flames on the road about seven kilometers south of Ambidedi village.</p>\n\n\n\n      \n\n\n  \n  \n\n\n\n\n  \n          \n                  \n\n\n                  \n          Click to expand Image\n          \n\n\n\n  \n        \n  \n\n        \n                      \n      \n        \n              Location of the convoy attack. Graphic © 2026 Human Rights Watch\n                \n    \n\n\n  \n<p>In a statement released the day of the attack, JNIM&nbsp;claimed to have targeted Malian troops between Diboli and Kayes but provided no further information. Malian authorities did not issue any public statement on the incident and did not respond to a March 2 letter from Human Rights Watch seeking comments.</p><p>Since September 2025, JNIM has cut off fuel supplies into Mali, blocking and&nbsp;attacking tanker truck convoys from neighboring countries and triggering severe shortages that have halted transport, disrupted electricity, caused prices to spike, and&nbsp;paralyzed daily life in the capital, Bamako, and elsewhere. Bina Diarra, known as Abou Houzeifa Al-Bambari, one of JNIM’s senior leaders in Mali, wrongly&nbsp;stated in a November 2025 video that all fuel transport vehicles were “military targets.”</p><p>Three truck drivers and other witnesses said that the convoy left Dakar, Senegal, on January 27, and crossed the border to Diboli, Mali, on January 28. They said that travelers and bus drivers on National Route 1 warned them that the road was unsafe, with Islamist fighters stopping vehicles to check passengers’ identification. However, the drivers also said that Malian soldiers based in Kayes had traveled to Diboli without incident on January 28 to escort the convoy back on the same road the next day.</p><p>The truck drivers said that since there was no imminent threat, and prolonging their stay in Diboli would increase the risk, the convoy proceeded as planned on January 29. “When we left Diboli, we could feel the fear in our heads and stomachs,” said a 48-year-old truck driver. “We worried this would be our last journey.”</p><p>The truck drivers and residents said that the convoy was meant to supply fuel to Kayes and other localities in the region. While fuel is used for civilian purposes, it also plays a crucial role in sustaining military operations in Mali and can be a legitimate military target. There are several military bases in the Kayes region, including the&nbsp;4th Military Region headquarters.</p><p>Witnesses said the convoy stretched along about 1.5 kilometers on National Route 1 with an escort of seven military vehicles. “There were six military pickup trucks and one [military] Landcruiser with at least four soldiers in each vehicle,” a 50-year-old truck driver said. “Four [military] vehicles [were] at the head of the convoy, and three others were moving between the end and the middle [of the convoy].”</p><p>JNIM fighters attacked the convoy at about 9:30 a.m., about 7 kilometers south of Ambidedi village and 43 kilometers from Kayes. Satellite imagery from January 29 captured at 11:55 a.m. shows massive smoke plumes from the attack location.</p>\n\n\n\n      \n\n\n  \n  \n\n\n\n\n  \n          \n                    \n\n\n\n                  \n          Click to expand Image\n          \n\n\n\n  \n        \n  \n\n        \n                      \n      \n        \n              Satellite imagery from January 29, 2026, captured at 11:55 a.m. local time, shows large plumes of smoke rising from the site of the attack, about seven kilometers south from Ambidédi village, Mali. Image © 2026 Planet Labs PBC. Graphic © 2026  Human Rights Watch\n                \n    \n\n\n  \n<p>Witnesses said the attackers opened fire on the front of the convoy, triggering an exchange of gunfire, as forward-positioned soldiers responded and those at the rear advanced to reinforce them. The attackers then shifted their fire toward the middle and back of the convoy. “I saw jihadists on motorbikes, they wore turbans and shouted ‘Allah Akbar,’” the 48-year-old driver said. “They started shooting, the military responded and it was in the crossfire that I jumped out of my truck and fled.”</p><p>Witnesses said most drivers at the head of the convoy followed the soldiers’ advice not to panic or stop, while some drivers further back abandoned their trucks and fled or turned back. JNIM fighters captured several of those fleeing, later executing 12 while&nbsp;releasing others. JNIM abandoned the 12 bodies by the roadside. “No one dared recovering them out of fear of another attack,” said a 45-year-old truck driver.</p><p>On February 9, Mali’s truck driver union&nbsp;called a nationwide strike, urging authorities to retrieve the bodies and return them to their families or ensure their burial. On February 11, soldiers recovered the bodies. A man said that the victims, including two teenagers, were found blindfolded, with their hands tied behind their backs and their throats slit. The following day, the military buried the bodies in the Kayes cemetery.</p><p>The government has not provided information to family members of drivers who have been missing since the attack. The brother of one said he went to the Kayes regional hospital, where the military had taken several injured truck drivers. “The doctor told me he was not among the six injured admitted,” the man said, and he still did not know whether his brother was dead or alive.</p><p>Human Rights Watch received a list of six missing drivers: two Senegalese nationals, ages 39 and 49; two Malians, 46 and 52; one Burkinabè, 35, and one Ivorian, 47.</p><p>All parties to Mali’s armed conflict are bound by&nbsp;international humanitarian law. Under&nbsp;customary laws of war, attacking forces must distinguish at all times between civilians and combatants. Deliberate attacks on civilians and civilian objects are prohibited. Common Article 3 to the four Geneva Conventions of 1949 prohibits the murder and cruel treatment of anyone in custody, whether a civilian or a captured combatant. Serious violations of the laws of war committed with criminal intent—that is, deliberately or recklessly—are war crimes.</p><p>The legality of the attack on the fuel convoy would depend on whether the attackers took all feasible steps to verify that the fuel was intended for armed forces use. Whether the attack on the trucks was lawful or not, the cruel treatment and execution of the truck drivers was clearly unlawful, Human Rights Watch said.</p><p>“The massacre of truck drivers highlights the need for the Malian authorities to step up efforts to protect civilians and hold those responsible for abuses to account,” Allegrozzi said. “The government should seek assistance from the African Commission on Human and Peoples’ Rights for this effort.”</p>",
        "link": "https://www.hrw.org/news/2026/03/10/mali-armed-islamist-group-executes-truck-drivers",
        "severity": 8,
        "scraped_at": "2026-03-12T16:04:02.065508+00:00"
      }
    },
    {
      "type": "Feature",
      "geometry": {
        "type": "Point",
        "coordinates": [
          31.1656,
          48.3794
        ]
      },
      "properties": {
        "id_hash": "c74ba4bce2ade98080ba2674615d6a229e538ceb36e1a0790927661de70b89d6",
        "title": "Haiti: Drone Strikes Put Residents at Risk",
        "summary": ".paragraph--id--11756 .pb-video {\npadding-bottom: 73.25%;\n}  \n\n\n\n      \n\n\n  \n  \n\n\n\n\n  \n          \n                    \n\n\n\n                  \n          Click to expand Image\n          \n\n\n\n  \n        \n  \n\n        \n                      \n      \n        \n              People look out at a street in the Simon-Pele neighborhood of Port-au-Prince, Haiti, September 22, 2025.\n                    © 2025 Odelyn Joseph/AP Photo\n          \n    \n\n\n  \n<p>(Washington, DC) –&nbsp;Haitian security forces and private contractors working with them have conducted extensive and apparently unlawful lethal drone strikes, Human Rights Watch said today. The strikes, at least some of which appear to be deliberate extrajudicial killings, have been carried out with quadcopter drones armed with explosives in densely populated urban areas, in some cases killing and injuring dozens of people, including children and other residents who are not members of criminal groups.</p><p>According to data from multiple sources reviewed by Human Rights Watch, at least 1,243 people were killed by drone strikes in 141 operations between March 1, 2025, and January 21, 2026, including at least 43 adults who were reportedly not members of criminal groups, and 17 children. The data also shows that the drone strikes injured 738 people, at least 49 of whom were reportedly not members of criminal groups.&nbsp;</p><p>“Dozens of ordinary people, including many children, have been killed and injured in these lethal drone operations,” said&nbsp;Juanita Goebertus, Americas director at Human Rights Watch. “Haitian authorities should urgently rein in the security forces and private contractors working for them before more children die.”</p><p>The United Nations Integrated Office in Haiti&nbsp;has attributed the drone attacks in Haiti to a specialized “Task Force” established by Prime Minister Alix Didier Fils-Aimé that is operated with support from the private military company Vectus Global. The US ambassador to Haiti has&nbsp;confirmed that the US State Department issued a license to Vectus Global to export defense services to Haiti.</p><p>Human Rights Watch interviewed five relatives of people killed or injured in a September 20, 2025, attack, as well as six community leaders, doctors, and others who either visited the site, or spoke to or treated victims afterward. Researchers also interviewed the relative of a woman killed in a different drone strike on January 1, 2026. The National Human Rights Defense Network (RNDDH) and the Eternal City Child Protection Committee (Komite pwoteksyon pou timoun Site Letènèl, or KPTSL), both Haitian civil society groups, facilitated interviews with relatives.&nbsp;</p><p>In the September 20 attack, a drone armed with an explosive device detonated near the “Nan Pak” sports and cultural complex in the Simon Pelé neighborhood of Port-au-Prince, the capital, where children had gathered for a gift distribution by the Simon Pelé criminal group. Human Rights Watch found that 10 people who were not members of criminal groups, including 9 children ages 3 to 12, were killed.&nbsp;</p><p>The number of armed drone attacks in Port-au-Prince has significantly increased in recent months, with 57 reported between November and January 21, nearly double the 29 from August through October. Over forty percent of reported killings took place between December 1 and January 21. The average number of people killed per operation is 8.8, with the most lethal operation killing 57 people.</p>\n\n\n\n      \n  \n      \n\n\n\n\n  \n\n  \n\n\n\n\n      \n  \n      \n\n\n\n\n  \n\n  \n<p>The attacks occurred in nine communes in the West Department: Cabaret, Cité Soleil, Croix-Des-Bouquets, Delmas, Kenscoff, Léogâne, Pétion-Ville, Port-au-Prince, and Tabarre. Human Rights Watch reviewed information from multiple sources concerning the operations.&nbsp;</p>\n\n\n\n      \n\n\n  \n  \n\n\n\n\n  \n          \n                  \n\n\n                  \n          Click to expand Image\n          \n\n\n\n  \n        \n  \n\n        \n                      \n      \n        \n              Geographic distribution of reported armed drone operations by commune in Haiti’s West Department between March 1, 2025, and January 21, 2026. Source: Human Rights Watch analysis of attacks reported by organizations operating in Haiti. Analysis and graphic © 2026 Human Rights Watch.\n                \n    \n\n\n  \n<p>Researchers also analyzed seven videos uploaded to social media or shared directly with Human Rights Watch that demonstrate the use of armed quadcopter drones and geolocated four of them to Port-au-Prince. The videos show the repeated use of drones equipped with explosives to attack vehicles and people, some of them armed, but none who appear to be engaged in violent acts or pose any imminent threat to life. These videos bolster the impression that many of the drone attacks are attempts to target and extrajudicially kill people, rather than a law enforcement response that might justify the deliberate, lethal use of force.</p><p>Quadcopter drones can maneuver between buildings while tracking individuals and moving vehicles. They transmit detailed live video feeds to their operators, who control both the drones’ flight and use of weapons.&nbsp;</p><p>Some people living in Port-au-Prince told Human Rights Watch that drones are a constant source of terror, leaving some afraid to leave their homes. “I live with this fear, this anxiety, all the time,” said a shopkeeper living in Martissant. “I pray that the drones will no longer be in our area.”&nbsp;</p><p>Neither Prime Minister Fils-Aimé, the Haitian National Police nor the private military company Vectus Global responded to Human Rights Watch requests for comment.</p><p>Researchers have received information about two failed tests of armed drones by criminal group members in May 2025. The Central Directorate of the Judicial Police is&nbsp;investigating people allegedly involved in trafficking drones through the Dominican Republic for criminal groups. The UN Integrated Office in Haiti&nbsp;reported that criminal group leaders have tried to use and acquire drones. However, researchers did not find evidence of widespread drone use by criminal groups.</p><p>The International Covenant on Civil and Political Rights, which Haiti has ratified, protects the right to life. Under international human rights law standards, states are required to ensure that law enforcement officers, including those employed by private security contractors working on behalf of the government, seek to minimize injury and preserve human life.&nbsp;</p><p>The deliberate, lethal use of firearms and other weaponry is permissible only when strictly unavoidable in order to protect the life of any person. Any use of force, including nonlethal force, should be both necessary and proportionate.</p><p>Haitian officials have offered no indication that drone strikes were in response to any threat to life that might allow for the deliberate lethal use of force through such attacks. Instead, many of these attacks appear to be attempts to target and kill people in circumstances that amount to unlawful, extrajudicial killings.&nbsp;</p><p>Haitian authorities and any private military actors partnering with them should put in place strong safeguards to ensure that any deliberate lethal use of drones armed with explosives or other weaponry occurs only in the very narrow circumstances where human rights law allows it.</p><p>The authorities should also transparently investigate all allegations of unlawful killings, prosecute those responsible, and provide reparations to affected families. They should publicly clarify the command structure relevant to drone attacks, and the role private military contractors play in these operations.</p><p>The Gang Suppression Force, a UN Security Council–authorized international force created to help combat criminal groups in Haiti, should refrain from providing any operational support to the Haitian security forces until adequate safeguards are put in place to prevent unlawful killings, and should require transparency and accountability from Haitian authorities as a condition of any such cooperation.&nbsp;</p><p>Human Rights Watch has previously documented the use of armed quadcopter drones in attacks on civilians in populated areas in the context of armed conflicts in Ukraine and&nbsp;Sudan. Human Rights Watch is not aware of any other situation where quadcopter drones armed with explosives have been used repeatedly in the context of law enforcement operations.&nbsp;</p><p>“Restoring security in Haiti is essential,” Goebertus said. “But unlawful attacks with armed drones are adding a new layer of abuses to the violence that has devastated communities for years.”</p><p>September 20 Attack and Aftermath</p><p>The densely populated neighborhood of Simon Pelé, where the September 20, 2025, attack took place, is controlled by the Simon Pelé criminal group. The group imposes its own rules and enforcement mechanisms and&nbsp;commits serious abuses against the population, including killings and sexual violence. Residents said that their phones are regularly searched, both in their homes and when they try to leave the neighborhood, and that they fear being killed if the group suspects residents of cooperating with the police.&nbsp;</p><p>Many families in extreme poverty rely on support distributed by the criminal group, residents and community leaders said. “You’re talking about an area where there are no services: no school, no health care, no sanitation,” said Rosy August Ducena, program director for RNDDH. “Most people there live below the poverty line.”&nbsp;</p><p>The day of the attack, the leader of the Simon Pelé criminal group, Albert Steevenson, alias Djouma, was preparing to distribute gifts for children at a recreation complex as part of his birthday celebration. Community leaders said such celebrations are a common practice by criminal groups. Videos verified by researchers confirm that the recreation complex, a large semi-enclosed area with colorful murals, had previously been used as a venue for concerts and has continued to be used as a gift distribution site and outdoor recreation complex for children since the attack.</p>\n\n\n\n      \n\n\n  \n  \n\n\n\n\n  \n          \n                  \n\n\n                  \n          Click to expand Image\n          \n\n\n\n  \n        \n  \n\n        \n                      \n      \n        \n              Location of an armed drone attack that took place in the Simon Pelé neighborhood of Port-au-Prince on September 20, 2025. Source: Administrative boundaries: Centre National de l’Information Géo-Spatiale (CNIGS). While Simon Pelé is officially classified as a neighborhood within the Delmas commune, local sources primarily regard it as part of Cité Soleil. OCHA Field Information Service Section (FISS). Analysis and graphic © 2026 Human Rights Watch.\n                \n    \n\n\n  \n\n\n\n\n      \n\n\n  \n  \n\n\n\n\n  \n          \n                    \n\n\n\n                  \n          Click to expand Image\n          \n\n\n\n  \n        \n  \n\n        \n                      \n      \n        \n              Human Rights Watch geolocation of an armed drone attack that took place in the Simon Pelé neighborhood of Port-au-Prince on September 20, 2025. Image: September 28, 2025 © 2026 Planet Labs PBC. Analysis and graphic © 2026 Human Rights Watch.\n                \n    \n\n\n  \n<p>People interviewed said many of the children affected were playing near the complex, waiting for the gift distribution or accompanying caretakers who were running errands there. Family members and witnesses described a scene of chaos and panic when the explosion occurred, with dozens of injured people waiting for help.</p><p>According to Doctors Without Borders, at least 17 people injured in the attack&nbsp;were treated at hospitals that day, 9 of whom, including 3 children, died. A doctor who treated victims said that the most common injuries she observed were partial and complete traumatic amputations, with most patients she treated losing at least one limb and having open and complex fractures.</p><p>The doctor said fragmentation injuries from the blast were also common. The most severe injuries appeared to have been caused by blunt force trauma, with the blast most likely having propelled people against objects or buildings or caused objects to strike them.</p><p>Family members said that the attack occurred just outside the recreation complex sometime between 7 and 8:30 p.m. Affected residents said that they were near the complex, some of them running errands while their children played in the area near the gift distribution site, when the explosion occurred.&nbsp;</p><p>A resident who lost both her 3-year-old daughter and her husband, an artisan working outside at the site of the explosion, said:&nbsp;</p><p>I heard the sound of the explosion.… My husband and daughter were together at the place where my husband makes his crafts.… There was panic, and I wanted to go and see what had happened.… I didn’t see [their bodies] at the scene. I saw blood in the areas where they had been.… I was taken to Terre Noire Hospital to see them. When I saw them, my daughter’s foot was crushed, and she had other holes in her body. [My partner] also had a crushed foot and many holes in his neck.</p><p>Another woman, whose 6-year-old daughter was killed, said she had been doing laundry in her home near the “Nan Pak” complex and briefly stepped out to buy food while her daughter played nearby: “When I arrived near the vendor, I heard an explosion. It was chaos, people were mutilated, there were noises everywhere.… It was full of children. Many people were dead.”&nbsp;</p><p>She buried her daughter immediately, by herself, explaining that she was too shocked to wait for help. “Her face and her rib cage, and even around her heart, all that area had been affected,” she said.</p><p>A resident who arrived shortly after the explosion saw a woman sitting at the site with her baby. “The explosion had taken off the baby’s two feet,” he said. “Two women and a man had also lost their feet. I didn’t get there right away, so there must have been more injured.”</p><p>Another woman said her 21-year-old daughter had been injured while buying food near the complex. A metal fragment propelled by the blast went through her daughter’s body, hitting near the hip and exiting through her back, she said. Her daughter survived but spent 22 days hospitalized.&nbsp;</p><p>A community member from another neighborhood in Cité Soleil said she agreed to help care for 3-year-old twins when their father told her their mother had been killed in the strike.&nbsp;</p>  \n\n\n\n      \n\n\n  \n  \n\n\n\n\n  \n          \n                    \n\n\n\n                  \n          Click to expand Image\n          \n\n\n\n  \n        \n  \n\n        \n                      \n      \n        \n              Drone impact site where at least 8 children were killed and 6 others injured, Port-au-Prince, Haiti, September 22, 2025.\n                    © 2025 Pierre Luxama/AP Photo \n          \n    \n\n\n  \n<p>Human Rights Watch analysis of footage of the aftermath of the attack indicates that the damage is consistent with the detonation of a device containing high-explosives and pre-formed fragments. The damage is also consistent with the high-explosive payload of the size and weight that quadcopter drones known to be operated in Haiti are capable of delivering.&nbsp;</p><p>Several residents said that the explosion occurred in an area filled with families. The woman who lost her 6-year-old daughter said, “In the spaces where the gangs are, there are innocent people, people who raise their children, who follow normal paths.”</p><p>Some residents said that criminal group members prevented families from retrieving bodies or burying their family members, which they believed was to maintain control over the neighborhood and information about drone attacks.</p><p>A man, whose 43-year-old son sold juice in the area and was killed, said that some criminal group members transported injured people to a nearby hospital in their cars. He said that his son was not part of the criminal group.</p><p>The father of a man who was killed and several others said the criminal group organized and controlled access to a funeral inside the “Nan Pak” complex. “We could only watch from the outside, observe like any passerby, as if we were nobody,” the father said. Some residents said that only people who accepted money or support from the criminal group had been allowed to attend the funeral.&nbsp;</p><p>The woman who lost her daughter and her partner said she did not have the money for a burial and had to leave their bodies at the morgue.&nbsp;</p><p>Residents interviewed in November 2025 said that drones continued to fly over the community daily. One resident that she saw drones “all day, every day,” and that people kept their children close when they saw them for fear of what happened on September 20.&nbsp;</p><p>January 1 and Other Attacks&nbsp;</p><p>Human Rights Watch interviewed a witness to a different drone strike that took place on January 1, 2026, in downtown Port-au-Prince that killed at least one person who was not a criminal group member. Human Rights Watch confirmed the date and location of the drone strike with a source with reliable knowledge of drone operations.&nbsp;</p><p>A shopkeeper said that between 12:30 and 1 p.m., she was traveling with her cousin to downtown Port-au-Prince in separate vehicles when she saw a drone fall and explode onto the truck carrying her cousin.</p><p>The woman fled the explosion but returned to the scene a few minutes later, where she found her cousin dead. She said that she had been unable to recover the body because she would have had to pay criminal groups for the remains.&nbsp;</p><p>She stated that she had not seen or heard any sign of a threat before the explosion. “I was on the phone with my cousin when the explosion happened, so I knew that her [truck] had been hit, but I don’t know why they hit that [truck],” she said.</p><p>Human Rights Watch also reviewed and analyzed videos and images showing the use of explosive quadcopter drones in other apparent attacks on people, vehicles, and buildings in Port-au-Prince.</p>  \n\n\n\n        \n                    \n   \n                  \n                                          \n                  \n      \n    \n    \n      \n    \n          \n\n  \n    <p>Video compilation uploaded to the social media platform X on June 16, 2025, showing four quadcopter drones striking a building in Martissant.</p>\n  \n    \n\n  \n<p>The videos analyzed by Human Rights Watch show quadcopter drones flying into their target, detonating upon or moments before impact. The videos that Human Rights Watch geolocated show quadcopter drone attacks on people in the street, as well as hitting buildings and vehicles in the Martissant and Village de Dieu areas of Port-au-Prince. One video uploaded to social media on June 17 shows the live feed of four quadcopter drones striking people and two buildings in Martissant.</p>  \n\n\n\n        \n                    \n   \n                  \n                                          \n                  \n      \n    \n    \n      \n    \n          \n\n  \n    <p>Video uploaded to the social media platform X on May 31, 2025, showing an armed drone attack on a courtyard in Village de Dieu.</p>\n  \n    \n\n  \n<p>In another video, a drone films a quadcopter drone flying toward a courtyard in Village de Dieu and exploding just above the ground. Nine people, two of whom appear to be armed, rush to take cover shortly before the drone explodes. The video does not show the people attacked engaging in any acts of violence or appearing to pose an imminent threat to life prior to the attack. It is unclear from the video whether anyone was injured or killed. The video cuts to a road, also in Village de Dieu, where a drone is tracking a vehicle with its camera. A second drone strikes the car.&nbsp;</p>  \n\n\n\n      \n\n\n  \n  \n\n\n\n\n  \n          \n                    \n\n\n\n                  \n          Click to expand Image\n          \n\n\n\n  \n        \n  \n\n        \n                      \n      \n        \n              Screenshot from a video uploaded to the social media platform X on November 28, 2025, showing a quadcopter drone on the ground and an apparent unexploded 3D-printed munition.\n                \n    \n\n\n  \n<p>Researchers also reviewed photos and videos uploaded to social media of quadcopter drones found on the ground, reportedly in Haiti’s capital, together with what appear to be unexploded munitions. The munitions appear similar to 3D-printed drone munition designs that can be found online. Researchers were unable to confirm the location of the drones and munitions due to lack of geographical information in the footage.&nbsp;</p><p>Unexploded ordnance left behind by armed drones that fail to function presents severe risks and can result in the direct loss of life or severe injuries that can cause a permanent disability or life-long scarring and&nbsp;psychological trauma.&nbsp;</p><p>Security Forces and the Role of Private Contractors</p><p>On March 1, 2025, Prime Minister Fils-Aimé&nbsp;announced that he and the Transitional Presidential Council had created a security “Task Force” to stop the advance of criminal groups. The UN Integrated Office in Haiti&nbsp;said the Prime Minister’s Office, the Prime Minister’s Security Unit, and the General Security Unit of the National Palace coordinate the Task Force, which is responsible for drone operations.&nbsp;</p><p>The prime minister&nbsp;said the Task Force was initially operated under the leadership of the police inspector general, Vladimir Paraison. Paraison&nbsp;became interim head of the Haitian National Police on August 8, 2025. Starting on January 4, 2026, the police and&nbsp;Paraison posted about several joint operations between the police and the Task Force on social media.</p><p>The UN Integrated Office in Haiti and other informed sources said the Task Force operates&nbsp;with the support of Vectus Global, a private military company led by Erik Prince. Prince’s former private military company, Blackwater, was implicated in serious crimes in Iraq in September 2007, when its employees&nbsp;opened fire on Iraqi civilians, killing 17.&nbsp;</p><p>Prince&nbsp;has said that Vectus Global signed a one-year contract with the Haitian transitional government and hired Salvadoran operators to support the Haitian police in using armed drones.&nbsp;</p><p>Human Rights Watch sent letters to Haiti’s prime minister, the Haitian National Police, and Vectus Global sharing its findings on the documented drone attacks and requesting a response. At time of writing, none had replied.</p>  \n\n\n\n      \n\n\n  \n  \n\n\n\n\n  \n          \n                    \n\n\n\n                  \n          Click to expand Image\n          \n\n\n\n  \n        \n  \n\n        \n                      \n      \n        \n              Emblem seen on videos uploaded to the “Haitian Security Task Force” X social media channel.\n                \n    \n\n\n  \n<p>Human Rights Watch also analyzed two videos uploaded to an X page called “Haitian Security Task Force” in May 2025 showing six drone strikes, two of which researchers geolocated to Port-au-Prince. The videos are overlayed with an emblem that reads “Task Force Haïti Sécurité.” A source who archived the footage and shared it with Human Rights Watch researchers said the page first issued a post on May 8 and was taken down on May 26.&nbsp;</p><p>Prime Minister Fils-Aimé&nbsp;told the Wall Street Journal in August 2025 that the drone operations have “stopped the bleeding” and driven criminal group members into hiding. He also said that “keeping innocent citizens safe is a government priority” and that “one civilian [passing] away is one too many.” However, at time of writing, the families of victims interviewed said they had not had any contact with government officials in relation to the killings, nor access to justice or reparations.</p><p>Applicable International Human Rights Law&nbsp;</p><p>At least some of the drone strikes analyzed by Human Rights Watch appear to be attempts to carry out extrajudicial killings. Haitian officials have made no statements that would tend to push back against this analysis and have not replied to the request for comment on this and other points. Extrajudicial killings are unlawful violations of the rights to life and due process under international law, and officials responsible for such killings should be held accountable.</p><p>Under international human rights law, the deliberate, lethal use of force in law enforcement contexts can be permissible only when&nbsp;unavoidable in order to protect life. Some UN experts&nbsp;have warned that the use of drones may depersonalize policing, making it more difficult to ensure that force is applied minimally and appropriately, particularly in complex and crowded urban environments.&nbsp;</p><p>A UN&nbsp;resource book on the use of force and firearms in law enforcement notes that “military weapons”—which would include quadcopter drones armed with explosives designed to attack targets and produce area effects—“may be inappropriate for law enforcement, and given their nature, they may make it more difficult to comply with the obligation to apply the minimum force necessary to achieve the legitimate law enforcement objective.”&nbsp;</p><p>The guidance further states that military instruments “of the offensive type” should generally “not be used in law enforcement,” and that, “if they are needed for a particular situation, they must be used only by a special unit trained in their use, under special supervision and after strict authorization at the highest levels.”</p><p>Haitian authorities should refrain from using armed drones equipped with explosives, due to the difficulty of using these weapons in a manner that is consistent with the obligation to apply the minimum force necessary to achieve a legitimate law enforcement objective. The use of explosives designed to produce lethal effects over an area, including with preformed or natural fragmentation, should at minimum be severely restricted in law enforcement operations.&nbsp;</p><p>Any further or proposed use of these types of armed drones and the individual types of explosive munitions they carry should be formally and thoroughly evaluated to ascertain whether and in what circumstances these weapons could be used in a manner consistent with international human rights standards.&nbsp;</p><p>Any evaluations should include a technical evaluation, taking into consideration drones’ limitations, reliability, and accuracy; an assessment of their effects, including the risks of the use of explosives in cities and towns; and an evaluation of the overall potential human rights impact of their use.&nbsp;</p><p>Authorities should also ensure transparency around and accountability for any unlawful death resulting from a security operation, and conduct prompt, thorough, and independent investigations to disclose, to the greatest extent possible, the number and identity of victims, and provide adequate reparation where violations have occurred.&nbsp;</p>",
        "link": "https://www.hrw.org/news/2026/03/10/haiti-drone-strikes-put-residents-at-risk",
        "severity": 10,
        "scraped_at": "2026-03-12T16:04:02.066910+00:00"
      }
    },
    {
      "type": "Feature",
      "geometry": {
        "type": "Point",
        "coordinates": [
          134.755,
          -24.7761086
        ]
      },
      "properties": {
        "id_hash": "a6a188d330f5df5245386918e2598b87bc2fc15470185f6583611046dfbcaa97",
        "title": "Australia: Gender Equality Essential for National Security",
        "summary": "Click to expand Image\n          \n\n\n\n  \n        \n  \n\n        \n                      \n      \n        \n              Australia Minister for Foreign Affairs Penny Wong addresses the 78th session of the United Nations General Assembly at United Nations headquarters, September 22, 2023.&nbsp;\n                    © 2023 Craig Ruttle/AP Photo\n          \n    \n\n\n  \n<p>(Sydney) – The&nbsp;Australian government should strengthen gender-focused approaches across all crisis responses, Human Rights Watch said today following International Women’s Day. The authorities should acknowledge that gender equality is essential to global peace, security, and justice by supporting women-led organizations and ensuring that women are meaningfully included in decision making.</p><p>Human Rights Watch in February 2026 made a&nbsp;submission&nbsp;to the Joint Standing Committee on Foreign Affairs, Defense and Trade inquiry addressing gender equality as a national security and economic security imperative. Human Rights Watch highlighted the gender-related impact of conflict, crisis, and climate change; the dangerous erosion of the basic principles of the United Nations Security Council Resolution 1325 on Women, Peace and Security; and the need to push for a gender-sensitive UN crimes against humanity treaty.</p><p>“International Women’s Day is a key opportunity for the Australian government to be thinking about gender equality, both domestically and abroad,” said&nbsp;Daniela Gavshon, Australia director at Human Rights Watch. “Human Rights Watch’s submission to the Joint Standing Committee emphasizes that undermining gender equality violates international human rights law, fuels instability, and weakens countries’ resilience to crises.”</p><p>Amid rising militarism, attacks on women human rights defenders, and efforts to roll back gender rights across the globe, Australia’s leadership in advancing and defending the Women, Peace and Security agenda is paramount, Human Rights Watch said.</p><p>The Australian government should support the development of an international treaty on crimes against humanity, which provides a crucial opportunity to strengthen international criminal law protections for women and girls, and support such as creating the crime of gender apartheid. Australia should expand asylum pathways for women and girls fleeing persecution and adopt a feminist foreign policy that places the rights of women and girls at the center of all foreign policy, defense, and national security decisions, Human Rights Watch said.</p><p>“Australia has the tools to effectively promote women’s rights around the world, including a foreign minister committed to gender equality and having an ambassador for gender equality,” Gavshon said. “The Australian government can become a global leader on women’s and girls’ rights by making them a more prominent part of its foreign policy.”</p>",
        "link": "https://www.hrw.org/news/2026/03/09/australia-gender-equality-essential-for-national-security",
        "severity": 2,
        "scraped_at": "2026-03-12T16:04:03.231780+00:00"
      }
    },
    {
      "type": "Feature",
      "geometry": {
        "type": "Point",
        "coordinates": [
          5.2847717,
          46.0652385
        ]
      },
      "properties": {
        "id_hash": "a7b5a706c23f1e1cf1d7bb223335a99bee07d92b5e9c117a32bf2b4b657c1066",
        "title": "En video | Universitaria luchó contra ladrones para evitar ser robada en un edificio de Bucaramanga, entre forcejeo logró recuperar sus pertenecías",
        "summary": "La Policía llegó después y logró la captura de dos personas. Un hombre de 22 años y una mujer de 19 años.",
        "link": "https://www.eltiempo.com/colombia/santander/en-video-universitaria-lucho-contra-ladrones-para-evitar-ser-robada-en-un-edificio-de-bucaramanga-entre-forcejeo-logro-recuperar-sus-pertenecias-3539638",
        "severity": 0,
        "scraped_at": "2026-03-12T16:04:06.737247+00:00"
      }
    },
    {
      "type": "Feature",
      "geometry": {
        "type": "Point",
        "coordinates": [
          -74.2973,
          4.5709
        ]
      },
      "properties": {
        "id_hash": "2012b1c34c88f07d70f2cc62e378e17685d8e11275046b91ef24eae4a0bd8b14",
        "title": "Avanzan acuerdos para la política pública de atención, asistencia y reparación integral a las víctimas del conflicto en Colombia: encuentro en Cali",
        "summary": "Se reúnen delegados de la Unidad para las Víctimas, el Ministerio del Interior y del sistema nacional Snariv.",
        "link": "https://www.eltiempo.com/colombia/cali/avanzan-acuerdos-para-la-politica-publica-de-atencion-asistencia-y-reparacion-integral-a-las-victimas-del-conflicto-en-colombia-encuentro-en-cali-3539599",
        "severity": 0,
        "scraped_at": "2026-03-12T16:04:06.737427+00:00"
      }
    },
    {
      "type": "Feature",
      "geometry": {
        "type": "Point",
        "coordinates": [
          -74.2973,
          4.5709
        ]
      },
      "properties": {
        "id_hash": "1ea984f048837162825355f8e644680b8aad70881660ad64178b729df600d035",
        "title": "Los escándalos, deudas y abusos por los que turista extranjera fue expulsada de Cartagena por Migración Colombia: se volvió el 'terror' de los hoteles",
        "summary": "Se documentaron comportamientos reiterados que afectaron a varios hoteles y derivaron en una medida administrativa que ordenó su salida del país.",
        "link": "https://www.eltiempo.com/colombia/otras-ciudades/los-escandalos-y-abusos-por-los-cuales-una-turista-extranjera-fue-expulsada-de-cartagena-por-migracion-colombia-3539603",
        "severity": 0,
        "scraped_at": "2026-03-12T16:04:06.737541+00:00"
      }
    },
    {
      "type": "Feature",
      "geometry": {
        "type": "Point",
        "coordinates": [
          -74.2973,
          4.5709
        ]
      },
      "properties": {
        "id_hash": "58045e36a8d61c3fb6d476104051dde152481631ee3a47d2e1dd6bc32d899baa",
        "title": "La caída en Tunja de alias ‘Bola Ocho’, cabecilla financiero del 'clan del Golfo': se escondía como prestamista ‘gota a gota’ antes de ser capturado",
        "summary": "El hombre es investigado por coordinar cobros extorsivos en varias regiones de Colombia y por su presunta participación en al menos diez homicidios.",
        "link": "https://www.eltiempo.com/colombia/otras-ciudades/la-caida-en-tunja-de-alias-bola-ocho-cabecilla-financiero-del-clan-del-golfo-se-escondia-como-prestamista-gota-a-gota-antes-de-ser-capturado-3539605",
        "severity": 0,
        "scraped_at": "2026-03-12T16:04:06.737604+00:00"
      }
    },
    {
      "type": "Feature",
      "geometry": {
        "type": "Point",
        "coordinates": [
          -98.5795,
          39.8283
        ]
      },
      "properties": {
        "id_hash": "0671f95fa1aefb93dc47f2f5e44f393291b2aeca0d68018434d3fc43969357a7",
        "title": "La cigüeña jabirú que fascinó a Barranquilla aparece muerta en Rebolo tras dos semanas de avistamientos en barrios de la ciudad; investigan qué pasó",
        "summary": "El ave, una de las más grandes de América. Autoridades presumen causas humanas tras su inusual recorrido por varios barrios de la ciudad.",
        "link": "https://www.eltiempo.com/colombia/barranquilla/muere-la-cigueena-jabiru-que-durante-dos-semanas-sorprendio-a-barranquilla-fue-hallada-sin-vida-en-el-barrio-rebolo-3539582",
        "severity": 0,
        "scraped_at": "2026-03-12T16:04:06.737658+00:00"
      }
    }
  ]
}