{
  "type": "FeatureCollection",
  "features": [
    {
      "type": "Feature",
      "geometry": {
        "type": "Point",
        "coordinates": [
          53.688,
          32.4279
        ]
      },
      "properties": {
        "id_hash": "f8c00c4306a19322df868e0b7f84e198b6ad04793bff7759bd805d1bf9b22811",
        "title": "Iran sends response to US proposals to end war",
        "summary": "No details have been released of Iran's response - or the US proposals - designed to bring the war to an end.",
        "link": "https://www.bbc.com/news/articles/clypgz9e5pmo?at_medium=RSS&at_campaign=rss",
        "severity": 2,
        "scraped_at": "2026-05-10T17:20:37.577981+00:00"
      }
    },
    {
      "type": "Feature",
      "geometry": {
        "type": "Point",
        "coordinates": [
          105.3188,
          61.524
        ]
      },
      "properties": {
        "id_hash": "eca4f3084e47f41a05af77a0eab0979faae789e24f5db28f028fd6bac471b714",
        "title": "Putin says he thinks Ukraine conflict 'coming to an end'",
        "summary": "The Russian leader sees potential for Ukraine negotiations, but condemns the West's backing for President Zelensky.",
        "link": "https://www.bbc.com/news/articles/cn8p4j2jzwwo?at_medium=RSS&at_campaign=rss",
        "severity": 0,
        "scraped_at": "2026-05-10T17:20:37.578065+00:00"
      }
    },
    {
      "type": "Feature",
      "geometry": {
        "type": "Point",
        "coordinates": [
          34.8516,
          31.0461
        ]
      },
      "properties": {
        "id_hash": "8babe79e8e6993b1c88bda29f7fc43eed05bcb58c3b2c38316486a2a2db1c6dc",
        "title": "Lebanon says Israeli strikes killed 39",
        "summary": "Israel and Hezbollah have continued to trade fire despite a ceasefire deal being announced last month.",
        "link": "https://www.bbc.com/news/articles/cn4pjegk358o?at_medium=RSS&at_campaign=rss",
        "severity": 4,
        "scraped_at": "2026-05-10T17:20:37.578102+00:00"
      }
    },
    {
      "type": "Feature",
      "geometry": {
        "type": "Point",
        "coordinates": [
          139.6000109,
          35.7033987
        ]
      },
      "properties": {
        "id_hash": "f74eb4c245e0e6bb5fdfa6b39ff40072da2956fbd7b9787afb0e6e818a269ba6",
        "title": "Dress made from 500 loaves stuns African film awards",
        "summary": "Celebrities, filmmakers and creators put up a performance at Africa's biggest night of film and fashion.",
        "link": "https://www.bbc.com/news/articles/c4g0d3d5zn4o?at_medium=RSS&at_campaign=rss",
        "severity": 2,
        "scraped_at": "2026-05-10T17:20:39.107976+00:00"
      }
    },
    {
      "type": "Feature",
      "geometry": {
        "type": "Point",
        "coordinates": [
          -66.8684073,
          18.1253865
        ]
      },
      "properties": {
        "id_hash": "b265b48899728c86cbe45698296952322e4caf7e9fee154f0b7f67840bb820ff",
        "title": "Suspected boat explosion injures 11 in Miami",
        "summary": "Officials are investigating what caused the incident at a popular marina in southern Florida.",
        "link": "https://www.bbc.com/news/articles/c7076k4e31do?at_medium=RSS&at_campaign=rss",
        "severity": 2,
        "scraped_at": "2026-05-10T17:20:40.209771+00:00"
      }
    },
    {
      "type": "Feature",
      "geometry": {
        "type": "Point",
        "coordinates": [
          21.9877132,
          38.9953683
        ]
      },
      "properties": {
        "id_hash": "4c6dd24093ba826ba876af3653299cf11da57c5fce883c06e0228fc1a6989a55",
        "title": "Greece conducts controlled blast of mystery naval drone explosives",
        "summary": "The unmanned vessel, suspected to be of Ukrainian origin, was found by fishermen in a cave on Thursday.",
        "link": "https://www.bbc.com/news/articles/c9364r4r902o?at_medium=RSS&at_campaign=rss",
        "severity": 0,
        "scraped_at": "2026-05-10T17:20:41.288201+00:00"
      }
    },
    {
      "type": "Feature",
      "geometry": {
        "type": "Point",
        "coordinates": [
          53.688,
          32.4279
        ]
      },
      "properties": {
        "id_hash": "8f6f3aa473237d548270bbd8d791304510e36e8e5c3051f3e12ca5e49b41a14f",
        "title": "Iran accuses US of 'reckless military adventure'",
        "summary": "Abbas Araghchi says the US attacks each time there is a diplomatic solution on the table.",
        "link": "https://www.bbc.com/news/articles/c99lpn9ze8ro?at_medium=RSS&at_campaign=rss",
        "severity": 2,
        "scraped_at": "2026-05-10T17:20:41.288348+00:00"
      }
    },
    {
      "type": "Feature",
      "geometry": {
        "type": "Point",
        "coordinates": [
          -98.5795,
          39.8283
        ]
      },
      "properties": {
        "id_hash": "50ea5f277544d7d103f80df4fb5007555905f38d5c2885e0d77610b1b2d633fd",
        "title": "International cyber attack disrupts swathe of universities and schools",
        "summary": "A hacking group breached the academic software Canvas, used by thousands of schools and universities across the globe.",
        "link": "https://www.bbc.com/news/articles/ce3pq0136eqo?at_medium=RSS&at_campaign=rss",
        "severity": 4,
        "scraped_at": "2026-05-10T17:20:41.288384+00:00"
      }
    },
    {
      "type": "Feature",
      "geometry": {
        "type": "Point",
        "coordinates": [
          118.7736192,
          32.5149845
        ]
      },
      "properties": {
        "id_hash": "e8de870afc75bcfdc7008f011d6d5bfd9ceace2d3032d836ae05ddb76a650195",
        "title": "UK warship HMS Dragon heads to Middle East for potential Strait of Hormuz mission",
        "summary": "The Ministry of Defence says the ship will prepare to join an international mission to safeguard shipping, but only when fighting in the region ends.",
        "link": "https://www.bbc.com/news/articles/c4g42j15p7qo?at_medium=RSS&at_campaign=rss",
        "severity": 2,
        "scraped_at": "2026-05-10T17:20:42.495207+00:00"
      }
    },
    {
      "type": "Feature",
      "geometry": {
        "type": "Point",
        "coordinates": [
          105.3188,
          61.524
        ]
      },
      "properties": {
        "id_hash": "fdcb7047fb66ccd225c28c27e48c7068e09f84d167629d03d3b857172f3425ab",
        "title": "Steve Rosenberg: This year's Victory Day parade in Moscow felt very different",
        "summary": "The BBC's Russia editor reports from a Red Square with none of the military hardware which the Kremlin normally showcases to project power internationally.",
        "link": "https://www.bbc.com/news/articles/cj9pem481rwo?at_medium=RSS&at_campaign=rss",
        "severity": 2,
        "scraped_at": "2026-05-10T17:20:42.495338+00:00"
      }
    },
    {
      "type": "Feature",
      "geometry": {
        "type": "Point",
        "coordinates": [
          -112.7302434,
          32.2580245
        ]
      },
      "properties": {
        "id_hash": "f362144ec20b7165940aaccd7ee3a30b720d5e37276bddfaa48c10ea1c3824e1",
        "title": "Why Canada is seeing its biggest military recruitment surge in 30 years",
        "summary": "The country has seen its biggest military recruitment surge in 30 years, a major turnaround after years of falling behind on defence capabilities.",
        "link": "https://www.bbc.com/news/articles/crrpd1pvgkzo?at_medium=RSS&at_campaign=rss",
        "severity": 0,
        "scraped_at": "2026-05-10T17:20:43.954732+00:00"
      }
    },
    {
      "type": "Feature",
      "geometry": {
        "type": "Point",
        "coordinates": [
          105.3188,
          61.524
        ]
      },
      "properties": {
        "id_hash": "86356693b1037cdc849c104815e025cd477b9005d831fdc5d7cb0ac181ec0169",
        "title": "Rosenberg: Scaled-back Victory Parade in Moscow's Red Square",
        "summary": "The BBC's Russia editor reports from Moscow, where the annual Victory Day display was quieter than usual.",
        "link": "https://www.bbc.com/news/videos/ckgp541p5ndo?at_medium=RSS&at_campaign=rss",
        "severity": 0,
        "scraped_at": "2026-05-10T17:20:43.955013+00:00"
      }
    },
    {
      "type": "Feature",
      "geometry": {
        "type": "Point",
        "coordinates": [
          -98.5795,
          39.8283
        ]
      },
      "properties": {
        "id_hash": "28783f0e010cf07c8e60137e7613e3ecbbdaab1e5c8d4135238e68128eebda4c",
        "title": "Return of Palestine Marathon attracts thousands of runners",
        "summary": "Thousands of people have taken part in the Palestine Marathon, which returns to Bethlehem after a two-year pause over the Gaza War.",
        "link": "https://www.bbc.com/news/videos/cm2p4n000pko?at_medium=RSS&at_campaign=rss",
        "severity": 2,
        "scraped_at": "2026-05-10T17:20:43.955049+00:00"
      }
    },
    {
      "type": "Feature",
      "geometry": {
        "type": "Point",
        "coordinates": [
          53.688,
          32.4279
        ]
      },
      "properties": {
        "id_hash": "20f54c36d76e96d25e2892b263d263dd59ec450d8a45be561a42fe7db6660753",
        "title": "Marco Rubio meets Pope Leo amid tensions with Trump over Iran war",
        "summary": "Leo, the first American pontiff, drew Trump's ire after becoming a firm critic of the war and the administration's hardline immigration policies.",
        "link": "https://www.bbc.com/news/videos/cq8py99p2jzo?at_medium=RSS&at_campaign=rss",
        "severity": 2,
        "scraped_at": "2026-05-10T17:20:43.955099+00:00"
      }
    },
    {
      "type": "Feature",
      "geometry": {
        "type": "Point",
        "coordinates": [
          53.688,
          32.4279
        ]
      },
      "properties": {
        "id_hash": "64b18dbd6c56cc4b6d735e44911570e3326de85c7dac14cc19295dc16c0159dd",
        "title": "Food inflation hammers households in war-hit Iran",
        "summary": "Iranians faced with skyrocketing food prices as inflation soars, currency plunges amid US-enforced naval blockade.",
        "link": "https://www.aljazeera.com/news/2026/5/10/food-inflation-hammers-households-in-war-hit-iran?traffic_source=rss",
        "severity": 2,
        "scraped_at": "2026-05-10T17:20:48.090966+00:00"
      }
    },
    {
      "type": "Feature",
      "geometry": {
        "type": "Point",
        "coordinates": [
          105.3188,
          61.524
        ]
      },
      "properties": {
        "id_hash": "1533aa8c4d45a572a304d8f063d17a4c6cc59604aa9d088dbb3a026dfff8d6fb",
        "title": "Russia kills three Ukrainians in 24 hours, accuses Kyiv of violating truce",
        "summary": "Russia claims Ukraine has committed more than 1,000 violations since the three-day truce came into effect on Saturday.",
        "link": "https://www.aljazeera.com/news/2026/5/10/russia-kills-three-ukrainians-in-24-hours-accuses-kyiv-of-violating-truce?traffic_source=rss",
        "severity": 0,
        "scraped_at": "2026-05-10T17:20:48.091056+00:00"
      }
    },
    {
      "type": "Feature",
      "geometry": {
        "type": "Point",
        "coordinates": [
          105.3188,
          61.524
        ]
      },
      "properties": {
        "id_hash": "090f74e21c1a6181380574a00da3454ecf6c823cc78558b20b49b865b22779b4",
        "title": "Putin hints at ending Russia’s war in Ukraine, but why now?",
        "summary": "Amid a US-backed ceasefire, Putin signals peace talks could progress, but broader negotiations remain stalled.",
        "link": "https://www.aljazeera.com/news/2026/5/10/putin-hints-at-ending-russias-war-in-ukraine-but-why-now?traffic_source=rss",
        "severity": 2,
        "scraped_at": "2026-05-10T17:20:48.091107+00:00"
      }
    },
    {
      "type": "Feature",
      "geometry": {
        "type": "Point",
        "coordinates": [
          -98.5795,
          39.8283
        ]
      },
      "properties": {
        "id_hash": "151fecebc4ccbd6045f8d164c87d78bf9e2b2b86e74e22931c49b63ce6531a36",
        "title": "With food benefit cuts looming in the US, Californians eye billionaire tax",
        "summary": "US gov&#039;t cuts to food stamps will hit thousands of Californians. The state is set to vote on billionaire tax to make up.",
        "link": "https://www.aljazeera.com/economy/2026/5/10/with-food-benefit-cuts-looming-in-the-us-californians-eye-billionaire?traffic_source=rss",
        "severity": 0,
        "scraped_at": "2026-05-10T17:20:48.091145+00:00"
      }
    },
    {
      "type": "Feature",
      "geometry": {
        "type": "Point",
        "coordinates": [
          53.688,
          32.4279
        ]
      },
      "properties": {
        "id_hash": "9efe423367f9a6b813d5057c1466f1cd791e437beed8ea030f6f9061e9be68f4",
        "title": "Iran sends response to US ceasefire proposal via Pakistan",
        "summary": "Tehran has been saying negotiations should focus on ending hostilities, securing guarantees against future attacks.",
        "link": "https://www.aljazeera.com/video/newsfeed/2026/5/10/iran-sends-response-to-us-ceasefire-proposal-via-pakistan?traffic_source=rss",
        "severity": 2,
        "scraped_at": "2026-05-10T17:20:48.091178+00:00"
      }
    },
    {
      "type": "Feature",
      "geometry": {
        "type": "Point",
        "coordinates": [
          34.8516,
          31.0461
        ]
      },
      "properties": {
        "id_hash": "fa433a8a6f6695a24409fa340bb9e2ea88b8948def5bbaa49fc9056e492dd281",
        "title": "Football on ruins: Gaza’s orphans find refuge on the pitch",
        "summary": "A Gaza teenager orphaned by an Israeli attack finds refuge in football amid the decimation of Palestinian sports.",
        "link": "https://www.aljazeera.com/features/2026/5/10/football-on-ruins-gazas-orphans-find-refuge-on-the-pitch?traffic_source=rss",
        "severity": 2,
        "scraped_at": "2026-05-10T17:20:48.091222+00:00"
      }
    },
    {
      "type": "Feature",
      "geometry": {
        "type": "Point",
        "coordinates": [
          34.8516,
          31.0461
        ]
      },
      "properties": {
        "id_hash": "4dc5c8f3748350358667e7b721275c7f2840865954b9785c77e564cf6c67582d",
        "title": "Stories of those killed in a single day of Israeli strikes on Lebanon",
        "summary": "Israeli strikes have killed at least 39 people in a single day of attacks across Lebanon during a so-called ‘ceasefire.’",
        "link": "https://www.aljazeera.com/video/newsfeed/2026/5/10/stories-of-those-killed-in-a-single-day-of-israeli-strikes-on-lebanon?traffic_source=rss",
        "severity": 6,
        "scraped_at": "2026-05-10T17:20:48.091270+00:00"
      }
    },
    {
      "type": "Feature",
      "geometry": {
        "type": "Point",
        "coordinates": [
          105.3188,
          61.524
        ]
      },
      "properties": {
        "id_hash": "9dfdbb4e3c7898b06808388509e4c9c80542835712695bfaf47a87ccac7ce3e6",
        "title": "‘Ukraine has momentum in war with Russia’",
        "summary": "‘Ukraine has momentum in war with Russia’",
        "link": "https://www.aljazeera.com/video/newsfeed/2026/5/10/ukraine-has-momentum-in-war-with?traffic_source=rss",
        "severity": 2,
        "scraped_at": "2026-05-10T17:20:48.091322+00:00"
      }
    },
    {
      "type": "Feature",
      "geometry": {
        "type": "Point",
        "coordinates": [
          53.688,
          32.4279
        ]
      },
      "properties": {
        "id_hash": "f500c311d3dc2506bb77a6177487bba947abd2ef3d996f7c6f2c21e039e7bd1c",
        "title": "Can Asian economies cope with the fallout from the Iran war?",
        "summary": "Fuel costs, inflation and debt pressures are testing Asian economies.",
        "link": "https://www.aljazeera.com/video/counting-the-cost/2026/5/10/can-asian-economies-cope-with-the-fallout-from-the-iran-war?traffic_source=rss",
        "severity": 2,
        "scraped_at": "2026-05-10T17:20:48.091370+00:00"
      }
    },
    {
      "type": "Feature",
      "geometry": {
        "type": "Point",
        "coordinates": [
          53.688,
          32.4279
        ]
      },
      "properties": {
        "id_hash": "367b7a0031bff9a3b7caff6ee9ff2652eb8a88dae3277049184ebaf883bea687",
        "title": "Iran sends response to US proposal to end war via mediator Pakistan",
        "summary": "According to the proposal, initial negotiations will focus on ending hostilities.",
        "link": "https://www.aljazeera.com/news/2026/5/10/iran-sends-response-to-us-proposal-to-end-war-via-mediator-pakistan?traffic_source=rss",
        "severity": 2,
        "scraped_at": "2026-05-10T17:20:48.091418+00:00"
      }
    },
    {
      "type": "Feature",
      "geometry": {
        "type": "Point",
        "coordinates": [
          53.688,
          32.4279
        ]
      },
      "properties": {
        "id_hash": "53cac9a0d95293ecbee0de3ebdc082e3bf611bbb9ae18653e65cd37859c80989",
        "title": "US-Iran ceasefire under strain as Gulf states report drone attacks",
        "summary": "Drone hits cargo ship off Qatar’s coast, while Kuwait and the United Arab Emirates repel attacks.",
        "link": "https://www.aljazeera.com/news/2026/5/10/us-iran-ceasefire-under-strain-as-gulf-states-report-drone-attacks?traffic_source=rss",
        "severity": 2,
        "scraped_at": "2026-05-10T17:20:48.091482+00:00"
      }
    },
    {
      "type": "Feature",
      "geometry": {
        "type": "Point",
        "coordinates": [
          -99.3172531,
          38.915304
        ]
      },
      "properties": {
        "id_hash": "7b14418ef30c9351c6efff255afa31a9cc6f390191e954d9d8a49ea82ccb1339",
        "title": "El Clasico: Kylian Mbappe not in Real Madrid squad to face Barcelona",
        "summary": "French forward to miss the crucial fixture despite training with teammates on Friday following his recovery from injury.",
        "link": "https://www.aljazeera.com/sports/2026/5/10/el-clasico-kylian-mbappe-not-in-real-madrid-squad-to-face-barcelona?traffic_source=rss",
        "severity": 2,
        "scraped_at": "2026-05-10T17:20:49.286886+00:00"
      }
    },
    {
      "type": "Feature",
      "geometry": {
        "type": "Point",
        "coordinates": [
          53.688,
          32.4279
        ]
      },
      "properties": {
        "id_hash": "86bb847bcc18c471bd60f4a5cc2654a96b6a92187764120aa96ecfc58ed022fd",
        "title": "Why is Iran taking time to respond to the US proposal to end the war?",
        "summary": "Iran continues to review the proposal as Tehran&#039;s nuclear programme and Strait of Hormuz remain main sticking points.",
        "link": "https://www.aljazeera.com/news/2026/5/10/why-is-iran-taking-time-to-respond-to-the-us-proposal-to-end-the-war?traffic_source=rss",
        "severity": 2,
        "scraped_at": "2026-05-10T17:20:49.286993+00:00"
      }
    },
    {
      "type": "Feature",
      "geometry": {
        "type": "Point",
        "coordinates": [
          53.688,
          32.4279
        ]
      },
      "properties": {
        "id_hash": "7ce0730676862ea7e3decc48da60380b8008f5e22b55d00c39cb6748dace5fd4",
        "title": "Iran military warns of ‘surprising’ methods of warfare if attacked again",
        "summary": "Iran’s army spokesman says if the ‘enemy’ were to attack again, they would face new methods of warfare.",
        "link": "https://www.aljazeera.com/video/newsfeed/2026/5/10/iran-military-warns-of-surprising-methods-of-warfare-if-attacked-again?traffic_source=rss",
        "severity": 4,
        "scraped_at": "2026-05-10T17:20:49.287050+00:00"
      }
    },
    {
      "type": "Feature",
      "geometry": {
        "type": "Point",
        "coordinates": [
          117.0967336,
          36.2544606
        ]
      },
      "properties": {
        "id_hash": "2556aa3ddf542b9603b183cb91ecf6179e7a7f51e0cad5b661623cfa1afc09e3",
        "title": "‘Watching us is like watching a cousin’: the online creators reshaping Africa’s news ecosphere",
        "summary": "<p>Africa is leading a change in news consumption habits  – and transforming the lives of current affairs enthusiasts</p><p>Last year Amahle-Imvelo Jaxa <a href=\"https://www.tiktok.com/@jaxxofalltrades_sa/video/7465666536175389958\">posted a TikTok video</a> about South African peacekeepers in the Democratic Republic of the Congo. She explained an argument that had erupted between the South African and Rwandan presidents, then listed roles different South African groups would play in a war with Rwanda: the Sotho strategists, the Xhosa negotiators, the Afrikaner muscle. The video went viral and she racked up 100,000 followers in three days.</p><p>This breakout video enabled Jaxa to pivot from being a marketing and restaurant entrepreneur to a “professional yapper and current affairs enthusiast”, part of a group of content creators explaining the news to young South Africans who, like many of their global peers, are eschewing traditional news in favour of social media.</p> <a href=\"https://www.theguardian.com/world/2026/may/09/africa-influencers-news-consumption-social-media\">Continue reading...</a>",
        "link": "https://www.theguardian.com/world/2026/may/09/africa-influencers-news-consumption-social-media",
        "severity": 2,
        "scraped_at": "2026-05-10T17:20:51.348691+00:00"
      }
    },
    {
      "type": "Feature",
      "geometry": {
        "type": "Point",
        "coordinates": [
          -51.9253,
          -14.235
        ]
      },
      "properties": {
        "id_hash": "4bc260a9614d821e913328ce1dc9575b59deec4a504c7d19fc8cea3b2e63eb21",
        "title": "‘Amazon of America’: film paints vision of a post-coup Brazil giving up rainforest",
        "summary": "<p>Vitória Régia imagines rightwing Bolsonaro plot succeeded with US help – and  highlights threats facing Indigenous peoples</p><p>The year is 2025 and far-right coup plotters have annihilated Brazil’s democracy, assassinating the president, closing the national congress and surrendering the Amazon rainforest and its untold riches to the United States.</p><p>“Ladies and gentlemen, welcome to the Amazon of America,” a thick-accented North American soldier tells a group of journalists being taken on a propaganda tour of an oil refinery in the newly annexed jungle realm. Nearby, a replica of the Statue of Liberty has been carved out of the wilderness to celebrate Washington’s tutelage over more than half of Brazil.</p> <a href=\"https://www.theguardian.com/world/2026/may/10/amazon-of-america-vitoria-regia-film-brazil-rainforest\">Continue reading...</a>",
        "link": "https://www.theguardian.com/world/2026/may/10/amazon-of-america-vitoria-regia-film-brazil-rainforest",
        "severity": 0,
        "scraped_at": "2026-05-10T17:20:51.349180+00:00"
      }
    },
    {
      "type": "Feature",
      "geometry": {
        "type": "Point",
        "coordinates": [
          -74.2973,
          4.5709
        ]
      },
      "properties": {
        "id_hash": "a51f6f03d90786a0638d4cb118ddda41b239b25ae7ac223d316858ca1bff190d",
        "title": "Four south Florida men convicted in Haitian president’s assassination",
        "summary": "<p>Men were convicted in Miami federal court for plotting to kill Jovenel Moïse at his Port-au-Prince home in 2021</p><p>Four south Florida men were convicted on Friday of <a href=\"https://www.theguardian.com/world/2026/mar/10/haiti-president-jovenel-moise-trial\">plotting to kill the Haitian president, Jovenel Moïse</a>, in 2021 by hiring mercenaries to assassinate him at his Port-au-Prince home, court records show.</p><p>Prosecutors argued during the nine-week trial in a Miami federal court that the men assembled two dozen former Colombian soldiers and supplied them with money, guns, ammunition and tactical vests in a conspiracy to kill <a href=\"https://www.theguardian.com/world/2021/jul/11/jovenel-moise-obituary\">Moïse</a>. The 53-year-old president was shot dead in July 2021 at his private residence in the hills above Port-au-Prince, a killing that left a gaping political vacuum in the Caribbean nation and emboldened powerful gangs.</p> <a href=\"https://www.theguardian.com/world/2026/may/08/four-men-convicted-haitian-president-assassination\">Continue reading...</a>",
        "link": "https://www.theguardian.com/world/2026/may/08/four-men-convicted-haitian-president-assassination",
        "severity": 0,
        "scraped_at": "2026-05-10T17:20:51.349354+00:00"
      }
    },
    {
      "type": "Feature",
      "geometry": {
        "type": "Point",
        "coordinates": [
          -66.5897,
          6.4238
        ]
      },
      "properties": {
        "id_hash": "0ef30be1c9887f2fc61b2c6e7893cf48aabf0c6bb489e83e996db319572cad17",
        "title": "Frustrated by Iran, Trump at last seizes enriched uranium – but from Venezuela",
        "summary": "<p>US energy department says 13.5kg of uranium taken from reactor in Caracas – a fraction of the 408kg held by Tehran</p><p><a href=\"https://www.theguardian.com/us-news/donaldtrump\">Donald Trump</a> has succeeded in removing a country’s stash of highly enriched uranium – although that country is not <a href=\"https://www.theguardian.com/world/iran\">Iran</a>.</p><p>On Friday, the US Department of Energy announced that “thanks to President Trump’s decisive leadership” 13.5kg (about 30 pounds) of uranium had been removed from a legacy research reactor in <a href=\"https://www.theguardian.com/world/venezuela\">Venezuela</a>.</p> <a href=\"https://www.theguardian.com/world/2026/may/08/venezuela-enriched-uranium-trump\">Continue reading...</a>",
        "link": "https://www.theguardian.com/world/2026/may/08/venezuela-enriched-uranium-trump",
        "severity": 0,
        "scraped_at": "2026-05-10T17:20:51.349439+00:00"
      }
    },
    {
      "type": "Feature",
      "geometry": {
        "type": "Point",
        "coordinates": [
          -98.0031532,
          35.5438102
        ]
      },
      "properties": {
        "id_hash": "398d8337e6a0e771deee920b807093c0ba3c9a5c5e4afccbeea410ad572a2ec7",
        "title": "Canadian high school where deadly mass shooting occurred to be torn down",
        "summary": "<p>Tumbler Ridge secondary school was site of February mass shooting in which nine were killed and dozens injured</p><p>The school that was the site of one of <a href=\"https://www.theguardian.com/world/canada\">Canada’s</a> <a href=\"https://www.theguardian.com/world/2026/feb/11/canada-school-shooting-ten-dead-including-suspect-in-attack-on-tumbler-ridge-secondary-school-and-residence-police-say\">deadliest mass shootings</a> will be torn down, officials have announced.</p><p>The decision to demolish the Tumbler Ridge secondary school came after meetings between the school board and survivors, family and community members, said the British Columbia premier, David Eby.</p> <a href=\"https://www.theguardian.com/world/2026/may/08/tumbler-ridge-canada-school-shooting\">Continue reading...</a>",
        "link": "https://www.theguardian.com/world/2026/may/08/tumbler-ridge-canada-school-shooting",
        "severity": 4,
        "scraped_at": "2026-05-10T17:20:52.848821+00:00"
      }
    },
    {
      "type": "Feature",
      "geometry": {
        "type": "Point",
        "coordinates": [
          53.688,
          32.4279
        ]
      },
      "properties": {
        "id_hash": "a99ff9d96fedfecfbd436d14d41ee8c332fa96b349bb8efff7f046a38c609776",
        "title": "Iran war costs Toyota £3bn as prices of materials soar and sales fall",
        "summary": "<p>Carmaker gives one of biggest warnings yet of conflict’s impact on businesses while Trump tariffs also take toll</p><p>Toyota has reported a £3bn hit from costs from the war in Iran, as prices of parts and materials soared and sales dropped.</p><p>The world’s biggest carmaker said profits declined in its financial year to March as it was “likely unable to absorb newly added impact from the Middle East”, in one of the largest warnings yet of the war’s impact on businesses.</p> <a href=\"https://www.theguardian.com/business/2026/may/08/iran-war-costs-toyota-3bn-prices-materials-soar-sales-fall\">Continue reading...</a>",
        "link": "https://www.theguardian.com/business/2026/may/08/iran-war-costs-toyota-3bn-prices-materials-soar-sales-fall",
        "severity": 2,
        "scraped_at": "2026-05-10T17:20:52.849129+00:00"
      }
    },
    {
      "type": "Feature",
      "geometry": {
        "type": "Point",
        "coordinates": [
          -87.3974982,
          46.5124287
        ]
      },
      "properties": {
        "id_hash": "20f89fd9e3ad82fb6b04b17c2229afa66ce462dea216f06e50070796048ca5ed",
        "title": "Doctors warned Andrea could die without safe housing, then discharged her to sleep on the streets",
        "summary": "<p>The First Nations woman has been on the priority public housing list in WA since 2023. Despite nearly dying from sleeping rough, she still has a two year wait.</p><ul><li><p>Get our <a href=\"https://www.theguardian.com/email-newsletters?CMP=cvau_sfl\">breaking news email</a>, <a href=\"https://app.adjust.com/w4u7jx3\">free app</a> or <a href=\"https://www.theguardian.com/australia-news/series/full-story?CMP=cvau_sfl\">daily news podcast</a></p></li></ul><p>The family of a homeless First Nations woman who is sick with septicemia fear she will die without a safe home, but advocates warn it could be years before she reaches the top of the public housing waiting list.</p><p>Andrea Woodley has been in and out of hospital for weeks with sepsis, triggered by infected blisters on her feet after sleeping rough in inner city Perth. The Noongar, Budimaya and Nyikina woman and her loved ones fear that without a home she is at risk of death.</p> <a href=\"https://www.theguardian.com/society/2026/may/11/doctors-warned-andrea-could-die-without-safe-housing-then-discharged-her-to-sleep-on-the-streets-ntwnfb\">Continue reading...</a>",
        "link": "https://www.theguardian.com/society/2026/may/11/doctors-warned-andrea-could-die-without-safe-housing-then-discharged-her-to-sleep-on-the-streets-ntwnfb",
        "severity": 2,
        "scraped_at": "2026-05-10T17:20:54.014679+00:00"
      }
    },
    {
      "type": "Feature",
      "geometry": {
        "type": "Point",
        "coordinates": [
          139.9556708,
          -5.1371937
        ]
      },
      "properties": {
        "id_hash": "73edd9425ab0662b992bb6e3a6bf9ecc99b7b0541c4c66edfc2bb4d909245f4c",
        "title": "Woman charged after alleged antisemitic abuse at children’s netball game in Sydney",
        "summary": "<p>NSW police called to incident in Maroubra amid reports of offensive comments made at under-12s game</p><ul><li><p>Get our <a href=\"https://www.theguardian.com/email-newsletters?CMP=cvau_sfl\">breaking news email</a>, <a href=\"https://app.adjust.com/w4u7jx3\">free app</a> or <a href=\"https://www.theguardian.com/australia-news/series/full-story?CMP=cvau_sfl\">daily news podcast</a></p></li></ul><p>A woman has been charged with using offensive language after alleged antisemitic comments were made at a children’s netball match involving a Jewish-led team in Sydney.</p><p>New South Wales police said it was called to netball courts at Heffron Park in Maroubra just after 10am on Saturday, after reports a woman had made offensive comments towards a group of people at an under-12s game between the Maccabi and Saints netball clubs.</p> <a href=\"https://www.theguardian.com/australia-news/2026/may/10/police-investigate-alleged-antisemitic-abuse-at-childrens-netball-game-in-sydney-ntwnfb\">Continue reading...</a>",
        "link": "https://www.theguardian.com/australia-news/2026/may/10/police-investigate-alleged-antisemitic-abuse-at-childrens-netball-game-in-sydney-ntwnfb",
        "severity": 2,
        "scraped_at": "2026-05-10T17:20:55.169994+00:00"
      }
    },
    {
      "type": "Feature",
      "geometry": {
        "type": "Point",
        "coordinates": [
          -122.3060261,
          37.8781791
        ]
      },
      "properties": {
        "id_hash": "891c0ec8f3d5fd260d4eb86260cfddb947943ca15b9e0d7e9ef2b95cf6a9ef60",
        "title": "Budget to include extra $2bn for infrastructure – as it happened",
        "summary": "<p>This blog is now closed</p><ul><li><p>Get our <a href=\"https://www.theguardian.com/email-newsletters?CMP=cvau_sfl\">breaking news email</a>, <a href=\"https://app.adjust.com/w4u7jx3\">free app</a> or <a href=\"https://www.theguardian.com/australia-news/series/full-story?CMP=cvau_sfl\">daily news podcast</a></p></li></ul><p><strong>Wilson promises Coalition will be ‘very clear’ on migration</strong></p><p>Wilson is asked about comments made by the opposition leader, <strong>Angus Taylor,</strong> after the byelection that hinted at a rightward shift toward “ending mass migration” and stopping net zero policies.</p><p>I can assure you in the coming weeks we’re going to make it very clear what we’re for. Australians need to know that we’re in favour of families, community, small business and self-starters. <br /><br />\n My focus on migration is how we make sure we get new Australians integrated successfully.<br /><br />\n One of the reasons Australians have become very nervous about migration is they feel that people are coming to Australia and getting the benefits without making the contribution. And I want the best, boldest, most confident new Australians we can have. <br /></p><p>There would be some nervous Labor MPs because what people want to see is change.</p><p>One of the most consistent messages is that people want someone who is going to fight for them and their future.</p> <a href=\"https://www.theguardian.com/australia-news/live/2026/may/10/politics-updates-farrer-byelection-one-nation-win-liberal-coalition-loss-reactions-pauline-hanson-angus-taylor-tim-wilson-insiders-anthony-albanese-labor-ntwnfb\">Continue reading...</a>",
        "link": "https://www.theguardian.com/australia-news/live/2026/may/10/politics-updates-farrer-byelection-one-nation-win-liberal-coalition-loss-reactions-pauline-hanson-angus-taylor-tim-wilson-insiders-anthony-albanese-labor-ntwnfb",
        "severity": 2,
        "scraped_at": "2026-05-10T17:20:56.881067+00:00"
      }
    },
    {
      "type": "Feature",
      "geometry": {
        "type": "Point",
        "coordinates": [
          105.3188,
          61.524
        ]
      },
      "properties": {
        "id_hash": "ab00eb0c7d99386bd750ace3771b554fcd1e697ff6a14e94048faa27f9c962d6",
        "title": "First plane carrying passengers evacuated from hantavirus-hit cruise ship leaves Tenerife – Europe live",
        "summary": "<p>Spain has begun the evacuation of the first passengers from the MV Hondius ship which arrived in Tenerife on Sunday</p><ul><li><p><a href=\"https://www.theguardian.com/world/2026/may/10/hantavirus-cruise-ship-tenerife-evacuate-passengers-mv-hondius\"><strong>Passengers begin evacuating cruise ship hit by hantavirus</strong></a></p></li></ul><p>In other news, there are reports of Russian attacks continuing on Ukraine despite a ceasefire that was meant to run from Saturday 9 May to Monday 11 May.</p><p>There are reports of people being injured by Russian strikes in areas including the Kharkiv, Dnipropetrovsk and Kherson regions.</p> <a href=\"https://www.theguardian.com/world/live/2026/may/10/hantavirus-cruise-ship-rat-spain-tenerife-russia-ukraine-putin-zelenskyy-war-europe-latest-news-updates\">Continue reading...</a>",
        "link": "https://www.theguardian.com/world/live/2026/may/10/hantavirus-cruise-ship-rat-spain-tenerife-russia-ukraine-putin-zelenskyy-war-europe-latest-news-updates",
        "severity": 6,
        "scraped_at": "2026-05-10T17:20:56.881450+00:00"
      }
    },
    {
      "type": "Feature",
      "geometry": {
        "type": "Point",
        "coordinates": [
          105.3188,
          61.524
        ]
      },
      "properties": {
        "id_hash": "205dca5250bf19892b86ddbeeedc440ac6e107bfdae8e1900eb060dca8976d23",
        "title": "First plane carrying passengers from cruise ship hit by hantavirus leaves Tenerife",
        "summary": "<p>Spanish passengers taken off MV Hondius by medical teams in hazmat suits after being screened for the infection</p><ul><li><p><a href=\"https://www.theguardian.com/world/live/2026/may/10/hantavirus-cruise-ship-rat-spain-tenerife-russia-ukraine-putin-zelenskyy-war-europe-latest-news-updates\">Cruise ship hantavirus outbreak – latest updates</a></p></li></ul><p>The first passengers to have left the cruise ship at the centre of a deadly outbreak of hantavirus have departed by plane for mainland Spain, as the evacuation of other nationalities continues.</p><p>Spanish passengers wearing blue plastic ponchos and hair coverings were taken off the vessel by medical teams in hazmat suits on Sunday morning after being screened for the infection. They were then taken by coach to Tenerife airport.</p> <a href=\"https://www.theguardian.com/world/2026/may/10/hantavirus-cruise-ship-tenerife-evacuate-passengers-mv-hondius\">Continue reading...</a>",
        "link": "https://www.theguardian.com/world/2026/may/10/hantavirus-cruise-ship-tenerife-evacuate-passengers-mv-hondius",
        "severity": 2,
        "scraped_at": "2026-05-10T17:20:56.881542+00:00"
      }
    },
    {
      "type": "Feature",
      "geometry": {
        "type": "Point",
        "coordinates": [
          105.3188,
          61.524
        ]
      },
      "properties": {
        "id_hash": "a2167806e281641402c6a336305da4e7bcb7a6b69eac64e4dd9ba4d46091730b",
        "title": "Putin suggests Ukraine war is winding down but aides say it is ‘long road’ to peace",
        "summary": "<p>Kremlin spokesperson plays down idea of quick resolution of conflict after president said he thought it was ‘coming to an end’</p><p>Vladimir Putin has said he thinks the Ukraine war is winding down, hours after he had vowed to defeat Ukraine at Moscow’s most <a href=\"https://www.theguardian.com/world/2026/may/09/russia-putin-moscow-victory-day-parade-scaled-back\">scaled-back Victory Day parade</a> in years and even as two of his senior aides played down the notion of a quick end to the conflict.</p><p>“I think that the matter is coming to an end,” Putin said of Europe’s deadliest conflict since the second world war. He said he would be willing to negotiate new security arrangements for Europe and that his preferred negotiating partner would be Germany’s former chancellor Gerhard Schröder – a choice unlikely to be accepted in Ukraine and the EU.</p> <a href=\"https://www.theguardian.com/world/2026/may/10/vladimir-putin-suggests-ukraine-war-is-coming-to-an-end\">Continue reading...</a>",
        "link": "https://www.theguardian.com/world/2026/may/10/vladimir-putin-suggests-ukraine-war-is-coming-to-an-end",
        "severity": 2,
        "scraped_at": "2026-05-10T17:20:56.881693+00:00"
      }
    },
    {
      "type": "Feature",
      "geometry": {
        "type": "Point",
        "coordinates": [
          53.688,
          32.4279
        ]
      },
      "properties": {
        "id_hash": "a63dbef1385eeb1ad41d8cd5742f267ed28ffbc3ef7ad419a0169a08657e0422",
        "title": "Iran responds to US proposal as drones hit Gulf nations and Netanyahu warns war ‘not over’",
        "summary": "<p>Pakistan confirms it has forwarded response to Washington as Israeli PM says war will go on as long as Iran has uranium stockpile</p><p>Iran has said it has replied to a US peace proposal, on a day when a month-old ceasefire showed signs of fraying, with drone strikes reported around the region, and Benjamin Netanyahu warned the war was “not over”.</p><p>Iranian state media reported that the Iranian response had been passed to Pakistani mediators, without giving further details. Pakistan confirmed it had been forwarded to Washington.</p> <a href=\"https://www.theguardian.com/world/2026/may/10/iran-us-peace-proposal-pakistan-reported-drone-strikes-strain-ceasefire\">Continue reading...</a>",
        "link": "https://www.theguardian.com/world/2026/may/10/iran-us-peace-proposal-pakistan-reported-drone-strikes-strain-ceasefire",
        "severity": 4,
        "scraped_at": "2026-05-10T17:20:56.881774+00:00"
      }
    },
    {
      "type": "Feature",
      "geometry": {
        "type": "Point",
        "coordinates": [
          53.688,
          32.4279
        ]
      },
      "properties": {
        "id_hash": "c56ecd8f6100d259fa45badadfa668652456f22c4db94b3c576b0a50ef32199f",
        "title": "Saudi Aramco profits jump despite conflict in Middle East",
        "summary": "<p>Saudi Arabia’s state oil company’s profits up 26% to £26.9bn in first three months of year</p><ul><li><p><a href=\"https://www.theguardian.com/business/live/2026/may/08/oil-us-iran-ceasefire-uk-house-prices-food-prices-jobs-report-pound-bonds-elections-latest-news-updates\">Business live – latest updates</a></p></li></ul><p>Saudi Arabia’s state oil company reported a 26% jump in profits in its first quarter as its east-west pipeline allowed it to ship millions of barrels of oil out of the Gulf despite <a href=\"https://www.theguardian.com/world/strait-of-hormuz\">conflict in the Middle East</a>.</p><p>Profits at Saudi Aramco hit $33.6bn (£26.9bn) in the first three months of the year, while revenue rose nearly 7% compared with a year earlier to $115.5bn.</p> <a href=\"https://www.theguardian.com/business/2026/may/10/saudi-aramco-profits-jump-despite-conflict-middle-east\">Continue reading...</a>",
        "link": "https://www.theguardian.com/business/2026/may/10/saudi-aramco-profits-jump-despite-conflict-middle-east",
        "severity": 0,
        "scraped_at": "2026-05-10T17:20:56.881882+00:00"
      }
    },
    {
      "type": "Feature",
      "geometry": {
        "type": "Point",
        "coordinates": [
          53.688,
          32.4279
        ]
      },
      "properties": {
        "id_hash": "fe7028c1e4dfe369362ccd45700c6ffa1ea72161125b41c3b4c9901b92ef7923",
        "title": "Iran’s Revolutionary Guards threaten US sites in Middle East if tankers come under fire",
        "summary": "<p>Revolutionary Guards issue warning as Trump awaits Iran’s response to Washington’s latest proposal for peace deal</p><p>Iran’s Revolutionary Guards have threatened to target US sites in the Middle East if its tankers come under fire, Iranian media reported on Saturday, as Washington was left waiting for Tehran’s response to its latest negotiating position.</p><p>“Any attack on Iranian tankers and commercial vessels will result in a heavy attack on one of the American centres in the region and enemy ships,” the force said, a day after <a href=\"https://www.theguardian.com/world/2026/may/07/iran-accuses-us-of-violating-ceasefire-by-targeting-civilian-areas-and-ships-on-strait-of-hormuz\">US strikes on two Iranian tankers</a> in the Gulf of Oman.</p> <a href=\"https://www.theguardian.com/world/2026/may/10/iran-threatens-us-sites-in-middle-east-if-tankers-come-under-fire\">Continue reading...</a>",
        "link": "https://www.theguardian.com/world/2026/may/10/iran-threatens-us-sites-in-middle-east-if-tankers-come-under-fire",
        "severity": 6,
        "scraped_at": "2026-05-10T17:20:56.882030+00:00"
      }
    },
    {
      "type": "Feature",
      "geometry": {
        "type": "Point",
        "coordinates": [
          53.688,
          32.4279
        ]
      },
      "properties": {
        "id_hash": "e395db245cfb7716163cee736bd7d7eca93251a8aba9a616e24b1cd1edd9ed4b",
        "title": "Neither US nor Iran can sustain strait of Hormuz standoff indefinitely",
        "summary": "<p>Simply hanging on could be a disaster for Iranians, while Trump needs to resolve this economic crisis he created </p><p>Exchanges of fire between Iran and the US demonstrate the serious instability of the situation in the Middle East. Though the US strikes late on Thursday were just “a love tap”, according to the US president, Donald Trump, the reality is that neither side can continue the high-stakes standoff in the strait of Hormuz indefinitely.</p><p>The US and its ally Israel demonstrated a comprehensive military superiority over Iran – taking minimal casualties in the 38-day war – but Washington has both failed to translate that into strategic dominance and allowed Iran to take control of the strait, driving up the oil price.</p> <a href=\"https://www.theguardian.com/world/2026/may/09/neither-us-nor-iran-can-sustain-strait-of-hormuz-standoff-indefinitely\">Continue reading...</a>",
        "link": "https://www.theguardian.com/world/2026/may/09/neither-us-nor-iran-can-sustain-strait-of-hormuz-standoff-indefinitely",
        "severity": 4,
        "scraped_at": "2026-05-10T17:20:56.882115+00:00"
      }
    },
    {
      "type": "Feature",
      "geometry": {
        "type": "Point",
        "coordinates": [
          -76.602191,
          39.6823264
        ]
      },
      "properties": {
        "id_hash": "c6729b3906aee06c753913c2cd91862c68f57cd653da2c29365cb97da90ab631",
        "title": "Trump ally Roger Stone condemned for providing lobbying services to Myanmar’s military junta",
        "summary": "<p>Stone being paid $50,000 a month to ‘rebuild’ relations between Washington and Myanmar’s military-backed government</p><p>The US lobbyist Roger Stone, a longtime friend and ally of Donald Trump, has been condemned for accepting $50,000 a month to “rebuild” relations between Washington and Myanmar’s military-backed government.</p><p>Myanmar’s leaders have been internationally isolated since <a href=\"https://www.theguardian.com/world/2022/sep/19/myanmar-coup-2021-explained-in-30-seconds\">seizing power in a coup in 2021</a>, and have repeatedly been <a href=\"https://www.theguardian.com/world/2022/feb/15/myanmar-military-atrocities-may-amount-to-war-crimes-says-rights-group\">accused of atrocities that may amount to war crimes</a>. Activists say the military rulers, which recently held <a href=\"https://www.theguardian.com/world/2025/dec/28/myanmar-elections-voting-begins-under-junta-stranglehold-with-aung-san-suu-kyi-banned\">widely condemned “sham” elections</a>, are now trying to reassert themselves abroad.</p> <a href=\"https://www.theguardian.com/us-news/2026/may/08/trump-ally-roger-stone-condemned-for-providing-lobbying-services-to-myanmars-military-junta\">Continue reading...</a>",
        "link": "https://www.theguardian.com/us-news/2026/may/08/trump-ally-roger-stone-condemned-for-providing-lobbying-services-to-myanmars-military-junta",
        "severity": 2,
        "scraped_at": "2026-05-10T17:20:58.242605+00:00"
      }
    },
    {
      "type": "Feature",
      "geometry": {
        "type": "Point",
        "coordinates": [
          -73.896911,
          40.6464554
        ]
      },
      "properties": {
        "id_hash": "900187de8b794711a9fd76236a8aefcefc0a38a24ad6be359edf379ec09c5797",
        "title": "Tensions high in West Bengal after BJP aide shot dead and hundreds arrested",
        "summary": "<p>Turmoil and violence rocks state after prime minister Narendra Modi’s party claimed victory in legislative election</p><p>Tensions have been high in the Indian state of West Bengal after a top political aide from Narendra Modi’s party was shot dead in the street and hundreds were arrested as violence broke out following elections this week.</p><p>The prime minister’s Bharatiya Janata party (BJP) <a href=\"https://www.theguardian.com/world/2026/may/06/west-bengal-chief-minister-mamata-banerjee-refuses-to-resign-election-narendra-modi-india\">claimed victory in the West Bengal elections on Monday</a>, defeating Trinamool Congress (TMC), which had ruled over the state legislature for 15 years.</p> <a href=\"https://www.theguardian.com/world/2026/may/07/tensions-high-west-bengal-bjp-aide-shot-dead-election-violence\">Continue reading...</a>",
        "link": "https://www.theguardian.com/world/2026/may/07/tensions-high-west-bengal-bjp-aide-shot-dead-election-violence",
        "severity": 0,
        "scraped_at": "2026-05-10T17:20:59.546882+00:00"
      }
    },
    {
      "type": "Feature",
      "geometry": {
        "type": "Point",
        "coordinates": [
          -106.2011344,
          46.730002
        ]
      },
      "properties": {
        "id_hash": "b9906c2f2ad2d9b68c8f7a7b782395037868492a02d1d918f152576824bc5149",
        "title": "Angela Rayner calls blocking Andy Burnham’s return to parliament a mistake as pressure mounts on Keir Starmer – UK politics live",
        "summary": "<p>Catherine West issues ultimatum for PM as ex-minister Josh Simons joins calls for prime minister to quit</p><p>At the start of her programme <strong>Laura Kuenssberg</strong> addressed Catherine West and Bridget Phillipson who were sitting waiting for the main interviews.</p><p>Kuenssberg told West she wanted a cabinet minister to challenge Keir Starmer. She said she was sitting next to one of them. What was her message to her?</p><p>Well, there’s nothing stopping Bridget from standing. Why are all the men better than the women? We do need some senior women to step forward and to challenge for what is going to be a really difficult two and a half years between now and the general election, and also to take us into that second term.</p><p>I love you dearly, Catherine, but I just disagree on this one.</p> <a href=\"https://www.theguardian.com/politics/live/2026/may/10/may-elections-keir-starmer-catherine-west-labour-leadership-nigel-farage-reform-conservatives-kemi-badenoch-richard-tice-bridget-phillipson-uk-politics-latest-news-updates\">Continue reading...</a>",
        "link": "https://www.theguardian.com/politics/live/2026/may/10/may-elections-keir-starmer-catherine-west-labour-leadership-nigel-farage-reform-conservatives-kemi-badenoch-richard-tice-bridget-phillipson-uk-politics-latest-news-updates",
        "severity": 2,
        "scraped_at": "2026-05-10T17:21:01.069327+00:00"
      }
    },
    {
      "type": "Feature",
      "geometry": {
        "type": "Point",
        "coordinates": [
          -98.5795,
          39.8283
        ]
      },
      "properties": {
        "id_hash": "1dee86ed1196b8e70e4d22f8a9d0709b81e55063a66067ee6adda919d6e79cd4",
        "title": "Full nationalisation of British Steel expected in King’s speech",
        "summary": "<p>Officials reportedly drafting legislation likely to safeguard Britain’s last blast furnaces and save thousands of jobs </p><p>The full nationalisation of British Steel is expected to be announced in the King’s speech this week, a year after the government took over the daily running of the loss-making business from its Chinese owner.</p><p>The steelmaker, which employs 3,500 people at its plant in Scunthorpe, came under<a href=\"https://www.theguardian.com/business/2025/apr/11/parliament-recalled-to-discuss-british-steel-nationalisation\"> government control last April</a> amid fears that its owner, Jingye, was planning to shut down the site.</p> <a href=\"https://www.theguardian.com/business/2026/may/10/full-nationalisation-of-british-steel-expected-in-kings-speech\">Continue reading...</a>",
        "link": "https://www.theguardian.com/business/2026/may/10/full-nationalisation-of-british-steel-expected-in-kings-speech",
        "severity": 0,
        "scraped_at": "2026-05-10T17:21:01.069507+00:00"
      }
    },
    {
      "type": "Feature",
      "geometry": {
        "type": "Point",
        "coordinates": [
          -92.4139579,
          31.3004436
        ]
      },
      "properties": {
        "id_hash": "122c761ab4726457ebe40aa66134b99cdef2ec5b9dc8661ba54b8cddd675978c",
        "title": "Rayner warns Starmer to change direction as Streeting preparing leadership bid",
        "summary": "<p>Chances of Starmer remaining in No 10 appear to be diminishing as about 40 Labour MPs call for him to quit</p><ul><li><p><a href=\"https://www.theguardian.com/politics/live/2026/may/10/may-elections-keir-starmer-catherine-west-labour-leadership-nigel-farage-reform-conservatives-kemi-badenoch-richard-tice-bridget-phillipson-uk-politics-latest-news-updates\">UK politics live – latest updates</a></p></li></ul><p>Keir Starmer is facing a perilous 24 hours as allies of Wes Streeting said he was prepared to bid for the leadership if the prime minister’s premiership falls apart and Angela Rayner warned that a change of direction was needed.</p><p>Starmer was hoping to save his job with a speech that sets out his vision for turning the country around on Monday, after a disastrous set of local election results in which the party lost support to Reform UK and the Greens.</p> <a href=\"https://www.theguardian.com/politics/2026/may/10/starmer-faces-perilous-24-hours-streeting-readying-leadership-bid\">Continue reading...</a>",
        "link": "https://www.theguardian.com/politics/2026/may/10/starmer-faces-perilous-24-hours-streeting-readying-leadership-bid",
        "severity": 2,
        "scraped_at": "2026-05-10T17:21:02.225408+00:00"
      }
    },
    {
      "type": "Feature",
      "geometry": {
        "type": "Point",
        "coordinates": [
          -98.5795,
          39.8283
        ]
      },
      "properties": {
        "id_hash": "392bfc8ab1d142df48f13cdaeb82c027d82ed10f046c87a66c0c58ca3c5e4202",
        "title": "Thousands attend rally against antisemitism outside Downing Street",
        "summary": "<p>Conservative and Reform leaders cheered as they address crowd, while Labour’s Pat McFadden met with boos and shouts of ‘where is Starmer?’</p><p>Thousands of people gathered outside Downing Street on Sunday to protest an increase in antisemitic hate crimes and violence, as senior politicians and interfaith leaders called for unity.</p><p>The Standing Strong: Extinguish Antisemitism rally, backed by more than 30 Jewish groups, drew thousands of people to Whitehall, as Conservative and Liberal Democrat party leaders, alongside Labour and Reform representatives, addressed a crowd studded with Israeli and union jack flags and ‘Where is Keir?’ placards.</p> <a href=\"https://www.theguardian.com/news/2026/may/10/thousands-attend-rally-against-antisemitism-outside-downing-street\">Continue reading...</a>",
        "link": "https://www.theguardian.com/news/2026/may/10/thousands-attend-rally-against-antisemitism-outside-downing-street",
        "severity": 0,
        "scraped_at": "2026-05-10T17:21:02.225582+00:00"
      }
    },
    {
      "type": "Feature",
      "geometry": {
        "type": "Point",
        "coordinates": [
          47.0737042,
          34.3517653
        ]
      },
      "properties": {
        "id_hash": "b41a383b7489f6e94a4b3c73e943203ffa78f144d80cb91e5462d341d82b6d2c",
        "title": "Health advocates warn government’s claims of baby formula safety contradict data",
        "summary": "<p>Independent scientists who reviewed the results said most samples were contaminated with Pfas or phthalates</p><p>The Trump administration announced earlier this month that hundreds of baby formula samples it tested for toxic chemicals “meet a high safety standard”, but public health advocates warn this claim contradicts <a href=\"https://cisionone-email.hhs.gov/c/eJxczj2OwyAUBODTQIfFz8PYBUUaXyPCvIeD4r8ASa6_8mqrbb-ZkQa9DsZoy8kr5xw47cDwhx9nkGaQPegxJQNkdHIOkxqsURDA8uz7MWkFOAQ3D-quVIzDoLTt-8hA1oz0zC-xhbxSqSLZ0WIPFkT7PPdXdzlf_aO1szJzY3pievp-v13C0C3Hh-kpHQcyPeU9hb2JdJTtvQbxODY6w0JXAUMV_-KzHPiOTTSqLe-LKFTfa6t8I8xBFFopVBIZ_S_c_4CZm3YgpebFt3JSeea9MpDLdbOLx8ZrK0TbNVQQR3I2CJQjCZApilkiCQMDmjjKWaqef7z-CQAA__-O-23X\">data</a> showing a majority were contaminated with dangerous substances, such as Pfas or phthalates.</p><p>Independent scientists who reviewed the results say the data gaps and the contamination raise concerns, though they added the testing shows some bright spots, and praised the US Food and Drug Administration for expanding the testing program, then making the results public.</p> <a href=\"https://www.theguardian.com/us-news/2026/may/10/fda-baby-formula-safety-claims-contradict-data\">Continue reading...</a>",
        "link": "https://www.theguardian.com/us-news/2026/may/10/fda-baby-formula-safety-claims-contradict-data",
        "severity": 2,
        "scraped_at": "2026-05-10T17:21:03.579775+00:00"
      }
    },
    {
      "type": "Feature",
      "geometry": {
        "type": "Point",
        "coordinates": [
          53.688,
          32.4279
        ]
      },
      "properties": {
        "id_hash": "7e7a87d87fb220311d898301e34474c465ee2fd5fda7c7a71bad19260680ed66",
        "title": "Fifa World Cup matches face heightened terror risk in US amid Iran conflict",
        "summary": "<p>Experts warn of ‘soft target’ vulnerabilities and intelligence gaps as federal agencies prepare to secure 78 matches across 11 cities</p><p><a href=\"https://www.theguardian.com/football/fifa\">Fifa</a> World Cup matches set to be held across the United States face heightened terrorism risks, with experts warning that vulnerabilities are being amplified by the <a href=\"https://www.theguardian.com/world/us-israel-war-on-iran\">US-Israel conflict with Iran</a> and a depletion of <a href=\"https://www.theguardian.com/politics/terrorism\">counter-terrorism</a> expertise within federal law enforcement.</p><p>The biggest threat stems from homegrown violent extremists, often lone actors that may have become radicalized online by extreme political views or jihadists such as the Islamic State (Isis), said four counter-terror experts interviewed.</p> <a href=\"https://www.theguardian.com/football/2026/may/10/fifa-world-cup-terrorism-risk-iran-war\">Continue reading...</a>",
        "link": "https://www.theguardian.com/football/2026/may/10/fifa-world-cup-terrorism-risk-iran-war",
        "severity": 2,
        "scraped_at": "2026-05-10T17:21:03.579996+00:00"
      }
    },
    {
      "type": "Feature",
      "geometry": {
        "type": "Point",
        "coordinates": [
          31.1656,
          48.3794
        ]
      },
      "properties": {
        "id_hash": "0f418db3d06998de4b2f9ec232e2c3bfa3dd442907d7b91a0494a7d8b12263bb",
        "title": "Europe weighs Putin’s ceasefire signals and security proposals",
        "summary": "Vladimir Putin’s latest comments on potential ceasefire talks are being met with deep scepticism across Europe, with officials questioning both the substance of his proposals and the choice of mediator. FRANCE 24 International Affairs Editor Shirley Sitbon said repeated promises of imminent peace are fuelling doubt, even as discussions continue over Ukraine, NATO expansion and the future of European security architecture.",
        "link": "https://www.france24.com/en/europe-weighs-putin-s-ceasefire-signals-and-security-proposals",
        "severity": 0,
        "scraped_at": "2026-05-10T17:21:04.398973+00:00"
      }
    },
    {
      "type": "Feature",
      "geometry": {
        "type": "Point",
        "coordinates": [
          105.3188,
          61.524
        ]
      },
      "properties": {
        "id_hash": "49db888c972c7c58bbeef6d2359cd8e5e29a0c2c44c88e0319be0284f540d433",
        "title": "Russia, Ukraine trade blame over ceasefire violations",
        "summary": "Russian attacks wounded at least nine people in Ukraine on Sunday, the second day of what was supposed to have been a three-day truce with Russia, Ukrainian officials said. US President Donald Trump announced the ceasefire on Friday, saying the two sides had agreed to stop all \"kinetic\" warfare for a three-day period starting Saturday, as well as a mutual swap of 1,000 prisoners each.",
        "link": "https://www.france24.com/en/russia-ukraine-trade-blame-over-ceasefire-violations",
        "severity": 4,
        "scraped_at": "2026-05-10T17:21:04.399043+00:00"
      }
    },
    {
      "type": "Feature",
      "geometry": {
        "type": "Point",
        "coordinates": [
          105.3188,
          61.524
        ]
      },
      "properties": {
        "id_hash": "a137fa26da24be280836b996d3f59e14aa26a3707d20f204c1a83ded50582588",
        "title": "Berlin sceptical as Putin proposes Germany's ex-chancellor Schroeder as Ukraine mediator",
        "summary": "Russian President Vladimir Putin on Saturday said he would \"personally\" prefer longtime ally and friend, former German chancellor Gerhard Schroeder, as mediator in the Ukraine war – an idea that has been met with scepticism in Berlin. Schroeder, 82, has remained close to the Kremlin leader long after leaving office, standing apart from most Western leaders since Russia invaded Ukraine in 2022.",
        "link": "https://www.france24.com/en/europe/20260510-berlin-sceptical-as-putin-proposes-ex-german-chancellor-schroeder-as-ukraine-mediator",
        "severity": 2,
        "scraped_at": "2026-05-10T17:21:04.399138+00:00"
      }
    },
    {
      "type": "Feature",
      "geometry": {
        "type": "Point",
        "coordinates": [
          -113.3360128,
          34.479958
        ]
      },
      "properties": {
        "id_hash": "0c852d88aa88df8636c529994cd084a7f7f39f3dfd942beeb07d0f986fb0e739",
        "title": "'Nothing like COVID': Expert urges calm over hantavirus outbreak on cruise ship",
        "summary": "Medical experts say the hantavirus outbreak linked to a cruise ship remains contained and should not trigger fears of another Covid-style crisis. Speaking to FRANCE 24, former Institut Pasteur chief Christian Bréchot said human-to-human transmission of the virus is rare, but warned the incident highlights the need for faster testing and stronger outbreak response systems worldwide.",
        "link": "https://www.france24.com/en/video/20260510-christian-brechot",
        "severity": 2,
        "scraped_at": "2026-05-10T17:21:05.968630+00:00"
      }
    },
    {
      "type": "Feature",
      "geometry": {
        "type": "Point",
        "coordinates": [
          12.5159684,
          41.9889885
        ]
      },
      "properties": {
        "id_hash": "d9c213c83bdac1928dc8796d46b3c88a25e7c9993ab0f36f7b430bdee61422e9",
        "title": "Macron heads to Kenya to push new France-Africa partnership",
        "summary": "President Emmanuel Macron has chosen Kenya as the stage for a renewed French push to strengthen ties with Africa through business, diplomacy and culture. The Africa Forward Summit in Nairobi on Monday and Tuesday will bring together heads of state, executives and artists as France seeks to promote a partnership-based approach to the continent. FRANCE 24's Bastien Renouil reports.",
        "link": "https://www.france24.com/en/macron-heads-to-kenya-to-push-new-france-africa-partnership",
        "severity": 2,
        "scraped_at": "2026-05-10T17:21:07.393428+00:00"
      }
    },
    {
      "type": "Feature",
      "geometry": {
        "type": "Point",
        "coordinates": [
          -2.833333,
          55.583333
        ]
      },
      "properties": {
        "id_hash": "85bba02dcc8cd5441ea85af10fe3ed25cfdb42988212403bea5cf7c78e0560c4",
        "title": "Scottish independence calls grow after Labour losses shake Starmer’s leadership",
        "summary": "Fresh demands for a second Scottish independence referendum have intensified after Labour’s heavy election losses across the UK, piling further pressure on Prime Minister Sir Keir Starmer. With the Scottish National Party claiming a sweeping victory in Scotland and Nigel Farage’s Reform UK surging south of the border, SNP figures said the results showed the urgent need for Scotland to break away from Westminster.",
        "link": "https://www.france24.com/en/video/20260510-scotland-first-minister-seeks-another-independence-referendum",
        "severity": 0,
        "scraped_at": "2026-05-10T17:21:08.755843+00:00"
      }
    },
    {
      "type": "Feature",
      "geometry": {
        "type": "Point",
        "coordinates": [
          53.688,
          32.4279
        ]
      },
      "properties": {
        "id_hash": "d9c646104b32223354bfda20d05bc538d1b46b1d707b5d71854dcaf0b0a1c273",
        "title": "Iran warns of retaliation as US tensions threaten fragile peace talks",
        "summary": "Tensions between the United States and Iran have escalated after reports of US fire on Iranian-linked tankers in the Gulf of Oman. Tehran warned of retaliation against American targets in the region as diplomatic efforts continue over a proposed deal involving sanctions, nuclear limits, and maritime security.",
        "link": "https://www.france24.com/en/video/20260510-iran-war",
        "severity": 2,
        "scraped_at": "2026-05-10T17:21:08.756007+00:00"
      }
    },
    {
      "type": "Feature",
      "geometry": {
        "type": "Point",
        "coordinates": [
          53.688,
          32.4279
        ]
      },
      "properties": {
        "id_hash": "bf8d289e3faff28869913b3bb86f6de3f3b1f1a88d15ddebf3244ced2d2d6b29",
        "title": "Israel strikes kill several in Lebanon despite truce",
        "summary": "Israel carried out strikes across Lebanon on Saturday, killing at least nine people in the south according to authorities, with raids also targeting a highway not far from Beirut outside of Hezbollah's traditional strongholds. The fresh attacks were some of the most intense since the start of a three-week-old ceasefire between Israel and Iran-backed Hezbollah that has done little to halt daily exchanges of fire, mostly in southern Lebanon.",
        "link": "https://www.france24.com/en/israel-strikes-kill-several-in-lebanon-despite-truce",
        "severity": 4,
        "scraped_at": "2026-05-10T17:21:08.756078+00:00"
      }
    },
    {
      "type": "Feature",
      "geometry": {
        "type": "Point",
        "coordinates": [
          14.12456,
          47.59397
        ]
      },
      "properties": {
        "id_hash": "6334b8c39bc86425ce57fc979a96169e4171d1b658d77a8a75f5d038905075da",
        "title": "At least 15 killed in car bomb attack on northwest Pakistan checkpoint",
        "summary": "Militants detonated a car bomb at a checkpoint in northwestern Pakistan and opened fire on police, killing at least 15 and wounding three, officials said on Sunday. Gunmen stormed the police checkpost after the car blast, opening fire, according to officials who said they also used small drones in the attack.",
        "link": "https://www.france24.com/en/at-least-15-killed-in-car-bomb-attack-on-northwest-pakistan-checkpoint",
        "severity": 4,
        "scraped_at": "2026-05-10T17:21:11.202688+00:00"
      }
    },
    {
      "type": "Feature",
      "geometry": {
        "type": "Point",
        "coordinates": [
          105.3188,
          61.524
        ]
      },
      "properties": {
        "id_hash": "067aafa4d4e1d0a204af238770bcebd51b075ace9b74f040627e400b351c8f01",
        "title": "Week in pictures: Met Gala, Russia's Victory Day parade and the far right makes gains in the UK",
        "summary": "Fashionable A-listers evoked the theme “fashion is art” to embody works of art at the Met Gala, Moscow held a modest annual Victory Day parade that didn’t include heavy weapons for the first time in nearly two decades and anti-immigration party Reform UK made significant gains across England in local and regional elections: FRANCE 24 looks back at some of the week's most striking images.",
        "link": "https://www.france24.com/en/americas/20260510-week-in-pictures-met-gala-russia-s-victory-day-parade-and-the-far-right-makes-gains-in-the-uk",
        "severity": 0,
        "scraped_at": "2026-05-10T17:21:11.202862+00:00"
      }
    },
    {
      "type": "Feature",
      "geometry": {
        "type": "Point",
        "coordinates": [
          105.3188,
          61.524
        ]
      },
      "properties": {
        "id_hash": "88e7d91e37ea88e51f336dfdc52f28607b3ed766fe0e77714a8e63baed7167e7",
        "title": "Russian President Putin accuses West of arming Ukraine on Victory Day",
        "summary": "Russian President Vladimir Putin said Saturday that the conflict in Ukraine is nearing its end after he oversaw a military parade on Red Square commemorating the defeat of Nazi Germany in World War II – a show that didn't include heavy weapons for the first time in nearly two decades. Talking to reporters, Putin accused Western “globalist elites” of arming Ukraine to defeat and break up Russia and declared that “I think the matter is coming to an end.”",
        "link": "https://www.france24.com/en/video/20260510-russian-president-putin-accuses-west-of-arming-ukraine-on-victory-day",
        "severity": 2,
        "scraped_at": "2026-05-10T17:21:11.202928+00:00"
      }
    },
    {
      "type": "Feature",
      "geometry": {
        "type": "Point",
        "coordinates": [
          53.688,
          32.4279
        ]
      },
      "properties": {
        "id_hash": "19a356f9e0b916f41ff1935ba1cd9691a2f59e4db1bb4ff41c6ff29d8ae45dad",
        "title": "Middle East live: Iran says war must end 'on all fronts, especially Lebanon' in response to US plan",
        "summary": "Iran has sent its response to a US proposal to begin peace talks to end the war, Iranian state media reported on Sunday.  The response, sent to mediator Pakistan, focused on ending the war on all fronts, especially Lebanon, and on the safety of shipping through the strait, Iranian state TV said, without indicating how or when the vital waterway might reopen. Follow our live blog for all the latest updates.",
        "link": "https://www.france24.com/en/middle-east/20260510-live-iran-s-guards-threaten-us-sites-in-the-region-if-its-tankers-come-under-fire",
        "severity": 2,
        "scraped_at": "2026-05-10T17:21:11.203084+00:00"
      }
    },
    {
      "type": "Feature",
      "geometry": {
        "type": "Point",
        "coordinates": [
          -104.991594,
          39.741121
        ]
      },
      "properties": {
        "id_hash": "5911b2b37531d1533ff56c0f96cce0f188bea918ff7ad8fc8ca0198a5a2e6292",
        "title": "Dozens killed in jihadist attacks in central Mali",
        "summary": "Jihadist fighters launched a fresh wave of deadly attacks in central Mali that killed dozens of people, local and security sources said on Saturday. One local official said the latest attacks brought the death toll to more than 70 in recent days, as Islamist armed groups intensify assaults on villages across the region.",
        "link": "https://www.france24.com/en/africa/20260510-dozens-killed-in-jihadist-attacks-in-central-mali",
        "severity": 4,
        "scraped_at": "2026-05-10T17:21:12.597018+00:00"
      }
    },
    {
      "type": "Feature",
      "geometry": {
        "type": "Point",
        "coordinates": [
          -98.5795,
          39.8283
        ]
      },
      "properties": {
        "id_hash": "8aa9f55183f933ee443f07e91b2982a692ebfe78a5547e179d81bb7d544e0320",
        "title": "Thousands of fans arrive in Vienna as 70th edition of Eurovision kicks off",
        "summary": "Thousands of fans on Sunday flocked to Austria's capital Vienna for the 70th edition of Eurovision – the world's most-watched song contest. On Sunday afternoon, it was due to roll out the carpet – which at Eurovision is not red but turquoise – to welcome a parade of the 35 delegations from participating countries, as part of a colourful opening ceremony.",
        "link": "https://www.france24.com/en/europe/20260510-thousands-of-fans-arrive-in-vienna-as-eurovision-kicks-off",
        "severity": 0,
        "scraped_at": "2026-05-10T17:21:12.597197+00:00"
      }
    },
    {
      "type": "Feature",
      "geometry": {
        "type": "Point",
        "coordinates": [
          134.755,
          -24.7761086
        ]
      },
      "properties": {
        "id_hash": "baf31f640e94d76d09dfc8db27169ab1629cf7270357f7aad6a99606a17414cb",
        "title": "Australia: 3 Alleged ISIS-Linked Women Face Serious Charges",
        "summary": "Click to expand Image\n          \n\n\n\n  \n        \n  \n\n        \n                      \n      \n        \n              A police van with one of the Australian women allegedly linked to the Islamic State at the Mascot Police Station in Sydney on May 7, 2026.\n                    © 2026 Izhar Khan/Getty Images\n          \n    \n\n\n  \n<p>(Sydney) – Australian authorities should ensure that criminal proceedings against three Australian women who were charged on May 7 and 8, 2026, with serious alleged crimes linked to the Islamic State (ISIS) fully respect due process rights, Human Rights Watch said today. The accused are among thirteen Australians—four women and nine children—who returned to Australia after more than seven years of detention without charge in camps in northeast Syria controlled by the US-backed, Kurdish-led Syrian Democratic Forces (SDF).</p><p>The authorities have charged two of the three women with crimes against humanity for alleged enslavement in Syria of female Yazidis, a people ISIS sought to destroy through acts including killings, sexual slavery, enslavement, and torture. The third was charged with allegedly entering a declared conflict zone and joining ISIS. The media have reported that some of the victims of the alleged crimes are living in Australia.</p><p>“Crimes against humanity are grave international crimes and it’s important for Australian authorities to handle these cases appropriately right from the start,” said Daniela Gavshon, Australia director at Human Rights Watch. “Governments have an obligation to act on horrific acts like enslavement and to support the victims, but also a duty to uphold the due process rights of the accused and help reintegrate returning nationals.”</p><p>This is the first time Australian authorities have charged anyone with crimes against humanity, acting on legislation enacted in 2002 that allows for the prosecution of serious international crimes. However, judicial authorities have pursued atrocity crimes—including crimes against humanity—in ISIS-related cases in other countries.</p><p>Under Australian law, crimes against humanity are punishable by up to 25 years in prison. US-backed Kurdish authorities arbitrarily detained these women and their children for more than seven years in desert camps in dire conditions, without adequate food, water, or health care. Courts should consider applying this time toward any future custodial sentences imposed against the women.</p><p>The nine children who returned survived horrific circumstances, did not choose to live under ISIS, and some have now been separated from their mothers who have been charged with crimes, contributing to an already stressful transition. The Australian authorities have not disclosed what provisions they have made for the children’s well-being.</p><p>Previously, 31 women and children have returned from ISIS-controlled territory in northeast Syria to Australia, 25 with assistance from the Australian government. There have been no reports that any of these women or their children have engaged in criminal acts since returning home. Global research by Human Rights Watch from 2022 has shown that children who have previously returned to their country of citizenship from the camps in northeast Syria have reintegrated well.</p><p>Policy choices by some repatriating governments have made it more difficult for children to reintegrate and in some cases have caused harm. In Belgium, France, the Netherlands, and Sweden, for instance, the authorities immediately separated children from their mothers if the mother was being investigated or charged with ISIS-related offenses. That caused children significant emotional and psychological distress, family members and mental health professionals said.</p><p>In some countries, extended family members such as grandparents faced lengthy investigations before they were allowed to care for returned children or have contact with them, even if the family members had been in contact with the authorities for years. Facilitating support from family members as soon as possible can help provide stability and promote successful reintegration, particularly if the child’s parents are deceased or detained, Human Rights Watch said.</p><p>“The Australian government should provide the support needed to ensure that these children, who have suffered immensely, have a successful reintegration and receive comprehensive trauma care,” Gavshon said. “The Australian authorities should also focus on the needs of victims and survivors of these alleged crimes living in Australia to ensure they’re fully supported.”</p>",
        "link": "https://www.hrw.org/news/2026/05/08/australia-3-alleged-isis-linked-women-face-serious-charges",
        "severity": 2,
        "scraped_at": "2026-05-10T17:21:16.304197+00:00"
      }
    },
    {
      "type": "Feature",
      "geometry": {
        "type": "Point",
        "coordinates": [
          -51.9253,
          -14.235
        ]
      },
      "properties": {
        "id_hash": "fd0ea1582eefb1517c6ef844f409bc8bd3686a6ebe00fe31f5a26fbb3f0d7ece",
        "title": "Brazil Needs Independent Investigations into Police Abuse",
        "summary": "Click to expand Image\n          \n\n\n\n  \n        \n  \n\n        \n                      \n      \n        \n              People take part in a demonstration against a police raid in Rio de Janeiro on October 28, 2025 that left 122 people dead, including two children, October 31, 2025.\n                    © Faga Almeida/UCG/Universal Images Group via Getty Images\n          \n    \n\n\n  \n<p>This week was supposed to be a step forward for Brazil: Resolution 310—a crucial&nbsp;resolution requiring that prosecutors lead investigations into police killings and that those investigations comply with international standards—was scheduled to take effect.&nbsp;</p><p>Instead, the resolution is on ice.&nbsp;</p><p>After years of advocacy by Human Rights Watch and other organizations, the National Council of the Offices of the Prosecutors approved the resolution in 2025, the deadliest year on record for police violence, with 6,588 killings. Among them were 117 young men who died in a low-income neighborhood in Rio de Janeiro on October 28, 2025. Five police officers were also killed in that&nbsp;raid.</p><p>Prosecutors were supposed to comply with Resolution 310 from May 7, 2026. However, the council has&nbsp;postponed full implementation for a year to give Prosecutors’ Offices around the country more time to prepare. Officials will have to present implementation plans to the council’s commission on public security within the next two months.</p><p>The Inter-American Court of Human Rights and Brazil’s Supreme Court have&nbsp;established that prosecutors should lead investigations into killings by police; Resolution 310 details how this should be done. It requires that prosecutors ensure that the chain of custody for evidence and the crime scene be preserved and that forensic analysis is conducted independently. It also grants victims’ families access to updated information about the investigations.&nbsp;</p><p>Associations of civil police officers in Brazil oppose prosecutors leading investigations into police abuse, claiming that it is their role. But their record is abysmal. Human Rights Watch has&nbsp;documented scores of investigations in Brazil with very serious shortcomings, such as lack of crime scene analysis and failure to question all police officers involved in a killing and to interview non-police eyewitnesses.</p><p>Brazil needs to end public security policies that lead to shootouts and adopt effective policing practices that dismantle criminal organizations and protect the public and the officers themselves. A key measure to accomplish that is to carry out independent investigations into police abuses.</p><p>Prosecutors around the country should implement Resolution 310 without delay. The public deserves to know the circumstance of every killing by police. Those who violate the law need to be held accountable, even if they are wearing a uniform.</p>",
        "link": "https://www.hrw.org/news/2026/05/08/brazil-needs-independent-investigations-into-police-abuse",
        "severity": 4,
        "scraped_at": "2026-05-10T17:21:16.304651+00:00"
      }
    },
    {
      "type": "Feature",
      "geometry": {
        "type": "Point",
        "coordinates": [
          -70.5721233,
          41.9322453
        ]
      },
      "properties": {
        "id_hash": "e8f838b063576bfd73c9070a0313da13e99d58b02b898d6e167f130b134154ee",
        "title": "UN Guidance on Dismantling Gender Stereotypes",
        "summary": "Click to expand Image\n          \n\n\n\n  \n        \n  \n\n        \n                      \n      \n        \n              People rally on International Women's Day in Jakarta demanding the Indonesian government pass an anti-discrimination law and ratify the International Labor Organization (ILO) convention concerning the elimination of sexual violence and harassment at work, March 8, 2024.\n                    © 2024 Bay Ismoyo/AFP via Getty Images\n          \n    \n\n\n  \n<p>Gender stereotypes are such a pervasive part of everyday life that it can be hard to even recognize them—but they do extraordinary damage and are at the root of many forms of inequality and violence.</p><p>Under the international Convention on the Elimination of All Forms of Discrimination Against Women (CEDAW), governments are obligated to eradicate them. The committee tasked with upholding the treaty is currently&nbsp;developing new guidance on how states should fulfill this duty.&nbsp;</p><p>Stereotypes, rooted in the assumption that there are two distinct genders with inherent differences, seek to dictate issues like how women and girls should dress, look, and express their “femininity” and sexuality; what subjects, occupations, and aspirations are seen as suitable; and their roles within families and communities. These stereotypes constrain freedom and life choices available to women and girls, and to people who do not fit neatly into binary gender identities or roles.&nbsp;</p><p>Often education is different for boys and girls, based on stereotypes, which later limits women’s job opportunities. Girls are taught to be submissive and develop skills less profitable than for boys.</p><p>More problematic yet, stereotypes&nbsp;affect how society&nbsp;responds to, and often enables, violence against people positioned as inferior. Women do about&nbsp;76 percent of all unpaid caregiving, also due to gender stereotypes.</p><p>Gender stereotypes also harm men and boys. They pressure men and boys to behave in stereotypically “masculine” ways, which can cause them&nbsp;harm, and punish those whose gender expression or life choices don’t conform with these rigid stereotypes.</p><p>The CEDAW committee, in a&nbsp;new draft recommendation, calls for every branch of all governments to “adopt appropriate measures to eliminate patterns, prejudices, and practices based on gender stereotypes.” The committee has sought input from civil society to further strengthen the draft.</p><p>Human Rights Watch has provided&nbsp;recommendations, including on how to deepen an intersectional approach considering how gender stereotypes are compounded by other forms of discrimination, including based on age, race, disability, immigration status, and sexual orientation and gender identity.</p><p>Gender stereotypes are deeply rooted in virtually all societies. The CEDAW committee’s work in this area is crucial and urgently important.</p><p></p><p>&nbsp;</p>",
        "link": "https://www.hrw.org/news/2026/05/07/un-guidance-on-dismantling-gender-stereotypes",
        "severity": 0,
        "scraped_at": "2026-05-10T17:21:17.729298+00:00"
      }
    },
    {
      "type": "Feature",
      "geometry": {
        "type": "Point",
        "coordinates": [
          -51.9253,
          -14.235
        ]
      },
      "properties": {
        "id_hash": "afe8ab1a0ee30ae9ec97e95d739a8208df33e903b6972ccdb4d7d54f316fcda3",
        "title": "EU: Protect Integrity of Anti-Deforestation Law",
        "summary": "Click to expand Image\n          \n\n\n\n  \n        \n  \n\n        \n                      \n      \n        \n              Cattle walk along an illegally deforested area in an extractive reserve near Jaci-Parana, Rondonia state, Brazil, July 12, 2023.\n                    © 2023 Andre Penner/AP Photo\n          \n    \n\n\n  \n<p>(Brussels) – The&nbsp;European Commission’s announcement that it would not initiate a process to further amend the text of its milestone anti-deforestation regulation paves the way for it to be implemented by the end of 2026, Human Rights Watch said today. However, at the same time, the Commission has proposed to exclude leather from the list of products covered by the regulation, which would create a major loophole.</p><p>“It is hard to overstate the transformative effect that the prospect of the regulation has had in hotspots for deforestation and rights abuses,” said&nbsp;Luciana Téllez Chávez, senior environment researcher at Human Rights Watch. “For this momentum to continue, we need to see robust implementation, and no unjustifiable exclusions.”</p><p>In May 2023, the EU&nbsp;adopted the Regulation on Deforestation-Free Products (EUDR), which requires EU-based companies to ensure that their imports and exports are deforestation-free and are not tainted by being linked to human rights abuses. The regulation applies to seven commodities—wood, palm oil, soy, coffee, cocoa, rubber, and cattle—and many products derived from these commodities, such as leather in the case of cattle. To trim obligations for businesses, EU institutions have twice delayed the date by which companies have to start complying and amended the text. The deadline for compliance is now December.&nbsp;</p><p>The prospect of implementing the regulation has already prompted positive reforms in tropical forest countries. In Malaysian Borneo, for example, the state of Sarawak&nbsp;announced a moratorium in February 2025 on new permits for oil palm plantations, citing pressure from EU regulations and following a campaign by Human Rights Watch, Indigenous organizations SAVE Rivers and KERUAN, and the international groups Bruno Manser Fonds and Borneo Project.&nbsp;</p><p>In Brazil’s state of Pará, government officials&nbsp;told Human Rights Watch that their decision to pioneer the first individual cattle traceability system in the Brazilian Amazon was to get ahead of the European regulation requirements, as well as to anticipate similar requirements from Asian markets.</p><p>Some member states’ representatives, including from Austria, Germany, and Italy, had sought an amendment to the regulation to exclude jurisdictions with low deforestation rates. However, on May 4, the European Commission&nbsp;said it would not reopen the core text of the regulation for additional amendments. This is a positive development, and the European Council and Parliament should also commit to preserving the integrity of this milestone legislation and work promptly towards its robust implementation, Human Rights Watch said. Last year, the world lost 4.3 million hectares of tropical primary rainforest, an area roughly the size of Denmark, according to Global Forest Watch.</p><p>Also on May 4, the European Commission opened for public consultation a&nbsp;draft delegated act that would change the list of products covered by the regulation. The consultation is open through June 1. The draft, published following&nbsp;extensive public lobbying by&nbsp;leather industry groups, proposes to exclude leather. Excluding leather from the scope of the regulation would be inconsistent because it would mean that beef from cows raised on illegally deforested land would be excluded from the EU market but leather from those same cows would not be, Human Rights Watch said. The Commission&nbsp;should keep leather within scope of the regulation, the organization said.</p><p>In its October 2025 report “Tainted,” Human Rights Watch found that illegal cattle ranching has devastated the territories of small farmers and Indigenous peoples in Pará. Between 2020 and 2025, JBS, the world’s largest meat company, may have&nbsp;exported both beef and leather hides from cattle sourced from illegal ranches in this region to the European Union. JBS said in August 2025 that it would start tracking indirect suppliers in January 2026, but has not replied since to Human Rights Watch queries about implementation of its system. Italy is by far the&nbsp;largest importer of Brazilian hides in the EU. Italian policy makers and industry groups have also&nbsp;pressed for excluding leather.&nbsp;</p><p>“It would be absurd to exclude leather from an anti-deforestation law since most of the world’s deforestation is driven by cattle ranching and this industry also produces leather,” said Téllez Chávez. “This supply chain is plagued by allegations of&nbsp;violence against activists,&nbsp;encroachment on Indigenous territories and small-holders, and&nbsp;laundering of illegal assets.”</p>",
        "link": "https://www.hrw.org/news/2026/05/07/eu-protect-integrity-of-anti-deforestation-law",
        "severity": 2,
        "scraped_at": "2026-05-10T17:21:17.729758+00:00"
      }
    },
    {
      "type": "Feature",
      "geometry": {
        "type": "Point",
        "coordinates": [
          -1.6880314,
          12.0753083
        ]
      },
      "properties": {
        "id_hash": "318aa7189fc89ab93233a82df0f5395729d69a7370b2753ab981fbcdde35811c",
        "title": "Burkina Faso’s Junta Escalates Attack on Information",
        "summary": "Click to expand Image\n          \n\n\n\n  \n        \n  \n\n        \n                      \n      \n        \n              News studio of TV5Monde in Paris, April 9, 2015.\n                    © 2015 Geoffroy Van der Hasselt/Anadolu Agency/Getty Images  \n          \n    \n\n\n  \n<p>The military authorities in&nbsp;Burkina Faso are tightening their grip on what people can see, hear, and know.</p><p>On May 5, Burkina Faso’s media regulator&nbsp;ordered the suspension of French broadcaster TV5Monde, accusing it of “disinformation” and “apology of terrorism” in its reporting on Islamist armed groups in Burkina Faso and neighboring Mali. The action is the latest targeting the channel that was previously suspended twice in 2024 and remains off the air in Mali following similar allegations.</p><p>Reaching millions across more than 200 countries, TV5Monde is one of the most widely watched international channels on the continent. Its recent coverage has highlighted&nbsp;escalating insecurity in Mali following the April 25&nbsp;coordinated attacks by an Al Qaeda-linked armed group and separatist rebels, and&nbsp;grave violations by government security forces in Burkina Faso including&nbsp;Human Rights Watch findings of war crimes and crimes against humanity by all sides.</p><p>The ban is not an isolated act: it reflects a broader campaign by Burkina Faso’s military rulers to silence dissent. Since taking power in a&nbsp;2022 coup, the junta has suspended independent media outlets,&nbsp;dismantled civil society groups,&nbsp;curtailed political pluralism, and&nbsp;pursued legal action against critics. It has intimidated, unlawfully conscripted, forcibly disappeared, and arbitrarily detained journalists,&nbsp;political opponents,&nbsp;civil society members, and&nbsp;judges, shrinking the country’s civic space. The prominent investigative journalist Atiana Serge Oulon was&nbsp;forcibly disappeared in June 2024, allegedly&nbsp;tortured, and his whereabouts remain unknown.</p><p>Following this junta-created media vacuum, government control over public discourse and state-sponsored misinformation has surged. “Burkina Faso has become a propaganda machine,” said Alioune Tine, a renowned human rights activist who founded the think tank Afrikajom Center.&nbsp;</p><p>Pro-junta activists, including many organized in digital groups known as&nbsp;Rapid Communication Intervention Battalions, are flooding social media platforms with coordinated messaging that promotes a cult of personality around President Ibrahim Traoré, discredits critics, attacks perceived enemies, and seeks to undermine human rights organizations. Their messages often&nbsp;spread hate and violence and inflame ethnic tensions, particularly through&nbsp;widespread anti-Fulani rhetoric that falsely equates an entire community with Islamist armed groups,&nbsp;inciting hostility&nbsp;against Fulani people.</p><p>Burkinabè people have the right to receive information. Burkina Faso’s leaders should reverse the ban on TV5Monde, end the crackdown on independent media, and uphold the right to freedom of expression.&nbsp;</p>",
        "link": "https://www.hrw.org/news/2026/05/06/burkina-fasos-junta-escalates-attack-on-information",
        "severity": 4,
        "scraped_at": "2026-05-10T17:21:19.169273+00:00"
      }
    },
    {
      "type": "Feature",
      "geometry": {
        "type": "Point",
        "coordinates": [
          37.2335076,
          19.6344687
        ]
      },
      "properties": {
        "id_hash": "90326679779ed74278e959e7a5d21a7344687ff9c8c6510e08e87f48fdcccc19",
        "title": "Civilians Starving in South Sudan’s Conflict Areas",
        "summary": "Click to expand Image\n          \n\n\n\n  \n        \n  \n\n        \n                      \n      \n        \n              A worker sits atop sacks of food aid in a hangar where supplies are piling up because deliveries have halted because of the conflict at a World Food Programme (WFP) warehouse in Bor, Jonglei State, on February 13, 2026.\n                    © 2026 Luis Tato/AFP via Getty Images\n          \n    \n\n\n  \n<p>The latest&nbsp;Integrated Food Security Phase Classification&nbsp;report on South Sudan offers a damning indictment of the immense suffering to civilians caused by the country’s warring parties. The report, issued on April 28, warns that the situation is worse than anticipated, with 7.8 million people in desperate need of food aid.&nbsp;</p><p>It notes that 73,000 people are facing starvation and death in Upper Nile and Jonglei states, where fighting between government forces and the Sudan People’s Liberation Army in Opposition&nbsp;has escalated since 2025. Parts of both states are also at risk of famine. &nbsp;</p><p>Malnutrition rates in children paint a brutal picture. Around 2.2 million children under five, including in&nbsp;Abiemnhom, are&nbsp;projected to be acutely malnourished; without urgent nutrition treatment, these children are at risk of lifelong physical and cognitive harm or death from starvation. Journalists hoping to shed light on the stories behind these numbers recently shared with Human Rights Watch photos of malnourished children from Akobo, Jonglei state.</p><p>The humanitarian crisis is driven by the warring parties’ actions.&nbsp;</p><p>Both sides have reportedly committed unlawful&nbsp;killings, sexual assault including&nbsp;rapes of civilians, as well as&nbsp;looted and&nbsp;burned civilian property. Government bombardments have hit crucial infrastructure, notably&nbsp;hospitals.&nbsp;</p><p>Since late 2025, the military have issued&nbsp;multiple evacuation orders across Upper Nile and Jonglei states, several of which are unlawful in their sweeping scope, while the opposition has issued at least three. On March 6, the military ordered civilians, UN personnel, and aid organizations to evacuate Akobo County, including Akobo town, forcing aid groups and many of the 270,000 people in the area to flee.&nbsp;</p><p>These orders have been accompanied by&nbsp;deliberate steps by the government to block access to aid in opposition-controlled areas, along with coercive administrative measures. &nbsp;</p><p>South Sudan’s partners have&nbsp;increasingly&nbsp;condemned the government’s actions, but those condemnations need to be accompanied by sanctions against those deliberately obstructing aid as well as increased financial support for aid. UN Security Council members should warn both South Sudan’s government and opposition that if they don’t allow civilians immediate and safe access to aid, they would consider sanctions or other&nbsp;accountability measures in response.</p><p>South Sudan’s leaders and opposition should remember that obstructing aid, enabling a famine, and targeting civilians with violence could be prosecuted as international crimes, and that they can and will be held to account.</p>",
        "link": "https://www.hrw.org/news/2026/05/06/civilians-starving-in-south-sudans-conflict-areas",
        "severity": 2,
        "scraped_at": "2026-05-10T17:21:20.559068+00:00"
      }
    },
    {
      "type": "Feature",
      "geometry": {
        "type": "Point",
        "coordinates": [
          -79.3623306,
          33.5375762
        ]
      },
      "properties": {
        "id_hash": "161c2ec28f77e249fcf1460900e1dd605755803f78ae18a39dce1cfd76c1cebf",
        "title": "US Seeks to Lift Sanctions on Eritrea",
        "summary": "Click to expand Image\n          \n\n\n\n  \n        \n  \n\n        \n                      \n      \n        \n              A  tank, allegedly belonging to the Eritrean army, abandoned along a road in Dansa, southwest of Mekele in Tigray, Ethiopia, June 20, 2021.\n                    © 2021 Yasuyoshi Chiba/AFP via Getty Images\n          \n    \n\n\n  \n<p>Reports emerged in April that the US government was considering resetting diplomatic ties with Eritrea. Doing so could include lifting&nbsp;sanctions the United States imposed on the country’s ruling party and military in 2021 for committing&nbsp;serious abuses during the&nbsp;armed conflict in neighboring Ethiopia’s Tigray region.&nbsp;</p><p>Easing sanctions now—in the absence of accountability for grave violations both in Eritrea and in Ethiopia’s Tigray region, and clear human rights benchmarks—would signal tolerance for unchecked abuses in the future.&nbsp;</p><p>Eritrea, which sits along the Red Sea corridor, has taken on increased importance amid the escalating conflict in the Middle East and threats from the Houthi armed group in Yemen to shut down maritime traffic along the Red Sea. The United States is not alone in their move. The European Union and Canada have cautiously explored engagement, often tied to development or migration-related concerns. Yet, transactional diplomacy that ignores human rights abuses risks further entrenching impunity for decades of widespread violations.</p><p>Since 1993, Eritrea’s President Isaias Afwerki has maintained one of the most repressive governments in the world. Its policy of indefinite national service, continues to trap generations of Eritreans in abusive conditions amounting to forced labor, while punishing draft evaders and their families. The government has dismantled independent media and has detained many Eritreans—notably perceived critics, religious leaders, and journalists—incommunicado without due process, often for years or decades. This year marks 25 years since Eritrea locked up 11 government officials and 10 journalists who publicly called for basic reforms.&nbsp;</p><p>In Ethiopia’s Tigray region, Eritrean forces committed massacres, widespread sexual violence, abductions, and pillage during the conflict from 2020 to 2022. Still today, Eritrean forces commit abuses in parts of Tigray they occupy.</p><p>The United States should not consider lifting sanctions until Eritrea has taken major steps toward accountability for violations and demonstrated a clear break from abusive past and present practices. All countries should&nbsp;support renewing the United Nations&nbsp;Human Rights Council’s special rapporteur on Eritrea in July, which is one of the few tools available to document the abuses by Eritrean officials and forces, and to one day offer hope to the victims and their families for accountability.</p>",
        "link": "https://www.hrw.org/news/2026/05/06/us-seeks-to-lift-sanctions-on-eritrea",
        "severity": 4,
        "scraped_at": "2026-05-10T17:21:21.954923+00:00"
      }
    },
    {
      "type": "Feature",
      "geometry": {
        "type": "Point",
        "coordinates": [
          -90.0660442,
          29.9557088
        ]
      },
      "properties": {
        "id_hash": "3acc29564b5784be205c0c2feb7b33a16592f3da83b922a7c219bce1176c0a73",
        "title": "US: Courts Consider Access to Mifepristone via Telehealth",
        "summary": "Click to expand Image\n          \n\n\n\n  \n        \n  \n\n        \n                      \n      \n        \n              Mifepristone at a Planned Parenthood clinic in Ames, lowa, US, July 18, 2024.\n                    © 2024 Charlie Neibergall/AP Photo \n          \n    \n\n\n  \n<p>The US Supreme Court paused on Monday an order by the country’s Fifth Circuit Court of Appeals that had inflicted a serious blow to abortion access nationwide. While the immediate danger was temporarily halted, the episode underscores a looming threat to abortion access posed by ongoing litigation in the United States.&nbsp;</p><p>On May 1, the Fifth Circuit Court ruled that abortion providers could not remotely prescribe mifepristone and mail it to patients until a lawsuit brought by the state of Louisiana is resolved. Mifepristone is a safe and effective medication widely used for abortion and miscarriage care which has been available via telehealth and mail in the United States since 2023. Providers briefly halted the&nbsp;shipment of medication until the Supreme Court intervened on Monday. The high court reinstated telehealth access to the medication until May 11, with plans to provide further guidance by that date.</p><p>Since the Supreme Court&nbsp;overturned the right to abortion in 2023, requests for abortion care via telehealth have&nbsp;doubled. A&nbsp;2026 report by the Guttmacher Institute found people in states with abortion bans increasingly access abortions via telehealth, often from providers based in other states with&nbsp;shield laws protecting those who assist with abortion services.&nbsp;</p><p>Women in the United States already face real&nbsp;health consequences, including preventable deaths, due to abortion care being denied or delayed. Ending telehealth provision would greatly worsen this crisis, especially for women and girls with limited&nbsp;financial resources, or with&nbsp;disabilities, and those living in states with abortion bans or in&nbsp;rural areas.</p><p>Louisiana, 1 of 13 US states with a complete abortion ban, brought the&nbsp;case against the Food and Drug Administration (FDA), arguing that allowing mifepristone to be mailed undermined the state’s ban. A district court had&nbsp;paused the case in April pending an FDA review.</p><p>Meanwhile, five additional states are pursuing two separate&nbsp;federal lawsuits challenging the use of mifepristone, despite more than two decades of safe use in the United States and nearly&nbsp;100 other countries.&nbsp;</p><p>The lower court ruling was a serious setback for reproductive rights in the United States; another blow in an ongoing&nbsp;series of attacks on autonomy and&nbsp;access to essential healthcare. The question of how much further reproductive rights will be rolled back in the Unites States is now before the courts.</p>",
        "link": "https://www.hrw.org/news/2026/05/05/us-courts-consider-access-to-mifepristone-via-telehealth",
        "severity": 2,
        "scraped_at": "2026-05-10T17:21:23.169107+00:00"
      }
    },
    {
      "type": "Feature",
      "geometry": {
        "type": "Point",
        "coordinates": [
          6.4416347,
          51.1785153
        ]
      },
      "properties": {
        "id_hash": "252aaf16d079f7b6f694356eb6f2eca2f579d90ec0286d63b4d6e22fe54ea96e",
        "title": "Georgia’s New Database Raises Serious Rights Concerns",
        "summary": "Click to expand Image\n          \n\n\n\n  \n        \n  \n\n        \n                      \n      \n        \n              The Parliament plenary session in Tbilisi, Georgia, December 17, 2025.\n                    © 2025 Parliament of Georgia \n          \n    \n\n\n  \n<p>Georgia’s new centralized health database law took effect on May 1, creating serious risks of privacy violations and discrimination, and potentially deterring people from seeking health care and mental health services.</p><p>Parliament adopted the&nbsp;legislative package on December 9, 2025, mandating the establishment of a unified database covering people with mental health conditions and those diagnosed with alcohol or drug dependence.</p><p>Framed as a tool to streamline licensing procedures and support law-enforcement, the law grants the Internal Affairs Ministry direct access to the database. Authorities can use the data to deny or revoke firearm licenses and, in certain domestic violence cases, to inform decisions on restraining orders or detention.&nbsp;</p><p>The law places particular emphasis on people enrolled in opioid substitution therapy. It provides that enrollment in substitution treatment, or an increase in dosage, automatically suspends a person’s driving privileges for two weeks.&nbsp;</p><p>Crucially, key safeguards have been left to secondary legislation that has yet to be made public. The law does not clearly define what data will be collected, how long it will be retained, who will have access, or how individuals can correct or delete their information.</p><p>The new framework significantly weakens patient confidentiality protections and threatens the right to health. Previously, individuals seeking voluntary, self-funded treatment for drug use could remain anonymous, with disclosure of their identity permitted only by court order. Under the new system, law enforcement may access such information without judicial oversight. The law also fails to clarify whether the database will include only substitution therapy or extend to all forms of substance use treatment and support.</p><p>These changes risk creating serious barriers to accessing care. Expanding law enforcement access to sensitive medical data, particularly without clear safeguards, can deter people from seeking services, especially for mental health or other stigmatized conditions.</p><p>Georgia’s public defender says that the&nbsp;amendments may conflict with constitutional protections, including the rights to privacy, equality, property, and freedom to work. They are also unlikely to be compatible with Georgia’s obligations under the European Convention on Human Rights and other international standards.</p><p>By enabling broad processing of highly sensitive personal data and expanding police access to medical histories, the database risks facilitating stigma, discrimination, and violations of multiple rights. Georgian authorities should suspend implementation of the database until robust, rights-respecting safeguards are adopted.</p>",
        "link": "https://www.hrw.org/news/2026/05/05/georgias-new-database-raises-serious-rights-concerns",
        "severity": 0,
        "scraped_at": "2026-05-10T17:21:24.265103+00:00"
      }
    },
    {
      "type": "Feature",
      "geometry": {
        "type": "Point",
        "coordinates": [
          143.196344,
          -22.0553923
        ]
      },
      "properties": {
        "id_hash": "376e50660f65de62b2835be1cae3e76895f374cd9c01d53a62885173b98197d2",
        "title": "Missed Opportunity on Tanzania Election Violence",
        "summary": "Click to expand Image\n          \n\n\n\n  \n        \n  \n\n        \n                      \n      \n        \n              Tanzania's President Samia Suluhu Hassan delivers remarks following the presentation of findings from a Commission of Inquiry organized by the Tanzanian government following unrest around the country's election, at the State House in Dar es Salaam on April 23, 2026.\n                    © 2026  Ericky Boniphace/AFP via Getty Images\n          \n    \n\n\n  \n<p>The commission established to investigate violence during and after Tanzania’s October 2025 general elections submitted its findings to President Samia Suluhu Hassan on April 23, but it missed an opportunity to establish the full truth and lay the foundation for accountability.</p><p>The commission chair, Mohamed Chande Othman, said the commission documented 518 deaths across 11 regions, noting that the figure may not be conclusive, and could not confirm media reports of mass graves. The full report has not been made public.</p><p>The commission reported allegations by victims and witnesses that security officers shot, injured, or killed people in their homes and shops. These findings are consistent with Human Rights Watch reporting that some people killed or injured by police officers were not involved in protests at all.  But Othman did not meaningfully assess the lawfulness of the security forces’ conduct or patterns of alleged unlawful use of force. He said this issue warrants further “investigation” but did not specify what such an inquiry would entail.</p><p>The commission made some positive recommendations, including ensuring access to free medical services for injured people left with disabilities and allocating resources for psychosocial or mental health support. It also recommended promoting mechanisms for the government to better address citizens’ concerns and strengthen the playing field for all political actors.</p><p>In response, President Hassan said the government would establish a body to investigate the alleged planning, coordinating, and financing of the protests. But she did not address the security forces’ conduct, despite the seriousness of allegations and expressions of concern by the African Commission on Human and Peoples’ Rights.&nbsp;</p><p>Tanzania’s international partners should make it clear that the Tanzanian authorities have not yet delivered a much-needed, thorough investigation into the role of the security forces in the election-related violence and should maintain pressure on the authorities to deliver justice and accountability.</p><p>Any forthcoming investigations should explicitly investigate the role of security forces and reports of mass graves, operate independently and transparently, and include international or regional expertise to strengthen public trust. More immediately, the government should&nbsp;make&nbsp;the commission’s full report public.</p>",
        "link": "https://www.hrw.org/news/2026/05/05/missed-opportunity-on-tanzania-election-violence",
        "severity": 4,
        "scraped_at": "2026-05-10T17:21:25.682644+00:00"
      }
    },
    {
      "type": "Feature",
      "geometry": {
        "type": "Point",
        "coordinates": [
          -66.5897,
          6.4238
        ]
      },
      "properties": {
        "id_hash": "8a5932c76b0c219cbcc2913948dcd4c7bff93d4f402b2c92e795ca489efcd80e",
        "title": "Unaccompanied and Unrepresented",
        "summary": "Click to expand Image\n          \n\n\n\n  \n        \n  \n\n        \n                      \n      \n        \n              A child from Guatemala holds his stuffed monkey as he waits inside Miami International Airport to leave the United States and reunite with his recently deported parents in Guatemala, in Miami, Florida, December 4, 2025.\n                    © 2025 Chandan Khanna/AFP via Getty Images\n          \n    \n\n\n  \n<p>Wilfredo, a 10-year-old child from Venezuela, appeared in immigration court on his own two weeks ago, forced to fight his deportation to Ecuador while his mother remained imprisoned in an ICE facility. Like&nbsp;thousands of children in removal proceedings, Wilfredo does not have an attorney.</p><p>“I was afraid because it was my first time ever going to a court,”&nbsp;he told Univision.</p><p>The Trump administration manufactured a new wave of chaos for children in immigration proceedings in February 2025 by&nbsp;ordering nonprofit legal service providers to halt work that was previously funded under federal contracts. This move had the effect of suspending the&nbsp;Unaccompanied Children Program, a program that provided legal representation to over 26,000 children in US immigration proceedings.&nbsp;</p><p>In January, three independent United Nations experts&nbsp;expressed alarm at the administration’s move and asserted: “Denying children their rights to legal representation and forcing them to navigate complex immigration proceedings without legal counsel is a serious violation of the rights of children.”&nbsp;</p><p>The US Department of Homeland Security (DHS) initiated deportation proceedings against Wilfredo, who is from Venezuela, on March 25, 2026. Wilfredo and his mother had a pending asylum application and had permission to live in the United States pending a decision on their asylum applications.&nbsp;</p><p>Without legal representation, children are left to face complex, high-stakes immigration proceedings alone&nbsp;and are substantially more likely to be ordered deported. The consequences of deportation for a child&nbsp;can be devastating. This risk is particularly salient when DHS attempts to expel children to third countries without their parents and where they have no family or guardians.</p><p>The United States should reverse its February 2025 order to help ensure due process for unaccompanied migrant children in removal proceedings.</p>",
        "link": "https://www.hrw.org/news/2026/05/05/unaccompanied-and-unrepresented",
        "severity": 0,
        "scraped_at": "2026-05-10T17:21:25.682901+00:00"
      }
    },
    {
      "type": "Feature",
      "geometry": {
        "type": "Point",
        "coordinates": [
          34.8516,
          31.0461
        ]
      },
      "properties": {
        "id_hash": "dbac0dbceb9ab6540f03e45180704e94a0dedf494465237beeece9ee6495068e",
        "title": "Sweden: Parties Should State Position on Israel, Palestine",
        "summary": "Click to expand Image\n          \n\n\n\n  \n        \n  \n\n        \n                      \n      \n        \n              A member of the UN checks on the destruction at a school run by the UN Relief and Works Agency for Palestine Refugees (UNRWA) that was previously hit by Israeli bombardment, in the Nuseirat camp in the central Gaza Strip on July 15, 2024.&nbsp;\n                    © 2024 Majdi Fathi/NurPhoto via AP\n          \n    \n\n\n  \n<p>(Stockholm) – Sweden’s political parties should clarify their positions in advance of the September 2026 general election on how they intend to implement international court rulings on Israel and Palestine, seven civil society organizations said in a&nbsp;questionnaire sent to political groups. The organizations expressed concern over Israel’s breaches of human rights and the laws of war, which continue to cause immense suffering and destruction in the Occupied Palestinian Territory,&nbsp;Lebanon, and the broader region.</p><p>The questionnaire is a joint initiative by Act Church of Sweden, Amnesty Sweden, Diakonia, Swedish Fellowship of Reconciliation, The Swedish Peace and Arbitration Society, Human Rights Watch, and Oxfam Sweden.</p><p>“There is broad political consensus in Sweden that international law should be respected, but little has been done to ensure that Israeli authorities comply with it”, said&nbsp;Måns Molander, Nordic director at Human Rights Watch. “We are now asking parties to clarify how they intend to translate that principle into concrete action, so that people can make informed choices when they go to the polls.”</p><p>The questionnaire is grounded in three landmark international legal developments:</p>The International Court of Justice (ICJ)&nbsp;advisory opinion of July 2024, which found Israel’s occupation of Palestinian territory to be illegal under international law and marred by serious abuses, including apartheid, laying out obligations for all states to ensure Israel’s compliance;The&nbsp;ICJ’s advisory opinion of October 2025, which affirmed Israel’s “‘unconditional” obligation to allow humanitarian aid into Gaza, and dismissed allegations against the United Nations Relief and Works Agency (UNRWA), the main UN relief agency providing basic services to Palestinians, as baseless;The&nbsp;November 2024 arrest warrants issued by the International Criminal Court (ICC) for Israeli Prime Minister Benjamin Netanyahu and former Defense Minister Yoav Gallant for war crimes and crimes against humanity in Gaza.<p>The ICJ’s July 2024 advisory opinion found Israel’s occupation to be illegal, and said that Israel should cease all new settlement activity and dismantle existing settlements. The Israeli government has done the opposite. Earlier in April, the Israeli cabinet&nbsp;approved 34 new settlements in the occupied West Bank: the highest number ever approved at one time. The current government has approved 103 settlements since it took office in 2022,&nbsp;nearly doubling the number of illegal settlements in the West Bank.</p><p>The court also made clear that all countries are obligated to bar aid or assistance to Israel’s occupation, including by banning trade with illegal settlements.&nbsp;Spain has already introduced a national ban while&nbsp;Ireland,&nbsp;the Netherlands, Slovenia, and&nbsp;Belgium&nbsp;have committed to follow suit. However, the EU and Sweden have failed to act, allowing businesses to continue profiting from or contributing to ethnic cleansing and apartheid.</p><p>In April, the Swedish government presented a proposal for the EU to increase tariffs on imports from settlements, but that wouldn’t satisfy the obligation to “take steps to prevent trade or investment relations that assist in the maintenance of the illegal situation created by Israel in the [OPT],” as laid out by the court. A&nbsp;complete ban is needed.</p><p>Sweden was&nbsp;one of the largest and most long-term core donors to UNRWA, but ended its funding in&nbsp;December 2024 and has not reinstated it, unlike the&nbsp;other regular donors, which reinstated support during 2024. Sweden has cited concerns regarding the organization’s operational ability in light of Israel’s decision to ban it from operating in the Occupied Palestinian Territory, and allegations against the organization that were dismissed as unfounded by the court’s advisory opinion in October 2025.</p><p>Since February 2025,&nbsp;seeking to shield US and Israeli officials from facing ICC charges, the US government has used an executive order to impose&nbsp;sanctions on the ICC prosecutor, the two deputy prosecutors, eight ICC judges, the United Nations special rapporteur on the situation of human rights in the Palestinian Territory occupied since 1967, and three leading Palestinian human rights organizations: Al-Haq, Al Mezan Center for Human Rights, and the Palestinian Center for Human Rights.</p><p>“Support for the rules-based international order should also require ICC members, including Sweden, to show they are steadfast in their own obligations under the Rome Statute,” Molander said. “This should include affirming Sweden’s commitment to enforce all ICC arrest warrants, including those issued against Netanyahu and Gallant.</p>",
        "link": "https://www.hrw.org/news/2026/05/05/sweden-parties-should-state-position-on-israel-palestine",
        "severity": 2,
        "scraped_at": "2026-05-10T17:21:25.683244+00:00"
      }
    },
    {
      "type": "Feature",
      "geometry": {
        "type": "Point",
        "coordinates": [
          -98.5795,
          39.8283
        ]
      },
      "properties": {
        "id_hash": "50b1f50ca420970433d775202643a6ee5fb5c53e84d47307a9541adf62fadbbf",
        "title": "Malaysia: New Refugee Registration System Raises Concerns",
        "summary": "Click to expand Image\n          \n\n\n\n  \n        \n  \n\n        \n                      \n      \n        \n              People walk inside an immigration detention center in Kuala Lumpur, Malaysia, February 23, 2023.\n                    © 2023 Hasnoor Hussain/Reuters\n          \n    \n\n\n  \n<p>(Bangkok) – The&nbsp;Malaysian government began a refugee registration system in January 2026 that has raised protection, rights, and privacy concerns for the hundreds of thousands of refugees and asylum seekers in the country, Human Rights Watch said today. The new initiative, Dokumen Pendaftaran Pelarian (Refugee Registration Document, DPP), aims to replace the current registration system managed by the United Nations High Commissioner for Refugees (UNHCR).</p><p>The new system comes amid Malaysia’s intensified enforcement of its immigration laws, including frequent raids and indefinite detention, as well as longstanding public hostility toward migrants and UNHCR. Refugees and migrants described living in precarious circumstances, under fear of surveillance, arrest, deportation, and exploitation.</p><p>“Malaysia’s new registration system lacks adequate safeguards for privacy and refugee rights, allowing increased surveillance and control of people who have been forced to flee their homelands,” said&nbsp;Shayna Bauchner, Asia researcher at Human Rights Watch. “The Malaysian authorities should work with the UN refugee agency to improve procedures for asylum seekers.”</p><p>In July 2025, Malaysia’s Home Ministry&nbsp;announced an initiative to improve data about refugees as mandated by the National Security Council. Officials have stated that prioritizing national security and working to curb fake documentation became paramount in the face of recent cuts to third-country resettlement, particularly by the US.&nbsp;</p><p>More than 210,000 refugees and asylum seekers&nbsp;are registered with UNHCR, about 190,000 of them from&nbsp;Myanmar, including 125,000 ethnic Rohingya. The remainder are from 50 other countries, including Pakistan, Yemen, Syria, Afghanistan, and Palestine.&nbsp;</p><p>For decades, UNHCR has processed asylum requests in Malaysia and provided successful applicants with cards recognizing them as refugees, but the cards do not grant legal status.&nbsp;</p><p>Myanmar refugees living in Malaysia said the growing raids and arrests have come to define their daily lives. “I live in fear,” said a Myanmar activist in Kuala Lumpur. “They’ll arrest anyone. They detain people with UNHCR cards. They say, ‘The card is just a card, we can break it any time we want.’”</p><p>Malaysia lacks a legal framework for determining refugee status and providing recognition and protection to asylum seekers, and has not ratified the 1951 UN Refugee Convention or its 1967 Protocol. Malaysian law makes all irregular entry and stay in the country a&nbsp;criminal offense.</p><p>The new registration system, developed by MIMOS Berhad, Malaysia’s national applied research and development center,&nbsp;will collect biometrics and other information for a comprehensive refugee database. In January, in response to a&nbsp;question in parliament, Home Minister Saifuddin Nasution Ismail said that the Refugee Registration Document will be the sole mechanism for managing refugees and their only recognized documentation, while UNHCR’s role will be limited to resettlement.&nbsp;</p><p>Malaysian authorities have not indicated whether the DPP system will comply with&nbsp;basic standards for refugee status determination, such as nondiscrimination, criteria grounded in international law, procedural integrity, strict confidentiality, data protection, and access to appeal, Human Rights Watch said.</p><p>Human Rights Watch&nbsp;wrote the Home Affairs Ministry about the DPP system on April 21 but did not receive a reply.</p><p>The registration program is being launched as part of Malaysia’s National Security Council (MKN) Directive No. 23, an unpublished policy that allows refugees registered with UNHCR to stay in Malaysia on humanitarian grounds. The government revised the policy in 2023 ostensibly to grant refugees the right to work. Its confidentiality, however, has reinforced uncertainty around its content and implementation. SUHAKAM, Malaysia’s human rights commission,&nbsp;called the “inexplicably” private directive “a too late and too little approach,” rather than a sustainable and rights-based solution for refugees.</p><p>The authorities should make Directive No. 23 public and suspend the DPP program until a legal framework for refugee protection is in place, with transparency and international safeguards, Human Rights Watch said.</p><p>In January, the authorities&nbsp;began rolling out the registration program for Rohingya refugees in immigration detention centers. The first group was moved to a processing center in Bidor, Perak, for interviews. Two refugee registration committees will review interview findings to determine their refugee status. “Only individuals confirmed as refugees by the refugee registration committee will be issued an identity document known as the Refugee Registration Document,” the home minister&nbsp;said.&nbsp;</p><p>About 21,000 migrants, refugees, and asylum seekers&nbsp;are held in immigration detention centers, with no legal limit on the length of immigration detention. The government has denied UNHCR access to immigration detention centers since 2019, leaving the agency unable to review asylum claims or protect detainees registered as refugees.</p><p>DPP cards will allow refugees to stay in Malaysia “while awaiting resettlement,”&nbsp;according to the immigration director-general. But only 1,970 refugees&nbsp;were resettled from Malaysia in 2025, down from 8,627 in 2024 following the US government’s refugee ban.</p><p>The Malaysian government&nbsp;previously attempted to introduce a registration system for refugees in 2022, the Tracking Refugees Information System (TRIS), which granted MyRC ID cards. Refugees told Human Rights Watch they were pushed to register with the promise of being able to work and live legally, but that MyRC cardholders continued to be arrested and deported.&nbsp;</p><p>Anti-migrant policies and practices as well as xenophobic rhetoric have been on the rise in Malaysia since the Covid-19 pandemic, with surging raids, arrests, and&nbsp;summary deportation. Malaysian authorities&nbsp;arrested about 92,000 irregular migrants in 2025 compared with 12,000&nbsp;in 2021.&nbsp;</p><p>Officials&nbsp;called 2025 the “year of enforcement,” carrying out frequent large-scale raids on migrant workplaces and residences alongside a “migrant repatriation program,” and stated that operations on “hot spots”&nbsp;would intensify in 2026. Police, immigration, and customs officers possess broad powers to search, arrest, and interrogate people.</p><p>The recent crackdown is in part a response to growing numbers of Myanmar nationals who have fled to Malaysia since the February 2021&nbsp;military coup, among the millions who&nbsp;have escaped to neighboring countries.</p><p>Many undocumented migrants limit their movement and outside contacts. One activist cut back her work supporting other Myanmar nationals facing arrest or medical crises after receiving suspicious requests for help that she believed to be setups for arrest or harassment.&nbsp;</p><p>Reports of extortion and threats against refugees are also growing. The authorities demand bribes from refugees to avoid arrest during raids or to get released before being deported or sent to an immigration detention center. Refugee community leaders told Human Rights Watch that amounts range from 100 to 7,000 ringgit (US$25 to $1,750). Refugees’ lack of legal status leaves them vulnerable to scams, forced and unpaid labor, exploitation, and sexual assault.&nbsp;</p><p>Several refugees said they were either unaware or uncertain about the DPP system. “It doesn’t seem safe,” said one who had read about it online. “It doesn’t seem legitimate.”&nbsp;</p><p>The&nbsp;principles of data protection require informing people about what personal data is collected, by whom, why, for how long it will be held, and what measures have been taken to keep it safe. Malaysia should make clear how its collection of biometric data will comply with these data protection safeguards.&nbsp;</p><p>Malaysia should ratify the 1951 Refugee Convention and its 1967 Protocol, pass refugee legislation consistent with the convention, and establish safe and fair asylum procedures and access to basic rights, Human Rights Watch said. It should amend the Immigration Act and relevant legislation to remove criminal penalties for irregular entry and stay and other abusive practices toward refugees and migrants.&nbsp;</p><p>Canada, Australia, and other countries should increase resettlement opportunities for refugees in Malaysia, as well as creating pathways for alternative visas to work or study.</p><p>“As long as it’s not safe for refugees to return home, Malaysia should ensure they can work, go to school, and move freely,” Bauchner said. “Until the government does this, no state-run registration system will be able to provide genuine protection.”</p>",
        "link": "https://www.hrw.org/news/2026/05/04/malaysia-new-refugee-registration-system-raises-concerns",
        "severity": 2,
        "scraped_at": "2026-05-10T17:21:25.683727+00:00"
      }
    },
    {
      "type": "Feature",
      "geometry": {
        "type": "Point",
        "coordinates": [
          104.1954,
          35.8617
        ]
      },
      "properties": {
        "id_hash": "bf2299fd789b195a88518832f6f37fe4205e06d87c0a9e635c982d1437cfc4d1",
        "title": "China: ‘Harmonization Plan’ Erasing Tibetan Language",
        "summary": "Click to expand Image\n          \n\n\n\n  \n        \n  \n\n        \n                      \n      \n        \n              A security guard outside the Shangri-La Key School in Kardze Tibetan Autonomous Prefecture, Sichuan province, China, September 5, 2023.&nbsp;\n                    © 2023 AP Photo/Andy Wong\n          \n    \n\n\n  \nA 2021 Ministry of Education directive—the Children’s Speech Harmonization plan—mandates the use of standard Mandarin Chinese for all preschool instruction and care, including in ethnic minority areas.By severely limiting Tibetan-language education in early childhood, and imposing ideological indoctrination on kindergarten children, the Chinese government is speeding up its erasure of Tibetan language and culture.The Chinese government should end political indoctrination in early childhood and ensure that Tibetan children are able to learn and use Tibetan in kindergartens. Foreign governments should press the Chinese government to free detained advocates of Tibetan language and allow independent access to Tibetan areas.<p>(New York) – The&nbsp;Chinese government is imposing Chinese-medium education and ideological indoctrination on kindergarten children in its efforts to force Tibetans to assimilate, Human Rights Watch said in a report released today.</p><p>The 72-page report, “Start with the Youngest Children: China Uses Preschools to ‘Integrate’ Tibetans,” documents that a 2021 Ministry of Education directive—the Children’s Speech Harmonization plan—mandates the use of standard Mandarin Chinese for all preschool instruction in ethnic minority areas. While the kindergartens in theory can still offer supplementary sessions for minority children in their own language, minorities no longer have the legal authority to do so. By severely limiting Tibetan-language education in early childhood, a stage critical for language acquisition and identity formation, the Chinese government is speeding up its erasure of Tibetan language and culture.</p>  \n\n\n\n      \n  \n\n\n\n            \n        \n                        \n      \n          \n      \n        \n    \n      May 4, 2026\n            \n        “Start with the Youngest Children”\n\n      \n      <p class=\"media-related__subtitle text-gray-700 text-lg font-serif font-normal leading-snug py-2\">China’s Use of Preschools to “Integrate” Tibetans</p>\n    \n          \n                  \n            \n              \n\n\n\n  \n        \n  \n\n\n              <p class=\"media-related__item-title font-semibold text-sm pl-4\">Download the full report in English</p>\n            \n          \n                  \n            \n              \n\n\n\n  \n        \n  \n\n\n              <p class=\"media-related__item-title font-semibold text-sm pl-4\">Appendix: Human Rights Watch Letter to the Chinese Government</p>\n            \n          \n              \n      \n\n\n  \n<p>“The Chinese government, by targeting kindergarteners, is accelerating its campaign to deprive Tibetan children of their mother tongue and their culture and identity,” said&nbsp;Maya Wang, deputy Asia director at Human Rights Watch. “This policy is not about education quality, but about forcibly assimilating Tibetans at an early age into a Han-centric national identity.”</p><p>The report is based on an analysis of Chinese laws and policy documents, and academic and media sources. Human Rights Watch also interviewed seven Tibetans and scholars with recent, direct knowledge of conditions in Tibetan areas, where access is extremely restricted.</p><p>Human Rights Watch found that many Tibetan children emerge from preschool unable or unwilling to speak Tibetan, even with family members. Parents reported that within weeks or months of starting kindergarten, children switch almost entirely to Chinese.</p><p>The 2021 Harmonization Plan is the culmination of&nbsp;decades-long policy shifts reducing mother-tongue education for minorities. Since the 1984 Regional National Autonomy Law, China has moved in five stages to mandatory Chinese-instruction at progressively younger ages. While this process had been completed in primary and secondary schools, kindergartens were long the last setting where Tibetan could still be used as a main language of instruction.</p><p>In 2021, the Education Ministry ordered all kindergartens in minority areas to use the “national common language,” or standard Chinese, for all teaching and care activities. Official references to “bilingual education” disappeared from policy documents. A series of legal rulings, education laws, and government policies eliminated remaining legal and policy space for minority language education while embedding political and cultural indoctrination throughout the school system, including at the preschool level. This culminated in the 2026 Law on Promoting Ethnic Unity and Progress, which imposes legal penalties for anyone deemed to “obstruct” the learning and use of Chinese.&nbsp;</p><p>Although preschool is not compulsory in China, Human Rights Watch found that in Tibetan areas it has become obligatory in practice. Primary schools in urban areas increasingly require proof of kindergarten attendance for enrollment, leaving parents little choice but to send their children to Chinese-language preschools.</p><p>The authorities also require kindergartens to encourage or pressure parents and children to speak Chinese in their homes and to submit videos of them doing so. Government-appointed examiners have tested preschoolers’ Mandarin skills through interviews and observation, despite regulations that prohibit examinations and other academic pressure in kindergartens.</p><p>The language policy is paired with intensified political and cultural indoctrination. Preschool curriculums in Tibetan areas increasingly emphasize “patriotic education,” loyalty to the Chinese Communist Party, and identification as members of the “Chinese nation.” Children are taught to celebrate Han Chinese festivals, recite Chinese classics, sing patriotic songs, and participate in activities glorifying the military and revolutionary history. Tibetan Buddhism and Tibetan cultural practices—core elements of cultural and ethnic identities—are absent from the curriculum.</p><p>The accelerating language loss among ever younger Tibetans has profound cultural consequences, Human Rights Watch said. These include weakening communication between children and elders, altering family dynamics, reduced transmission of religious and cultural knowledge, and the growing perception among children that Tibetan language and identity are inferior.</p><p>China’s policies contravene its obligations under international human rights law, including the United Nations Convention on the Rights of the Child, which guarantees children belonging to minorities the right to use their own language and obligates states to ensure education respects children’s cultural identity.</p><p>The Chinese government should reverse policies that mandate Chinese-medium education in preschools, restore genuine bilingual education options, and end political indoctrination in early childhood settings, Human Rights Watch said. Foreign governments and the UN should also press the Chinese government to comply with its international obligations and to allow independent access to Tibetan areas and schools.</p><p>“Language loss on the scale taking place in Tibet is not accidental – it is Chinese government policy,” Wang said. “Unless China’s practices change, an entire generation of Tibetan children will grow up cut off from their own language, culture, and heritage.”</p><p>Selected Quotes:</p><p>“Education must penetrate the blood and reach into the soul; it must be grasped from an early age, starting in kindergarten.&nbsp;We must do a good job with patriotic education, planting the seeds of love for China deep in every child’s heart, and ensuring that the core socialist values take root and grow in the minds of the next generation. All ethnic groups must teach children to develop a sense of belonging to the Chinese nation, so they do not only identify with their own ethnicity, but first and foremost recognize themselves as part of the Chinese nation.”&nbsp;</p><p>– Chinese Communist Party General Secretary Xi Jinping, in a&nbsp;speech at the Central Nationalities Work Conference on September 28, 2014.</p><p>“This is not only about not teaching the Tibetan language. … It is carefully done to manage the way children think and believe.… The problem is that the kindergarten platform is designed in favor of the Han Chinese nationality - the way you talk, the topic, how to recognize objects, any knowledge that is introduced. Not even a whiff of the Tibetan way of thinking is there. The result is that when the children come out of kindergarten at age 6, even if both parents are Tibetan, the children think that they are Chinese.… In a decade or two, maybe the culture will die, and be only in a museum.”&nbsp;</p><p>– Tibetan official involved in cultural policy implementation, interviewed by Human Rights Watch in mid-2025.</p><p>“Even though she is still able to understand it [Tibetan], she only answers in Chinese. After some time, she managed to give me some simple (single word) answers in Tibetan, but it was obvious she was making a great effort to do so…. There are two preschools in the town, and the mother chose the one where Tibetan language is not completely banned: the children are only spoken to in Chinese, but they are allowed to speak Tibetan in the playground.”&nbsp;</p><p>– Scholar who specializes in linguistics, interviewed in writing by Human Rights Watch on March 5 and 6, 2025.</p><p>“All kids below 10 speak Chinese to each other. They do not speak Tibetan to each other. If you force them to, they speak Tibetan, but how well depends on the parents. It’s a lost cause – and it’s happened in one generation.”&nbsp;</p><p>– Tibetan Studies scholar, interviewed by Human Rights Watch via text message on October 10, 2025.</p>",
        "link": "https://www.hrw.org/news/2026/05/04/china-harmonization-plan-erasing-tibetan-language",
        "severity": 0,
        "scraped_at": "2026-05-10T17:21:25.684355+00:00"
      }
    },
    {
      "type": "Feature",
      "geometry": {
        "type": "Point",
        "coordinates": [
          -98.5795,
          39.8283
        ]
      },
      "properties": {
        "id_hash": "eb5e9ad817c020c722df876b72d86311674fee7e21a2c7743326f4f68e159033",
        "title": "Zambia: Summit on Human Rights, Technology Effectively Canceled",
        "summary": "Click to expand Image\n          \n\n\n\n  \n        \n  \n\n        \n                      \n      \n        \n              Zambia’s President Hakainde Hichilema speaks at a high-level meeting in Angola, December 4, 2024.\n                    © 2024 Ben Curtis/AP Photo \n          \n    \n\n\n  \n<p>(Johannesburg) – The Zambian government’s decision to postpone RightsCon 2026, effectively canceling the summit, raises concerns about the authorities’ commitment to free expression and assembly and about possible Chinese government interference, Human Rights Watch said today. The 14th edition of RightsCon was scheduled to be held in Lusaka, Zambia’s capital, from May 5 to 8, 2026.</p><p>In an April 29 statement, the Zambian government said that the postponement was “necessitated by the need for comprehensive disclosure […] relating to key thematic issues proposed for discussion during the Summit.” The technology and science minister had earlier said that the postponement was to allow for “pending administrative and security clearances” of some speakers. As a result, the RightsCon organizers, Access Now, announced on April 29 that “we do not recommend registered participants travel to Lusaka for RightsCon.”</p><p>“The Zambia government’s flimsy reasons for postponing RightsCon suggest that the government wanted to control the summit’s human rights agenda,” said Idriss Ali Nassah, senior Africa researcher at Human Rights Watch. “The authorities should fully explain the last-minute cancellation, which is a serious loss for the promotion of human rights.”</p><p>Civil society groups have criticized the action. A statement by the Net Rights Coalition and more than 130 digital rights stakeholders said that the postponement and effective cancellation of the event raises concerns about closing the civic space in Zambia.</p><p>RightsCon is a leading summit on human rights and technology, where discussions center on building strategies toward a more free, open, and connected digital world. Human Rights Watch staff members were planning to speak at several sessions, including on protecting core internet functions in situations of conflict, the export of surveillance technology, corporate accountability, and the ethics of using technology in human rights research.</p><p>“By shutting down RightsCon, the Zambian government is shutting down discussions and opportunities to strategize and connect on some of the most crucial human rights issues of our time,” said Deborah Brown, technology and rights deputy director at Human Rights Watch. “It’s a terrible blow to the digital rights movement in Zambia and globally.”</p><p>In 2023, over 300 participants, predominantly from the Global South, who applied for visa-on-arrival, were denied entry and excluded from participating in the RightsCon event in Costa Rica. In 2024, the United Nations Internet Governance Forum was hosted by Saudi Arabia, which discouraged meaningful civil society participation due to fears of surveillance, harassment, and reprisals, and resulted in censorship of human rights discussions.</p><p>A leading Zambian academic, Sishuwa Sishuwa, told Human Rights Watch that Zambian authorities may have been worried that delegates to the summit, mostly human rights activists, “would have put the country under scrutiny” for its human rights record. He said that “Zambia has seen severe restrictions on the rights to peaceful assembly, free speech, and freedom of association, the arrests of government critics and political opponents on a variety of charges such as criminal libel, sedition, unlawful assembly, and the broadly expanded laws on hate speech. These themes would have been discussed at the summit, weeks before the start of the official campaign for the August general election.”</p><p>In April 2025, the Zambian Parliament enacted the Cyber Security Act and the Cyber Crimes Act. Zambian civil society organizations contended that some provisions of the laws did not adhere to international human rights standards and were a threat to the principles of democracy, transparency, accountability, and rights. The two laws have been used to curtail freedom of expression online and to arrest political opponents.</p><p>The Law Association of Zambia petitioned the High Court to declare provisions of the Cyber Crimes Act unconstitutional. The matter is pending in court.</p><p>On March 3, the Ministry of Technology and Science had welcomed the hosting of RightsCon 2026 when it met with the organizers and emphasized that the summit was consistent with Zambia’s national development agenda. It also reaffirmed the Zambian government’s commitment to collaborate with the organizers to ensure the successful hosting of the summit. According to some expected participants, the ministry had issued them official letters in February to support granting them visas to attend the conference.</p><p>A civil society activist involved in the RightsCon organizing committee in Lusaka told Human Rights Watch that the postponement came after the Chinese government had expressed displeasure to Zambian authorities about invited participants from Taiwan. A Zambian media outlet similarly reported that Zambian authorities were uncomfortable with the participation of “Taiwanese delegates who would potentially speak against China at a venue donated by the Chinese government.”</p><p>The Mulungushi Conference Center, which was to host the summit, was refurbished in 2020 with funding from the Chinese government at a reported cost of US$60 million. Zambian authorities at the time described the support as a “gift from […] China” with “no strings attached.” Human Rights Watch could not independently verify that China had a role in the government’s decision. Human Rights Watch requested comment from the Zambian government and the Chinese Embassy in Lusaka but did not receive an immediate response.</p><p>China is a major investor in Zambia, particularly in the mining sector, and Zambia is also part of China’s Belt and Road Initiative. Human Rights Watch has long documented abusive health, safety, and labor conditions associated with Chinese mining interests, some of which pose harm to residents. Despite repeated public concerns and calls for accountability, the Zambian government has for years shown little willingness to effectively regulate these operations.</p><p>The cancellation of RightsCon underscores the need for such events to be hosted in countries where the government openly embraces debate on human rights and supports fundamental freedoms, Human Rights Watch said.</p><p>“The human rights environment in Zambia has become increasingly hostile to perceived dissent, criticism, and political opposition to the government ahead of the 2026 elections,” Nassah said. “Zambian authorities should take all necessary steps to ensure that it allows for the free exercise of the rights to freedom of expression, association, and assembly and allows for civil society to meet in an environment free of government interference.”</p>",
        "link": "https://www.hrw.org/news/2026/05/01/zambia-summit-on-human-rights-technology-effectively-canceled",
        "severity": 2,
        "scraped_at": "2026-05-10T17:21:25.684719+00:00"
      }
    },
    {
      "type": "Feature",
      "geometry": {
        "type": "Point",
        "coordinates": [
          53.688,
          32.4279
        ]
      },
      "properties": {
        "id_hash": "4a89acbe4f64074bbd888711d79f7e98db27fed01ed6466e98b2d7e49ae3eb1c",
        "title": "Nepal: Balen Government Should Bring Human Rights Reforms",
        "summary": "Click to expand Image\n          \n\n\n\n  \n        \n  \n\n        \n                      \n      \n        \n              Nepal’s prime minister, Balendra Shah, takes the oath of office, Kathmandu, March 27, 2026.\n                    © 2026 Niranjan Shrestha/AP Photo \n          \n    \n\n\n  \n<p>(Geneva) –&nbsp;Nepal’s recently elected Rastriya Swatantra Party (RSP) government, led by Prime Minister Balendra Shah, which came to power on a wave of popular demands for change, should use this opportunity to bring lasting protections for human rights and the rule of law, Human Rights Watch, Amnesty International, and the International Commission of Jurists said in a&nbsp;letter to Shah published today.</p><p>The organizations made recommendations on 13 areas of human rights, including the transitional justice process, women and girl’s rights, the rights of Dalits and other minorities, the rights of migrant workers, lesbian, gay, bisexual, transgender, or intersex (LGBTI) rights, the right to housing, and freedom of expression and association. Some of the new government’s early actions—including the forced eviction of landless people from informal settlements and a proposed ordinance that would dilute the independence of the constitutional council in appointing judges and commissioners to constitutional bodies—appear to violate housing rights and due process protections and show an alarming disregard for procedure and the rule of law, the organizations said.</p><p>“The protests by young Nepalis were a demand to end entrenched inequities, and that can only be addressed with transparent and accountable governance,” said&nbsp;Elaine Pearson, Asia director at Human Rights Watch. “Many voters have high expectations that the RSP government will deliver real change, and to achieve that, it is crucial for the authorities to hold people accused of human rights violations and abuses and corruption to account in fair trials.”</p><p>Nepal’s new government won a landslide majority in a snap election in March 2026 after the previous government collapsed amid youth-led protests in September 2025, during which&nbsp;at least 76 people were killed, mostly unlawfully and by police, and which caused widespread damage to public and private property. The protests, sparked by a sweeping ban on social media sites,&nbsp;demanded an end to corruption and respect for human rights and the rule of law.</p><p>The cornerstone of building a culture of accountability should be ensuring a credible, effective, and timely transitional justice process that meets international legal standards to provide truth, accountability, and reparation, particularly for international humanitarian law violations and human rights violations and abuses that were committed during the 1996-2006 internal armed conflict, the groups said. Among those who have not yet received even interim relief are survivors of conflict-related sexual violence. Although the law relating to the transitional justice process was improved in certain aspects by&nbsp;amendments in 2024, shortcomings remain and the process has since stalled, after victims’ groups objected to the appointment of commissioners who they said lacked political independence or expertise.</p><p>“Victims and survivors of crimes that were committed during the conflict have waited far too long for justice, while the culture of impunity that took root in that period has contributed to ongoing violations, including the killing of Gen Z protesters,” said Mandira Sharma, director for the Asia and Pacific program at the International Commission of Jurists. “Completing the transitional justice process in line with international legal standards is crucial to building a rights respecting system under the rule of law.”</p><p>The organizations called for the authorities to bring those responsible for human rights violations during the Gen Z protest to justice, release unpublished official reports on previous incidents of lethal violence against popular movements dating back to 1990, and implement recommendations by the National Human Rights Commission to appropriately prosecute people against whom there is sufficient evidence of human rights abuses and violations amounting criminal conduct.</p><p>Women and girls in Nepal are at heightened risk of rights violations, including sexual violence, which the authorities have done too little to prevent or prosecute, the groups said. Despite being illegal, child marriage remains widespread. Dalits and members of other marginalized communities are also particularly at risk. Successive governments have failed to enforce the 2011 Caste-Based Discrimination and Untouchability (Offense and Punishment) Act or even collect data on caste-based crimes.</p><p>Despite Supreme Court rulings, officials have often failed to uphold LGBTI rights, including the right to same-sex marriage and the right of trans people to affirm their gender on official documents.</p><p>Nepal depends on the economic contributions of migrant workers, yet they often work&nbsp;in extreme heat and unsafe conditions and face exploitation and exorbitant recruitment fees. The organizations made specific recommendations for steps the government should take to protect migrant workers’ rights during the current crisis in the Persian Gulf, as well as important measures to protect their human rights more generally.</p><p>About 40 percent of Nepal’s population is under 18, but children receive only around 4 percent of the government’s social security budget. To help secure the welfare and rights of all Nepali children, the organizations recommend extending the successful&nbsp;Child Grant social security program, which is currently only available in 25 out of 77 districts. The groups also made recommendations about securing other social and economic rights, including the rights to health, education, and housing.</p><p>“The people of Nepal have demanded change, and that is what Balendra Shah and the RSP promised during the election campaign,” said Smriti Singh, South Asia director at Amnesty International. “Now the government needs to seize the opportunity and walk the talk to deliver real and lasting change built on respect for Nepal’s international human rights obligations.”</p>",
        "link": "https://www.hrw.org/news/2026/04/30/nepal-balen-government-should-bring-human-rights-reforms",
        "severity": 2,
        "scraped_at": "2026-05-10T17:21:25.685079+00:00"
      }
    },
    {
      "type": "Feature",
      "geometry": {
        "type": "Point",
        "coordinates": [
          -74.2973,
          4.5709
        ]
      },
      "properties": {
        "id_hash": "a70dd74697311c4ba8c8948d63f7d611a90695051c7372ffcb10023a48001bb7",
        "title": "Temblor hoy en Colombia | Sismo se registró en Cucunubá, Cundinamarca durante la mañana de este domingo",
        "summary": "El movimiento telúrico ocurrió en cercanías de Cucunubá y fue reportado por el Servicio Geológico Colombiano a las 08:40 de la mañana del 10 de mayo.",
        "link": "https://www.eltiempo.com/colombia/otras-ciudades/temblor-hoy-en-colombia-sismo-de-magnitud-3-1-se-registro-en-cucunuba-cundinamarca-durante-la-manana-de-este-domingo-3554583",
        "severity": 0,
        "scraped_at": "2026-05-10T17:21:27.716959+00:00"
      }
    },
    {
      "type": "Feature",
      "geometry": {
        "type": "Point",
        "coordinates": [
          -99.3172531,
          38.915304
        ]
      },
      "properties": {
        "id_hash": "8ba8ced88585b2117be15fc2ba42a7033ede35d3cb03fea515db881668955916",
        "title": "El Eln incineró un bus y dos camiones e instaló un explosivo en la vía entre Medellín y costa Caribe: así está el paso por este corredor vial",
        "summary": "En el sitio quedó una bandera de la insurgencia y un cilindro pintado con los colores de esta estructura.",
        "link": "https://www.eltiempo.com/colombia/medellin/el-eln-incinero-un-bus-y-dos-camiones-e-instalo-un-explosivo-en-la-via-entre-medellin-y-costa-caribe-asi-esta-el-paso-por-este-corredor-vial-3554553",
        "severity": 0,
        "scraped_at": "2026-05-10T17:21:29.106649+00:00"
      }
    },
    {
      "type": "Feature",
      "geometry": {
        "type": "Point",
        "coordinates": [
          -73.2459859,
          -39.8141262
        ]
      },
      "properties": {
        "id_hash": "f5011a19841481fd494c8974bc1b88da04c9b8cfb01069f9f38c84b57fe45ad2",
        "title": "Incineran bus y dos tractocamiones en zona rural de Valdivia, Antioquia: autoridades hallaron bandera del ELN",
        "summary": "Vehículos fueron quemados en el sector Crucesitas, en el norte de Antioquia. En el sitio también fue encontrado un artefacto explosivo improvisado.",
        "link": "https://www.eltiempo.com/colombia/medellin/incineran-bus-y-dos-tractocamiones-en-zona-rural-de-valdivia-antioquia-autoridades-hallaron-bandera-del-eln-3554549",
        "severity": 0,
        "scraped_at": "2026-05-10T17:21:31.798617+00:00"
      }
    },
    {
      "type": "Feature",
      "geometry": {
        "type": "Point",
        "coordinates": [
          -74.2973,
          4.5709
        ]
      },
      "properties": {
        "id_hash": "74959b9804e110df2bed3f38622b59aad755a09ad64acef9f2c53b97589313e0",
        "title": "El costo de vivir en las ciudades colombianas durante los últimos años: transporte, alimentos, vivienda y servicios públicos golpearon hogares",
        "summary": "Crisis la vivieron especialmente las urbes con inflación sostenida.",
        "link": "https://www.eltiempo.com/colombia/otras-ciudades/el-costo-de-vivir-en-las-ciudades-colombianas-durante-los-ultimos-anos-transporte-alimentos-vivienda-y-servicios-publicos-golpearon-hogares-3554502",
        "severity": 0,
        "scraped_at": "2026-05-10T17:21:31.798793+00:00"
      }
    },
    {
      "type": "Feature",
      "geometry": {
        "type": "Point",
        "coordinates": [
          103.378253,
          20.0171109
        ]
      },
      "properties": {
        "id_hash": "ee3b3da52299435bdc4ac628cf2344e144de59a0f1c756d85ffc9716c73538c3",
        "title": "'La Fuerza Pública retomó control en Potrerito, Jamundí, tras 4 ataques con explosivos desde drones a la Policía': Alcaldesa propone mesas al Gobierno",
        "summary": "Un uniformado quedó con herida leve, tras la nueva acción terrorista ocurrida este 9 de mayo, en las goteras de este municipio.",
        "link": "https://www.eltiempo.com/colombia/cali/la-fuerza-publica-retomo-control-en-potrerito-jamundi-tras-4-ataques-con-explosivos-desde-drones-a-la-policia-alcaldesa-propone-mesas-al-gobierno-3554493",
        "severity": 2,
        "scraped_at": "2026-05-10T17:21:33.230658+00:00"
      }
    }
  ]
}